accession	label	out_filename	old_pool	new_pool	best_qtm	n_helix_ok	helices	why
A0AAD6NK04	new_rescue	new_rescue__A0AAD6NK04__qtm0.199_nhel4.cif	discarded	non-canonical	0.199	4	a1(d=0.33,pl=71,H+) a2(d=0.24,pl=93,H+) a3(d=0.79,pl=91,H+) a4(d=0.63,pl=94,H+)	low-qTM rescue (riskiest); full 4/4 core M7 validated, cealign gate had cut it
A0A8J1TDZ8	new_rescue	new_rescue__A0A8J1TDZ8__qtm0.206_nhel4.cif	discarded	non-canonical	0.206	4	a1(d=0.47,pl=91,H+) a2(d=0.90,pl=98,H+) a3(d=1.12,pl=92,H+) a4(d=0.81,pl=98,H+)	low-qTM rescue (riskiest); full 4/4 core M7 validated, cealign gate had cut it
A0A0D3HYU6	new_rescue	new_rescue__A0A0D3HYU6__qtm0.218_nhel4.cif	discarded	non-canonical	0.218	4	a1(d=1.30,pl=81,H+) a2(d=1.24,pl=86,H+) a3(d=0.47,pl=88,H+) a4(d=0.40,pl=96,H+)	low-qTM rescue (riskiest); full 4/4 core M7 validated, cealign gate had cut it
R1D043	new_rescue	new_rescue__R1D043__qtm0.218_nhel4.cif	discarded	non-canonical	0.218	4	a1(d=1.30,pl=81,H+) a2(d=1.24,pl=86,H+) a3(d=0.47,pl=88,H+) a4(d=0.40,pl=96,H+)	low-qTM rescue (riskiest); full 4/4 core M7 validated, cealign gate had cut it
A0A8H5Q6G5	new_rescue	new_rescue__A0A8H5Q6G5__qtm0.682_nhel4.cif	discarded	non-canonical	0.682	4	a1(d=0.28,pl=96,H+) a2(d=0.33,pl=98,H+) a3(d=0.48,pl=80,H+) a4(d=0.54,pl=96,H+)	high-qTM rescue (control); full 4/4 core M7 validated, cealign gate had cut it
C8CHT1	new_rescue	new_rescue__C8CHT1__qtm0.990_nhel4.cif	discarded	non-canonical	0.990	4	a1(d=0.52,pl=72,H+) a2(d=0.13,pl=94,H+) a3(d=0.28,pl=98,H+) a4(d=0.59,pl=97,H+)	high-qTM rescue (control); full 4/4 core M7 validated, cealign gate had cut it
A0A8H8SYG4	new_discard	new_discard__A0A8H8SYG4__qtm0.639_nhel2.cif	noncanonical	discarded	0.639	2	a1(d=3.33,pl=58,Hx) a2(d=1.88,pl=37,Hx) a3(d=0.46,pl=98,H+) a4(d=0.77,pl=96,H+)	the motivating half-bundle (2/4)
B9VU65	new_discard	new_discard__B9VU65__qtm0.826_nhel3.cif	noncanonical	discarded	0.826	3	a1(d=4.19,pl=55,Hx) a2(d=0.33,pl=96,H+) a3(d=0.54,pl=99,H+) a4(d=0.31,pl=98,H+)	best-aligned cut (qTM 0.83) but only 3/4 helices
A0A8H6KE22	new_discard	new_discard__A0A8H6KE22__qtm0.777_nhel3.cif	noncanonical	discarded	0.777	3	a1(d=3.79,pl=53,Hx) a2(d=0.45,pl=88,H+) a3(d=0.23,pl=97,H+) a4(d=0.34,pl=96,H+)	best-aligned cut (qTM 0.78) but only 3/4 helices
A0AA39Q9J3	new_discard	new_discard__A0AA39Q9J3__qtm0.672_nhel3.cif	noncanonical	discarded	0.672	3	a1(d=1.91,pl=66,Hx) a2(d=0.32,pl=96,H+) a3(d=0.56,pl=96,H+) a4(d=0.35,pl=98,H+)	best-aligned cut (qTM 0.67) but only 3/4 helices
A0A2H3SXS3	new_discard	new_discard__A0A2H3SXS3__qtm0.662_nhel3.cif	noncanonical	discarded	0.662	3	a1(d=0.51,pl=94,H+) a2(d=0.39,pl=95,H+) a3(d=0.23,pl=92,H+) a4(d=3.16,pl=70,-x)	best-aligned cut (qTM 0.66) but only 3/4 helices
A0AA39J8P7	new_discard	new_discard__A0AA39J8P7__qtm0.654_nhel3.cif	noncanonical	discarded	0.654	3	a1(d=0.66,pl=84,H+) a2(d=1.15,pl=68,Hx) a3(d=0.68,pl=93,H+) a4(d=0.44,pl=89,H+)	best-aligned cut (qTM 0.65) but only 3/4 helices
A0A9N9TUY4	borderline_kept	borderline_kept__A0A9N9TUY4__qtm0.361_nhel4.cif	noncanonical	non-canonical	0.361	4	a1(d=0.32,pl=70,H+) a2(d=0.72,pl=94,H+) a3(d=0.34,pl=94,H+) a4(d=0.45,pl=97,H+)	weakest helix near threshold (tightness 0.007)
A0A914L211	borderline_kept	borderline_kept__A0A914L211__qtm0.389_nhel4.cif	noncanonical	non-canonical	0.389	4	a1(d=0.62,pl=77,H+) a2(d=0.28,pl=93,H+) a3(d=0.42,pl=70,H+) a4(d=0.47,pl=87,H+)	weakest helix near threshold (tightness 0.013)
A0A9P5BFG7	borderline_kept	borderline_kept__A0A9P5BFG7__qtm0.588_nhel4.cif	noncanonical	non-canonical	0.588	4	a1(d=0.68,pl=93,H+) a2(d=0.46,pl=96,H+) a3(d=0.75,pl=70,H+) a4(d=0.32,pl=95,H+)	weakest helix near threshold (tightness 0.013)
A0A5C3QBW9	borderline_kept	borderline_kept__A0A5C3QBW9__qtm0.611_nhel4.cif	noncanonical	non-canonical	0.611	4	a1(d=3.18,pl=70,H+) a2(d=0.65,pl=96,H+) a3(d=0.32,pl=98,H+) a4(d=0.30,pl=98,H+)	weakest helix near threshold (tightness 0.017)
A0A8H5ATU2	borderline_kept	borderline_kept__A0A8H5ATU2__qtm0.618_nhel4.cif	noncanonical	non-canonical	0.618	4	a1(d=0.70,pl=90,H+) a2(d=0.45,pl=97,H+) a3(d=1.03,pl=70,H+) a4(d=0.48,pl=95,H+)	weakest helix near threshold (tightness 0.017)
A0A420TE23	borderline_kept	borderline_kept__A0A420TE23__qtm0.629_nhel4.cif	noncanonical	non-canonical	0.629	4	a1(d=1.68,pl=71,H+) a2(d=3.49,pl=74,H+) a3(d=0.46,pl=97,H+) a4(d=0.53,pl=95,H+)	weakest helix near threshold (tightness 0.020)
A0A0V1JGZ6	borderline_discarded	borderline_discarded__A0A0V1JGZ6__qtm0.277_nhel3.cif	discarded	discarded	0.277	3	a1(d=0.98,pl=81,H+) a2(d=0.73,pl=89,H+) a3(d=2.05,pl=70,Hx) a4(d=0.48,pl=89,H+)	missing helix just failed (deficit 0.000)
A0AAW0QD99	borderline_discarded	borderline_discarded__A0AAW0QD99__qtm0.557_nhel3.cif	discarded	discarded	0.557	3	a1(d=0.68,pl=95,H+) a2(d=0.47,pl=91,H+) a3(d=0.31,pl=86,H+) a4(d=0.37,pl=70,Hx)	missing helix just failed (deficit 0.000)
A0ABR1TE19	borderline_discarded	borderline_discarded__A0ABR1TE19__qtm0.552_nhel3.cif	discarded	discarded	0.552	3	a1(d=0.58,pl=93,H+) a2(d=1.73,pl=70,Hx) a3(d=0.47,pl=95,H+) a4(d=0.57,pl=90,H+)	missing helix just failed (deficit 0.004)
A0A9P1GZG9	borderline_discarded	borderline_discarded__A0A9P1GZG9__qtm0.208_nhel3.cif	discarded	discarded	0.208	3	a1(d=0.37,pl=86,H+) a2(d=0.52,pl=85,H+) a3(d=0.43,pl=82,H+) a4(d=1.02,pl=69,Hx)	missing helix just failed (deficit 0.012)
A0A0V0UCI7	borderline_discarded	borderline_discarded__A0A0V0UCI7__qtm0.301_nhel3.cif	discarded	discarded	0.301	3	a1(d=1.27,pl=86,H+) a2(d=1.12,pl=92,H+) a3(d=1.82,pl=68,Hx) a4(d=0.35,pl=91,H+)	missing helix just failed (deficit 0.030)
A0A8H6ZT67	borderline_discarded	borderline_discarded__A0A8H6ZT67__qtm0.422_nhel3.cif	discarded	discarded	0.422	3	a1(d=1.34,pl=68,Hx) a2(d=1.95,pl=86,H+) a3(d=0.80,pl=93,H+) a4(d=0.78,pl=90,H+)	missing helix just failed (deficit 0.030)
