accession	status	af3_cu_index	af3_cu_x	af3_cu_y	af3_cu_z	af3_cu_plddt	n_metal3d_sites	n_metal3d_cu_sites	closest_metal3d_dist	closest_metal3d_prob	closest_metal3d_element	closest_cu_dist	closest_cu_prob	error
A0A8H5JJT6	ok	1	2.33	-5.65	1.95	74.2	22	2	0.34	0.930	CU	0.34	0.930	
A0A8H5JJT6	ok	2	3.03	-13.41	6.05	48.2	22	2	4.64	0.740	ZN	6.09	0.620	
A0A8H5LTK0	ok	1	-0.46	-3.66	6.26	72.3	42	3	1.21	0.920	CU	1.21	0.920	
A0A8H5LTK0	ok	2	-3.01	-2.68	9.14	72.7	42	3	1.66	0.760	CU	1.66	0.760	
A0A8H5MMZ8	ok	1	0.06	5.11	-6.03	67.9	11	1	0.83	1.000	CU	0.83	1.000	
A0A8H5MMZ8	ok	2	3.71	14.32	8.24	56.8	11	1	2.15	0.240	X	17.27	1.000	
A0A8H5NYQ1	ok	1	0.15	2.12	-6.99	74.4	21	1	0.37	0.840	CU	0.37	0.840	
A0A8H5NYQ1	ok	2	8.47	8.77	7.03	40.5	21	1	9.92	0.160	X	17.60	0.840	
A0A8H5P1N5	ok	1	-5.43	-3.62	2.41	50.7	50	1	0.60	0.990	CU	0.60	0.990	
A0A8H5P1N5	ok	2	-5.53	-6.02	3.89	22.5	50	1	3.32	0.990	CU	3.32	0.990	
A0A8H5P6M4	ok	1	4.80	-2.02	3.32	80.1	37	3	0.83	0.950	CU	0.83	0.950	
A0A8H5P6M4	ok	2	6.93	-4.96	4.02	51.2	37	3	0.71	0.740	CU	0.71	0.740	
A0A8H5PVK3	ok	1	-3.69	5.64	4.24	77.0	14	0	2.26	0.190	X			
A0A8H5PVK3	ok	2	-2.96	-11.96	2.02	47.5	14	0	7.17	0.500	X			
A0A8H5XH25	ok	1	3.11	-7.46	-1.24	84.6	26	2	0.68	0.660	CU	0.68	0.660	
A0A8H5XH25	ok	2	-5.40	-9.48	1.85	34.7	26	2	7.85	0.590	CU	7.85	0.590	
A0A8H5YY21	ok	1	-4.78	1.47	-6.21	72.9	37	1	0.90	0.550	CU	0.90	0.550	
A0A8H5YY21	ok	2	-5.52	4.09	-9.01	26.8	37	1	4.11	0.260	X	4.77	0.550	
A0A8H6ARC5	ok	1	-11.87	-4.25	-26.11	62.3	43	1	1.74	0.880	CU	1.74	0.880	
A0A8H6ARC5	ok	2	-14.36	-4.18	-27.04	29.2	43	1	1.51	0.880	CU	1.51	0.880	
A0A8H6FJX5	ok	1	3.93	-1.81	5.23	90.4	26	2	0.53	0.950	CU	0.53	0.950	
A0A8H6FJX5	ok	2	0.10	-16.39	25.62	58.1	26	2	4.91	0.150	X	25.44	0.950	
A0A8H6JAR9	ok	1	5.59	3.16	-3.65	59.4	23	5	1.09	0.260	CU	1.09	0.260	
A0A8H6JAR9	ok	2	1.13	1.66	-4.87	59.6	23	5	1.34	0.410	CU	1.34	0.410	
A0A8H6NF46	ok	1	-2.84	-0.65	-2.65	84.0	21	1	0.32	0.290	CU	0.32	0.290	
A0A8H6NF46	ok	2	-3.08	-1.31	-6.69	30.1	21	1	4.39	0.290	CU	4.39	0.290	
A0A8H6Z6D1	ok	1	2.97	-1.02	6.81	75.5	17	0	1.45	0.400	ZN			
A0A8H6Z6D1	ok	2	-0.29	-2.83	4.84	44.8	17	0	4.19	0.400	ZN			
A0A8H6ZT67	ok	1	3.53	-1.13	1.82	86.8	16	1	2.15	0.110	CU	2.15	0.110	
A0A8H6ZT67	ok	2	6.38	-0.27	-1.17	65.8	16	1	5.60	0.150	X	6.26	0.110	
A0A8H7EHY5	ok	1	10.76	2.44	-6.61	54.9	45	1	1.26	0.500	CU	1.26	0.500	
A0A8H7EHY5	ok	2	12.26	1.94	-6.98	47.8	45	1	0.96	0.500	CU	0.96	0.500	
A0A8H7ELB7	ok	1	5.35	-2.98	-1.44	90.7	20	3	2.69	0.370	CU	2.69	0.370	
A0A8H7ELB7	ok	2	7.34	-2.74	1.49	82.6	20	3	0.90	0.370	CU	0.90	0.370	
A0A8H7HEZ9	ok	1	0.15	-0.26	4.00	78.2	19	2	0.47	0.930	CU	0.47	0.930	
A0A8H7HEZ9	ok	2	-1.76	-4.18	4.54	31.4	19	2	4.11	0.930	CU	4.11	0.930	
A0A8H7HPJ6	ok	1	-1.13	-4.97	2.19	57.3	16	2	0.93	0.820	CU	0.93	0.820	
A0A8H7HPJ6	ok	2	2.05	-7.12	1.49	41.7	16	2	1.29	0.940	CU	1.29	0.940	
A0A8H7HZX6	ok	1	0.15	-1.39	-5.16	83.5	28	2	0.70	0.780	CU	0.70	0.780	
A0A8H7HZX6	ok	2	-12.51	3.60	-20.66	75.0	28	2	3.93	0.140	X	20.16	0.430	
A0A8H7LQM8	ok	1	2.49	-2.42	-3.46	75.3	22	2	0.87	0.970	CU	0.87	0.970	
A0A8H7LQM8	ok	2	6.72	-11.95	-1.70	33.7	22	2	10.71	0.970	CU	10.71	0.970	
A0A8H7TEA9	ok	1	1.42	-7.07	1.35	88.1	22	1	0.73	0.940	CU	0.73	0.940	
A0A8H7TEA9	ok	2	0.63	-8.05	-2.46	61.1	22	1	2.88	0.890	ZN	4.72	0.940	
A0A8H8P2A6	ok	1	0.54	1.01	0.46	80.1	69	2	1.36	0.820	CU	1.36	0.820	
A0A8H8P2A6	ok	2	14.44	-22.69	-25.47	46.8	69	2	3.03	0.170	X	36.07	0.800	
A0A8H8P8S1	ok	1	-2.38	-3.82	4.17	78.6	16	1	0.30	0.990	CU	0.30	0.990	
A0A8H8P8S1	ok	2	-7.33	14.15	4.25	78.1	16	1	1.70	0.130	X	18.53	0.990	
A0A8H8SYG4	ok	1	-4.51	-4.82	6.34	95.8	16	0	0.49	0.960	ZN			
A0A8H8SYG4	ok	2	-1.78	-3.91	8.77	51.8	16	0	3.33	0.960	ZN			
A0A8J2HVH7	ok	1	-1.13	8.62	-13.67	61.0	25	2	0.88	0.930	CU	0.88	0.930	
A0A8J2HVH7	ok	2	-3.34	6.78	-12.08	49.5	25	2	1.51	0.410	CU	1.51	0.410	
A0A8J5F0F4	ok	1	-4.07	-2.90	-3.35	32.9	32	0	1.16	0.100	X			
A0A8J5F0F4	ok	2	-4.35	-5.63	-5.12	13.7	32	0	3.18	0.100	X			
A0A8J5I947	ok	1	-1.89	-16.60	-4.19	73.2	13	1	0.52	0.960	CU	0.52	0.960	
A0A8J5I947	ok	2	-1.98	-17.08	-7.26	35.7	13	1	3.17	0.960	CU	3.17	0.960	
A0A8J5M1B8	ok	1	9.12	1.95	3.25	72.5	38	1	0.57	0.850	CU	0.57	0.850	
A0A8J5M1B8	ok	2	6.94	-1.99	-0.91	45.4	38	1	1.65	0.160	X	5.58	0.850	
A0A8K0F103	ok	1	-3.79	0.26	3.06	66.0	20	0	0.55	0.160	X			
A0A8K0F103	ok	2	0.98	-1.05	1.84	43.3	20	0	4.62	0.160	X			
A0A8K0RYL6	ok	1	-7.84	6.66	2.73	78.2	31	2	0.18	0.900	CU	0.18	0.900	
A0A8K0RYL6	ok	2	-12.88	8.79	12.97	18.5	31	2	6.40	0.190	X	11.55	0.620	
A0A8K0S5N6	ok	1	-2.19	1.81	-6.51	95.0	12	2	0.54	0.980	CU	0.54	0.980	
A0A8K0S5N6	ok	2	-5.60	3.00	-4.42	90.0	12	2	1.17	0.850	CU	1.17	0.850	
A0A8K0SEI0	ok	1	-1.89	2.08	3.93	95.2	19	1	0.43	0.580	CU	0.43	0.580	
A0A8K0SEI0	ok	2	-0.51	-1.71	27.27	75.6	19	1	10.31	0.110	X	23.99	0.580	
