sequence_id	n_cu	last_his_seqid	has_blocker	blocker_resname	blocker_seqid	blocker_cu_dist	n_helical	n_arom_past_his	n_arom_near_cu	all_arom_near
A0A024FZ14_taxID_65357_model	2	273	True	PHE	501	4.97	3	25	2	PHE501:5.0;PHE497:7.6
A0A024GPM3_taxID_65357_model	2	248	True	PHE	488	4.77	3	29	1	PHE488:4.8
A0A024T9U4_taxID_157072_model	2	378	True	PHE	572	5.38	3	20	1	PHE572:5.4
A0A024TMR4_taxID_157072_model	2	261	True	PHE	469	4.77	2	28	2	PHE469:4.8;PHE465:7.4
A0A024TN69_taxID_157072_model	2	253	True	PHE	464	4.26	2	29	1	PHE464:4.3
A0A024UGQ1_taxID_157072_model_A	2	448	True	PHE	554	4.34	0	13	1	PHE554:4.3
A0A024UNS3_taxID_157072_model	2	360	True	TRP	552	4.64	3	19	2	TRP552:4.6;PHE548:7.8
A0A024URD5_taxID_157072_model	2	260	True	TRP	454	4.11	3	19	1	TRP454:4.1
A0A067BLT8_taxID_695850_model	2	256	True	PHE	430	4.60	3	26	1	PHE430:4.6
A0A067BTT5_taxID_695850_model	2	261	True	PHE	443	4.79	1	26	1	PHE443:4.8
A0A067BUS0_taxID_695850_model	2	263	True	PHE	449	4.97	3	28	2	PHE449:5.0;PHE445:7.8
A0A067BX73_taxID_695850_model	2	255	True	PHE	431	4.26	3	27	1	PHE431:4.3
A0A067BZH5_taxID_695850_model	2	256	True	PHE	442	4.15	3	26	1	PHE442:4.1
A0A067C631_taxID_695850_model	2	255	True	PHE	453	4.53	3	31	1	PHE453:4.5
A0A067CPX4_taxID_695850_model	2	243	True	TRP	421	4.45	3	19	1	TRP421:4.4
A0A067CT24_taxID_695850_model	2	255	False					18	0	
A0A067CXC8_taxID_695850_model	2	388	True	TRP	592	4.08	3	22	2	TRP592:4.1;PHE588:7.6
A0A067CZT6_taxID_695850_model_A	2	269	True	TRP	455	4.75	3	21	1	TRP455:4.7
A0A080Z0A1_taxID_1317066_model	2	255	True	PHE	465	5.09	3	30	2	PHE465:5.1;PHE461:7.2
A0A080ZC48_taxID_1317066_model	2	0	True	TRP	182	5.02	0	41	1	TRP182:5.0
A0A080ZC49_taxID_1317066_model	2	0	True	TRP	137	5.28	0	38	1	TRP137:5.3
A0A080ZVP8_taxID_1317066_model	2	263	True	TRP	453	4.33	3	35	2	TRP453:4.3;PHE449:7.9
A0A080ZVP9_taxID_1317066_model	2	504	True	TRP	508	4.31	8	3	1	TRP508:4.3
A0A080ZVS2_taxID_1317066_model	2	269	True	TRP	512	4.22	3	31	1	TRP512:4.2
A0A080ZVS5_taxID_1317066_model	2	249	True	TRP	568	4.22	3	35	1	TRP568:4.2
A0A080ZVS7_taxID_1317066_model	2	249	True	TRP	511	4.28	3	27	1	TRP511:4.3
A0A081AHF5_taxID_1317066_model	2	301	True	PHE	519	4.37	3	26	2	PHE519:4.4;PHE515:6.8
A0A081AVN2_taxID_1317066_model	2	260	True	PHE	468	4.80	3	39	2	PHE468:4.8;PHE464:7.0
A0A081AZP8_taxID_1317066_model	2	260	True	PHE	467	4.96	3	23	2	PHE467:5.0;PHE463:7.4
A0A0A7CLT5_taxID_74557_model_A	2	246	True	TRP	425	4.43	3	21	1	TRP425:4.4
A0A0A7CM13_taxID_74557_model_A	2	264	True	TRP	462	4.17	3	24	1	TRP462:4.2
A0A0A7CM93_taxID_74557_model	2	259	True	TYR	451	4.35	1	21	1	TYR451:4.4
A0A0A7CMA7_taxID_1202772_model	2	263	True	TRP	459	4.42	3	18	1	TRP459:4.4
A0A0A7CMC8_taxID_74557_model	2	252	True	PHE	464	4.89	3	31	2	PHE464:4.9;PHE460:7.6
A0A0A7CN79_taxID_1202772_model_A	2	278	True	TRP	456	4.37	3	21	1	TRP456:4.4
A0A0A7CNE6_taxID_1202772_model_A	2	246	True	TRP	444	4.43	3	20	1	TRP444:4.4
A0A0A7CNM6_taxID_1202772_model	2	250	False					21	0	
A0A0A7CNP6_taxID_1202772_model_A	2	249	True	TRP	430	4.44	3	17	1	TRP430:4.4
A0A0P1AML5_taxID_4781_model	2	251	True	PHE	458	4.77	3	32	2	PHE458:4.8;PHE454:7.0
A0A0P1ANE6_taxID_4781_model	2	445	True	TYR	449	4.24	5	4	1	TYR449:4.2
A0A0P1AW40_taxID_4781_model	2	248	True	TRP	486	4.31	3	26	1	TRP486:4.3
A0A0P1AY18_taxID_4781_model	2	248	True	TRP	487	4.29	2	27	1	TRP487:4.3
A0A0P1AY43_taxID_4781_model	2	246	True	TRP	604	4.28	3	32	1	TRP604:4.3
A0A0P1B2I3_taxID_4781_model	2	294	True	PHE	518	4.55	3	26	2	PHE518:4.6;PHE514:6.8
A0A0W8AY19_taxID_4792_model	2	165	False					27	0	
A0A0W8BY92_taxID_4792_model	2	301	True	PHE	519	4.40	3	26	2	PHE519:4.4;PHE515:6.8
A0A0W8C3P5_taxID_4792_model	2	249	True	TRP	511	4.23	3	27	1	TRP511:4.2
A0A0W8C3R7_taxID_4792_model	2	443	True	TRP	447	3.72	8	3	1	TRP447:3.7
A0A0W8CBY9_taxID_4792_model	2	263	True	TRP	453	4.31	3	35	2	TRP453:4.3;PHE449:7.9
A0A0W8CFP1_taxID_4792_model	2	201	True	PHE	408	4.72	3	24	2	PHE408:4.7;PHE404:7.2
A0A0W8CSU7_taxID_4792_model	2	198	True	TRP	460	4.13	3	27	1	TRP460:4.1
A0A0W8DAM1_taxID_4792_model	2	336	True	PHE	605	7.91	6	49	1	PHE605:7.9
A0A0W8DI56_taxID_4792_model	2	248	True	TRP	491	4.17	3	31	1	TRP491:4.2
A0A0W8DVC6_taxID_4792_model	2	255	True	PHE	465	5.00	3	30	2	PHE465:5.0;PHE461:7.2
A0A1V9Y4A2_taxID_1202772_model	2	244	True	TRP	451	4.03	3	28	2	TRP451:4.0;PHE447:8.0
A0A1V9Y4B3_taxID_1202772_model	2	196	True	TRP	400	4.40	3	22	1	TRP400:4.4
A0A1V9Y543_taxID_74557_model	2	288	True	TRP	490	4.04	3	28	2	TRP490:4.0;PHE486:7.6
A0A1V9Y5I4_taxID_1202772_model	2	237	True	TRP	443	4.35	4	22	1	TRP443:4.4
A0A1V9Y9H5_taxID_1202772_model	2	281	True	TRP	476	4.49	3	23	1	TRP476:4.5
A0A1V9YEM7_taxID_1202772_model	2	290	True	PHE	476	4.86	3	27	2	PHE476:4.9;PHE472:7.5
A0A1V9YSU1_taxID_74557_model	2	198	True	TRP	378	7.01	3	23	1	TRP378:7.0
A0A1V9YY26_taxID_1202772_model	2	250	False					22	0	
A0A1V9YYD2_taxID_1202772_model_A	2	263	True	TRP	459	4.38	3	19	1	TRP459:4.4
A0A1V9Z4B6_taxID_1202772_model	2	324	False					18	0	
A0A1V9Z5U0_taxID_1202772_model	2	212	True	TRP	399	4.68	3	22	1	TRP399:4.7
A0A1V9ZFX4_taxID_74557_model	2	245	True	PHE	507	4.31	2	33	1	PHE507:4.3
A0A1V9ZS86_taxID_74557_model	2	253	True	PHE	444	4.67	3	30	2	PHE444:4.7;PHE440:8.0
A0A1V9ZSP1_taxID_74557_model	2	252	True	PHE	451	4.76	3	30	2	PHE451:4.8;PHE447:7.8
A0A225W8Z8_taxID_4795_model	2	255	True	PHE	521	5.38	3	37	2	PHE521:5.4;PHE517:7.6
A0A225WDY0_taxID_4795_model	2	250	True	TRP	494	4.62	3	27	1	TRP494:4.6
A0A225WTA2_taxID_4795_model	2	255	True	PHE	521	5.25	3	37	2	PHE521:5.2;PHE517:7.6
A0A225WXL0_taxID_4795_model	2	274	True	TRP	518	4.43	3	30	1	TRP518:4.4
A0A225WXR8_taxID_4795_model	2	250	True	TRP	495	4.21	3	31	1	TRP495:4.2
A0A225WZW1_taxID_4795_model	2	493	True	TRP	497	4.20	8	3	1	TRP497:4.2
A0A225X002_taxID_4795_model	2	262	True	TRP	479	5.83	3	46	1	TRP479:5.8
A0A225X068_taxID_4795_model	2	199	True	PHE	413	5.15	3	28	2	PHE413:5.2;TYR409:6.0
A0A225X0D9_taxID_4795_model	2	202	True	PHE	418	4.89	3	37	2	PHE418:4.9;PHE414:6.8
A0A225X3J0_taxID_4795_model	2	267	True	PHE	485	4.46	3	25	2	PHE485:4.5;PHE481:6.9
A0A2P4WXD3_taxID_4796_model	2	264	True	PHE	486	4.42	3	25	2	PHE486:4.4;PHE482:6.8
A0A2P4WZ59_taxID_4796_model	2	201	True	PHE	412	5.02	3	28	2	PHE412:5.0;PHE408:7.0
A0A2P4X136_taxID_4796_model	2	244	True	PHE	466	4.39	3	25	2	PHE466:4.4;PHE462:6.7
A0A2P4XDL9_taxID_4796_model	2	198	True	TYR	409	5.83	6	28	2	TYR409:5.8;PHE413:6.1
A0A2P4XQG5_taxID_4796_model	2	263	False					17	0	
A0A2P4YG47_taxID_4796_model	2	215	True	TRP	460	4.22	3	30	1	TRP460:4.2
A0A2P4YVC3_taxID_4796_model	2	226	True	TRP	471	4.29	3	29	1	TRP471:4.3
A0A329RFR8_taxID_29920_model	2	259	True	PHE	469	4.96	3	28	2	PHE469:5.0;PHE465:7.2
A0A329RSP7_taxID_29920_model	2	271	True	PHE	490	4.26	3	26	2	PHE490:4.3;PHE486:6.7
A0A329S496_taxID_29920_model	2	260	True	PHE	467	5.03	3	26	2	PHE467:5.0;PHE463:7.4
A0A329SB08_taxID_29920_model	2	0	True	TRP	183	4.67	0	40	1	TRP183:4.7
A0A329SV65_taxID_29920_model	2	265	True	PHE	473	4.83	3	37	2	PHE473:4.8;PHE469:7.0
A0A329SVM1_taxID_29920_model	2	248	True	TRP	491	4.30	3	31	1	TRP491:4.3
A0A329SVM9_taxID_29920_model	2	263	True	TRP	456	4.37	3	35	2	TRP456:4.4;PHE452:7.8
A0A329SW91_taxID_29920_model	2	510	True	TRP	514	3.80	8	4	1	TRP514:3.8
A0A329SX06_taxID_29920_model	2	249	True	TRP	516	4.24	3	22	1	TRP516:4.2
A0A329SXL2_taxID_29920_model	2	249	True	TRP	552	4.12	3	33	1	TRP552:4.1
A0A397A491_taxID_112090_model	2	199	True	TRP	388	4.22	4	21	1	TRP388:4.2
A0A397AFH0_taxID_112090_model	2	211	True	PHE	405	4.66	3	29	2	PHE405:4.7;PHE401:7.9
A0A397AG26_taxID_112090_model	2	243	True	TRP	438	4.37	3	20	2	TRP438:4.4;PHE434:8.0
A0A397AKU1_taxID_112090_model	2	237	True	TRP	436	4.48	3	20	1	TRP436:4.5
A0A397AX90_taxID_112090_model	2	222	True	TRP	417	4.71	3	19	1	TRP417:4.7
A0A397AZ25_taxID_112090_model_A	2	222	True	TRP	412	4.39	3	21	1	TRP412:4.4
A0A397B6C8_taxID_112090_model_A	2	345	False					9	0	
A0A397BKS3_taxID_112090_model	2	237	False					6	0	
A0A397BLC7_taxID_112090_model	2	268	True	TRP	457	4.15	4	21	1	TRP457:4.2
A0A397BPY8_taxID_112090_model	2	243	True	TRP	438	4.53	3	20	1	TRP438:4.5
A0A397BTP2_taxID_112090_model	2	256	True	TRP	454	4.38	3	21	1	TRP454:4.4
A0A397BYR1_taxID_112090_model_A	2	209	True	TRP	399	4.42	3	21	1	TRP399:4.4
A0A397C8W8_taxID_112090_model	2	187	True	TRP	385	6.69	1	23	1	TRP385:6.7
A0A397CBI6_taxID_112090_model	2	302	True	TRP	500	4.32	3	21	1	TRP500:4.3
A0A397CCK8_taxID_112090_model	2	268	True	TRP	457	4.25	4	21	1	TRP457:4.2
A0A397CDV6_taxID_112090_model	2	200	True	TRP	395	4.39	3	19	2	TRP395:4.4;PHE391:7.9
A0A397CWG7_taxID_112090_model_A	2	209	True	TRP	399	4.41	3	21	1	TRP399:4.4
A0A397D945_taxID_112090_model	2	347	True	TRP	536	4.14	4	21	1	TRP536:4.1
A0A397DFP7_taxID_112090_model_A	2	209	True	TRP	399	4.39	3	21	1	TRP399:4.4
A0A397DKV6_taxID_112090_model	2	202	True	TRP	397	4.49	3	19	2	TRP397:4.5;PHE393:8.0
A0A397DLJ2_taxID_112090_model	2	256	False					7	0	
A0A397E0H7_taxID_112090_model	2	237	False					5	0	
A0A397E0M5_taxID_112090_model	2	243	True	TRP	438	4.35	3	20	2	TRP438:4.4;PHE434:8.0
A0A397EM03_taxID_112090_model	2	457	True	TRP	652	4.41	3	17	2	TRP652:4.4;PHE648:7.9
A0A397EQT5_taxID_112090_model_A	2	209	True	TRP	399	4.39	3	21	1	TRP399:4.4
A0A397EYH3_taxID_112090_model	2	237	False					6	0	
A0A397EYN3_taxID_112090_model	2	342	True	PHE	536	5.58	3	22	1	PHE536:5.6
A0A397FG37_taxID_112090_model	2	268	False					8	0	
A0A397FVJ8_taxID_112090_model	2	202	True	TRP	397	4.33	3	19	1	TRP397:4.3
A0A397FW62_taxID_112090_model_A	2	222	True	TRP	396	4.38	3	19	2	TRP396:4.4;PHE392:8.0
A0A397FW77_taxID_112090_model	2	454	True	TRP	643	4.22	4	21	1	TRP643:4.2
A0A3F2RCF2_taxID_325452_model	2	251	True	TRP	516	4.00	3	29	2	TRP516:4.0;PHE518:7.1
A0A3F2RD80_taxID_325452_model	2	266	True	PHE	478	5.64	3	31	2	PHE478:5.6;TYR474:5.7
A0A3F2RED1_taxID_325452_model	2	263	True	TRP	416	4.07	3	30	2	TRP416:4.1;PHE412:7.6
A0A3F2RHN5_taxID_325452_model	2	237	True	PHE	506	5.58	3	42	2	PHE506:5.6;PHE502:7.7
A0A3F2RSS3_taxID_325452_model	2	256	True	PHE	465	5.38	3	32	2	PHE465:5.4;TYR461:5.9
A0A3F2RUY6_taxID_325452_model	2	181	True	TRP	464	4.41	3	32	1	TRP464:4.4
A0A3F2RYX7_taxID_325452_model	2	132	True	TRP	149	4.74	0	29	1	TRP149:4.7
A0A3F2S5I7_taxID_325452_model	2	215	False					17	0	
A0A3M6VLC9_taxID_542832_model	2	458	False					3	0	
A0A3M6VMD3_taxID_542832_model	2	267	True	PHE	489	4.38	3	25	2	PHE489:4.4;PHE485:6.8
A0A3M6VTR1_taxID_542832_model	2	250	True	TRP	494	4.47	3	23	1	TRP494:4.5
A0A3M6VVA3_taxID_542832_model	2	250	True	TRP	579	4.18	3	30	1	TRP579:4.2
A0A3R6VQU0_taxID_157072_model	2	376	True	PHE	570	5.48	3	20	1	PHE570:5.5
A0A3R6VR99_taxID_157072_model	2	348	True	PHE	543	5.38	3	20	1	PHE543:5.4
A0A3R6WJ77_taxID_112090_model	2	237	True	TRP	436	4.43	3	20	1	TRP436:4.4
A0A3R6WTM7_taxID_112090_model_A	2	209	True	TRP	399	4.43	3	21	1	TRP399:4.4
A0A3R6X6W7_taxID_112090_model	2	243	True	TRP	438	4.28	3	16	2	TRP438:4.3;PHE434:7.7
A0A3R6XAD8_taxID_112090_model	2	346	True	PHE	540	5.55	3	22	1	PHE540:5.6
A0A3R6YR15_taxID_157072_model	2	171	True	PHE	415	4.71	0	27	3	PHE415:4.7;PHE213:4.9;PHE189:5.4
A0A3R6ZA35_taxID_112090_model	2	344	True	TRP	545	4.50	3	19	2	TRP545:4.5;PHE541:7.9
A0A3R7BWT8_taxID_112090_model	2	202	True	TRP	397	4.25	3	19	2	TRP397:4.3;PHE393:7.9
A0A3R7BYJ9_taxID_112090_model	2	237	False					9	0	
A0A3R7CD36_taxID_112090_model_A	2	222	True	TRP	412	4.42	3	21	1	TRP412:4.4
A0A3R7CFL8_taxID_112090_model	2	347	True	TRP	536	4.28	3	21	1	TRP536:4.3
A0A3R7DAX5_taxID_112090_model_A	2	302	False					7	0	
A0A3R7E8Z5_taxID_112090_model	2	367	True	TRP	562	4.46	3	20	2	TRP562:4.5;PHE558:8.0
A0A3R7ES38_taxID_112090_model	2	389	True	TRP	587	4.32	3	21	1	TRP587:4.3
A0A3R7FX46_taxID_325452_model	2	0	True	TRP	137	4.68	0	42	1	TRP137:4.7
A0A3R7GQK8_taxID_325452_model	2	215	True	TRP	454	4.38	3	30	1	TRP454:4.4
A0A3R7GVA7_taxID_325452_model	2	203	True	PHE	412	5.31	3	32	2	PHE412:5.3;TYR408:5.9
A0A3R7JUU1_taxID_325452_model	2	131	True	PHE	400	5.60	3	42	2	PHE400:5.6;PHE396:7.7
A0A3R7MJX7_taxID_325452_model	2	251	True	TRP	427	4.10	3	19	2	TRP427:4.1;PHE429:7.2
A0A3R7WGA7_taxID_112090_model_A	2	414	True	TRP	604	4.24	3	21	1	TRP604:4.2
A0A3R7WVT5_taxID_112090_model	2	237	False					10	0	
A0A3R7X123_taxID_112090_model	2	351	True	TRP	549	4.28	3	22	1	TRP549:4.3
A0A3R7YVR4_taxID_112090_model	2	350	True	PHE	544	5.51	3	22	1	PHE544:5.5
A0A3R7ZIF7_taxID_112090_model	2	362	True	TRP	557	4.39	3	18	2	TRP557:4.4;PHE553:8.0
A0A418AJY7_taxID_157072_model	2	358	True	PHE	552	5.39	3	20	1	PHE552:5.4
A0A418BYI3_taxID_112090_model	2	237	True	TRP	436	4.44	3	19	1	TRP436:4.4
A0A418CC15_taxID_112090_model	2	347	True	TRP	536	4.18	4	21	1	TRP536:4.2
A0A418D139_taxID_112090_model	2	290	True	TRP	488	4.30	3	21	1	TRP488:4.3
A0A418E6Z8_taxID_112090_model_A	2	209	True	TRP	399	4.39	3	21	1	TRP399:4.4
A0A418FGP4_taxID_112090_model	2	202	True	TRP	397	4.41	3	19	1	TRP397:4.4
A0A421ESP4_taxID_325452_model	2	267	True	TRP	583	4.16	3	32	1	TRP583:4.2
A0A421F565_taxID_325452_model	2	181	False					14	0	
A0A421F7P8_taxID_325452_model	2	215	False					17	0	
A0A421G844_taxID_325452_model	2	263	True	PHE	475	5.86	3	31	2	PHE475:5.9;TYR471:5.9
A0A421GCW4_taxID_325452_model	2	184	True	TRP	500	4.16	3	32	1	TRP500:4.2
A0A421GKS4_taxID_325452_model	2	266	True	PHE	478	5.62	3	32	2	PHE478:5.6;TYR474:5.7
A0A421GP30_taxID_325452_model	2	181	True	TRP	464	4.38	3	32	1	TRP464:4.4
A0A425CIB3_taxID_542832_model	2	250	True	TRP	579	4.18	3	30	1	TRP579:4.2
A0A425CLB8_taxID_542832_model	2	458	False					3	0	
A0A425D2Q0_taxID_112090_model	2	211	True	PHE	405	4.02	3	29	1	PHE405:4.0
A0A425DJS3_taxID_112090_model	2	202	True	TRP	397	4.32	3	20	2	TRP397:4.3;PHE393:7.9
A0A485K5B3_taxID_120398_model	2	356	True	TRP	542	4.06	3	19	1	TRP542:4.1
A0A485K5I4_taxID_120398_model	2	268	True	TRP	457	4.34	3	21	2	TRP457:4.3;PHE453:7.8
A0A485K9M7_taxID_120398_model	2	337	True	TRP	528	4.69	3	21	1	TRP528:4.7
A0A485KAJ9_taxID_120398_model	2	447	True	TRP	637	4.33	3	20	1	TRP637:4.3
A0A485KB07_taxID_120398_model_A	2	422	True	TRP	610	4.32	3	19	1	TRP610:4.3
A0A485KBW3_taxID_120398_model	2	301	True	TRP	514	4.21	3	36	1	TRP514:4.2
A0A485KPS2_taxID_120398_model	2	584	False					1	0	
A0A485KPU0_taxID_120398_model	2	351	True	PHE	573	4.08	2	27	1	PHE573:4.1
A0A485KQE4_taxID_120398_model	2	251	True	PHE	465	4.47	2	24	1	PHE465:4.5
A0A485KTR0_taxID_120398_model	2	268	True	PHE	490	4.20	3	32	1	PHE490:4.2
A0A485KUM6_taxID_120398_model	2	289	True	PHE	516	4.28	3	35	1	PHE516:4.3
A0A485KVJ9_taxID_120398_model	2	280	True	PHE	494	4.25	3	36	1	PHE494:4.2
A0A485L799_taxID_120398_model	2	217	True	TRP	406	4.33	3	20	1	TRP406:4.3
A0A485L7D7_taxID_120398_model	2	199	True	TRP	394	4.50	3	18	1	TRP394:4.5
A0A485LB67_taxID_120398_model	2	365	True	PHE	577	4.59	2	28	1	PHE577:4.6
A0A485LBT7_taxID_120398_model	2	299	True	PHE	515	4.49	2	28	2	PHE515:4.5;PHE511:6.8
A0A485LCG2_taxID_120398_model	2	310	True	PHE	524	4.40	2	26	2	PHE524:4.4;PHE520:6.7
A0A485LCV6_taxID_120398_model	2	261	True	PHE	477	4.98	2	32	2	PHE477:5.0;PHE473:7.0
A0A485LJ45_taxID_120398_model	2	265	True	TRP	458	4.56	3	20	1	TRP458:4.6
A0A485LNI1_taxID_120398_model	2	429	True	TRP	617	4.53	3	18	1	TRP617:4.5
A0A485LSG3_taxID_120398_model	2	266	True	TRP	452	4.24	3	18	1	TRP452:4.2
A0A485LWG8_taxID_120398_model	2	419	True	TRP	607	4.56	3	18	1	TRP607:4.6
A0A6A3DEX7_taxID_53985_model_A	2	249	True	TRP	602	4.24	3	26	1	TRP602:4.2
A0A6A3DNP7_taxID_53985_model	2	260	True	PHE	465	4.91	3	27	2	PHE465:4.9;PHE461:7.2
A0A6A3E910_taxID_53985_model	2	250	False					19	0	
A0A6A3EYQ9_taxID_53985_model	2	218	True	TYR	446	4.48	3	28	2	TYR446:4.5;PHE442:7.5
A0A6A3F4L5_taxID_53985_model	2	263	True	TRP	456	4.30	3	32	2	TRP456:4.3;PHE452:7.4
A0A6A3FBU7_taxID_53985_model	2	0	True	TRP	188	5.04	0	41	1	TRP188:5.0
A0A6A3GQY2_taxID_129364_model	2	210	False					16	0	
A0A6A3GT16_taxID_129364_model	2	210	False					19	0	
A0A6A3H6F4_taxID_53985_model	2	260	True	PHE	465	5.03	3	26	2	PHE465:5.0;PHE461:7.0
A0A6A3H818_taxID_53985_model_A	2	215	True	TRP	453	4.30	3	21	1	TRP453:4.3
A0A6A3HD34_taxID_53985_model	2	230	True	TRP	501	4.10	3	20	1	TRP501:4.1
A0A6A3HLB0_taxID_53985_model	2	210	True	TRP	579	4.37	3	23	1	TRP579:4.4
A0A6A3I422_taxID_129364_model	2	255	True	PHE	459	4.89	3	31	2	PHE459:4.9;PHE455:7.2
A0A6A3I5Y6_taxID_129364_model	2	257	True	PHE	460	4.74	3	29	2	PHE460:4.7;TYR456:6.0
A0A6A3ID73_taxID_129364_model	2	250	True	TRP	494	4.34	3	29	1	TRP494:4.3
A0A6A3IIH7_taxID_129364_model	2	249	True	TRP	487	4.44	3	27	1	TRP487:4.4
A0A6A3INY4_taxID_129364_model	2	260	True	PHE	465	4.94	3	27	2	PHE465:4.9;PHE461:7.2
A0A6A3IQC5_taxID_129364_model	2	250	True	TRP	494	4.45	3	29	1	TRP494:4.4
A0A6A3IZK2_taxID_129364_model	2	249	True	TRP	602	4.31	3	29	1	TRP602:4.3
A0A6A3KYJ9_taxID_53985_model	2	263	True	TRP	456	4.34	3	32	2	TRP456:4.3;PHE452:7.4
A0A6A3L3S8_taxID_53985_model	2	500	False					2	0	
A0A6A3MUA3_taxID_129364_model	2	218	True	TYR	446	4.52	3	27	2	TYR446:4.5;PHE442:7.5
A0A6A3N2Q4_taxID_129364_model	2	263	True	TRP	456	4.29	3	32	2	TRP456:4.3;PHE452:7.4
A0A6A3NDJ9_taxID_129364_model	2	500	False					2	0	
A0A6A3P3Z3_taxID_129364_model	2	274	True	PHE	498	4.33	3	24	2	PHE498:4.3;PHE494:7.0
A0A6A3PYA1_taxID_53985_model_A	2	215	True	TRP	453	4.35	3	21	1	TRP453:4.3
A0A6A3PYG5_taxID_53985_model	2	223	True	TRP	457	4.02	3	19	1	TRP457:4.0
A0A6A3Q4B5_taxID_53985_model	2	210	True	TRP	579	4.51	3	25	1	TRP579:4.5
A0A6A3QF27_taxID_53985_model	2	252	True	TRP	497	4.69	3	26	1	TRP497:4.7
A0A6A3SNW2_taxID_53985_model	2	255	True	PHE	459	4.85	3	30	2	PHE459:4.8;PHE455:7.2
A0A6A3T4C2_taxID_53985_model	2	250	True	TRP	494	4.45	3	30	1	TRP494:4.4
A0A6A3VUU9_taxID_53985_model_A	2	249	True	TRP	520	4.20	3	20	1	TRP520:4.2
A0A6A3VZF6_taxID_53985_model	2	252	True	TRP	497	4.65	3	28	1	TRP497:4.7
A0A6A3WT82_taxID_53985_model	2	250	True	TRP	494	4.45	3	25	1	TRP494:4.4
A0A6A3XBP4_taxID_53985_model	2	250	False					19	0	
A0A6A3XGY8_taxID_53985_model	2	257	True	PHE	460	4.91	3	29	2	PHE460:4.9;TYR456:6.0
A0A6A4B3R7_taxID_129364_model	2	210	False					20	0	
A0A6A4BF22_taxID_53985_model	2	223	True	TRP	576	4.18	3	26	1	TRP576:4.2
A0A6A4CBV5_taxID_53985_model	2	250	False					19	0	
A0A6A4CRB3_taxID_129364_model	2	249	True	TRP	487	4.43	3	27	1	TRP487:4.4
A0A6A4D4C1_taxID_129364_model	2	252	True	TRP	497	4.65	3	29	1	TRP497:4.7
A0A6A4E140_taxID_53985_model	2	500	False					2	0	
A0A6A4EYK2_taxID_53985_model	2	274	True	PHE	498	4.33	3	25	2	PHE498:4.3;PHE494:7.0
A0A6A4FCV0_taxID_129364_model	2	263	True	TRP	456	4.26	3	32	2	TRP456:4.3;PHE452:7.4
A0A6A4G489_taxID_129364_model	2	0	True	TRP	188	5.15	0	41	1	TRP188:5.1
A0A6A4Z1Y6_taxID_112090_model	2	269	True	PHE	485	4.72	3	27	2	PHE485:4.7;PHE481:7.7
A0A6A4Z4G4_taxID_112090_model	2	344	False					11	0	
A0A6A4Z4Y2_taxID_120398_model	2	263	False					11	0	
A0A6A4Z8A7_taxID_112090_model	2	433	True	TRP	631	4.24	3	21	1	TRP631:4.2
A0A6A4ZE36_taxID_120398_model_A	2	265	True	PHE	488	4.59	3	29	1	PHE488:4.6
A0A6A4ZEX0_taxID_120398_model_A	2	447	True	TRP	640	4.55	3	18	1	TRP640:4.5
A0A6A4ZGA7_taxID_112090_model	2	202	True	TRP	397	4.31	3	19	1	TRP397:4.3
A0A6A4ZVI5_taxID_112090_model	2	261	False					16	0	
A0A6A4ZWX8_taxID_112090_model	2	268	True	TRP	457	4.19	4	21	1	TRP457:4.2
A0A6A5ADG0_taxID_112090_model	2	416	True	TRP	611	4.46	3	19	1	TRP611:4.5
A0A6A5AMC3_taxID_112090_model	2	416	True	TRP	598	4.38	3	20	2	TRP598:4.4;PHE594:7.9
A0A6G0JMA7_taxID_53985_model	2	250	False					19	0	
A0A6G0JRR3_taxID_53985_model	2	223	True	TRP	562	4.25	3	26	1	TRP562:4.2
A0A6G0K2D7_taxID_53985_model	2	260	True	PHE	465	4.93	3	27	2	PHE465:4.9;PHE461:7.2
A0A6G0LGN8_taxID_53985_model	2	263	True	TRP	456	4.30	3	32	2	TRP456:4.3;PHE452:7.4
A0A6G0LHA8_taxID_53985_model	2	218	True	TYR	446	4.60	3	27	2	TYR446:4.6;PHE442:7.5
A0A6G0MHL7_taxID_53985_model_A	2	215	True	TRP	453	4.33	3	21	1	TRP453:4.3
A0A6G0MHQ7_taxID_53985_model_A	2	223	False					8	0	
A0A6G0QAM8_taxID_53985_model	2	249	False					10	0	
A0A6G0QBL9_taxID_53985_model_A	2	249	True	TRP	487	4.35	3	21	1	TRP487:4.3
A0A6G0QBV8_taxID_53985_model	2	252	True	TRP	497	4.67	3	28	1	TRP497:4.7
A0A6G0QFF2_taxID_53985_model	2	210	True	TRP	579	4.44	3	24	1	TRP579:4.4
A0A6G0QTC5_taxID_53985_model	2	257	True	PHE	460	4.76	3	29	2	PHE460:4.8;TYR456:5.9
A0A6G0S364_taxID_53985_model	2	218	True	TYR	446	4.46	3	27	2	TYR446:4.5;PHE442:7.6
A0A6G0S6W0_taxID_53985_model	2	260	True	PHE	465	4.89	3	27	2	PHE465:4.9;PHE461:7.2
A0A6G0SFH3_taxID_53985_model	2	274	True	PHE	498	4.30	3	25	2	PHE498:4.3;PHE494:6.9
A0A6G0SNM6_taxID_53985_model	2	172	True	PHE	386	5.36	3	37	2	PHE386:5.4;PHE382:7.5
A0A6G0WB52_taxID_100861_model	2	499	False					3	0	
A0A6G0WF35_taxID_100861_model	2	255	True	PHE	466	4.13	2	28	1	PHE466:4.1
A0A6G0WG51_taxID_100861_model	2	263	True	PHE	473	4.36	1	32	1	PHE473:4.4
A0A6G0WYR1_taxID_100861_model	2	264	True	PHE	479	4.93	3	34	1	PHE479:4.9
A0A6G0XE75_taxID_100861_model	2	359	True	PHE	552	7.94	6	19	1	PHE552:7.9
A0A6G0XEC3_taxID_100861_model	2	388	False					18	0	
A0A6G0XPY3_taxID_100861_model	2	248	True	TRP	433	4.32	3	15	1	TRP433:4.3
A0A6G0XR43_taxID_100861_model	2	304	True	TRP	520	4.12	3	34	1	TRP520:4.1
A0A6G0XRD8_taxID_100861_model	2	356	True	TRP	572	4.21	3	33	1	TRP572:4.2
A0A833S9Q2_taxID_4787_model	2	248	True	TRP	491	4.41	3	32	1	TRP491:4.4
A0A833SS56_taxID_4787_model	2	260	True	PHE	468	4.78	3	30	2	PHE468:4.8;PHE464:7.2
A0A833TET7_taxID_4787_model	2	269	True	PHE	487	4.28	3	26	2	PHE487:4.3;PHE483:6.7
A0A833TJH1_taxID_4787_model	2	260	False					16	0	
A0A833TLW3_taxID_4787_model	2	268	True	PHE	477	4.71	3	37	2	PHE477:4.7;PHE473:6.9
A0A833W147_taxID_4787_model	2	185	True	TRP	428	4.32	3	22	1	TRP428:4.3
A0A833W8I4_taxID_4787_model	2	263	True	TRP	456	4.42	3	34	2	TRP456:4.4;PHE452:7.9
A0A833WD19_taxID_4787_model	2	249	True	TRP	587	4.17	3	36	1	TRP587:4.2
A0A833WLV2_taxID_4787_model	2	0	True	TRP	183	5.34	0	41	1	TRP183:5.3
A0A8J4S3K7_taxID_1284355_model	2	267	True	TRP	583	4.26	3	32	1	TRP583:4.3
A0A8J4S5D5_taxID_1284355_model	2	131	True	PHE	400	5.59	3	42	2	PHE400:5.6;PHE396:7.7
A0A8J4S5S5_taxID_1284355_model	2	215	False					11	0	
A0A8J4S7I2_taxID_1284355_model	2	251	True	TRP	427	4.08	3	19	2	TRP427:4.1;PHE429:7.2
A0A8J4S9F2_taxID_1284355_model	2	180	False					11	0	
A0A8J4SBM2_taxID_1284355_model	2	266	True	PHE	478	5.63	3	32	2	PHE478:5.6;TYR474:5.7
A0A8J4SR52_taxID_1284355_model	2	215	False					17	0	
A0A8J4W626_taxID_1284355_model	2	203	True	PHE	412	5.31	3	32	2	PHE412:5.3;TYR408:5.9
A0A8J4W827_taxID_1284355_model	2	0	True	TRP	137	4.68	0	42	1	TRP137:4.7
A0A8J5IEP3_taxID_2496075_model	2	214	True	TRP	481	4.26	3	22	1	TRP481:4.3
A0A8J5IJ88_taxID_2496075_model	2	249	True	TRP	552	4.23	3	35	1	TRP552:4.2
A0A8J5IYY3_taxID_2496075_model	2	271	True	PHE	466	4.34	3	24	2	PHE466:4.3;PHE462:6.8
A0A8J5IZX1_taxID_2496075_model	2	166	False					26	0	
A0A8J5JEM4_taxID_2496075_model	2	263	True	TRP	456	4.41	3	35	2	TRP456:4.4;PHE452:7.8
A0A8J5M7S4_taxID_2496075_model	2	510	True	TRP	514	3.53	8	4	1	TRP514:3.5
A0A8J5MDI9_taxID_2496075_model	2	259	True	PHE	469	4.75	3	28	2	PHE469:4.8;PHE465:7.1
A0A8J5MHP1_taxID_2496075_model	2	248	True	TRP	491	4.31	3	31	1	TRP491:4.3
A0A8K1CFR2_taxID_41045_model	2	252	True	TRP	603	4.26	3	28	1	TRP603:4.3
A0A8K1FER6_taxID_41045_model	2	253	True	PHE	479	4.74	3	26	2	PHE479:4.7;PHE475:6.8
A0A8K1FF30_taxID_41045_model	2	257	True	PHE	465	4.84	3	30	2	PHE465:4.8;PHE461:6.9
A0A8K1FHN5_taxID_41045_model	2	260	True	PHE	466	4.95	3	26	2	PHE466:4.9;PHE462:6.5
A0A8K1FHV1_taxID_41045_model	2	251	True	PHE	601	5.24	4	35	1	PHE601:5.2
A0A8K1FJI0_taxID_41045_model_A	2	256	True	PHE	479	4.53	3	21	2	PHE479:4.5;PHE475:7.0
A0A8K1FNX2_taxID_41045_model	2	263	True	PHE	634	5.04	3	27	2	PHE634:5.0;PHE630:7.5
A0A8S9TLC1_taxID_4787_model	2	259	True	PHE	465	4.85	3	28	2	PHE465:4.9;PHE461:7.2
A0A8S9UGL0_taxID_4787_model	2	260	True	PHE	500	5.26	3	36	2	PHE500:5.3;PHE496:7.4
A0A8S9UY53_taxID_4787_model	2	248	True	TRP	491	4.42	3	32	1	TRP491:4.4
A0A8S9UZE9_taxID_4787_model	2	263	True	TRP	456	4.47	3	34	2	TRP456:4.5;PHE452:7.9
A0A8S9V4C1_taxID_4787_model	2	249	True	TRP	587	4.15	3	36	1	TRP587:4.2
A0A8T1IBV9_taxID_29920_model	2	260	True	PHE	431	4.88	3	18	2	PHE431:4.9;PHE427:7.3
A0A8T1U1C5_taxID_29920_model	2	195	True	PHE	402	6.20	3	26	2	PHE402:6.2;PHE398:7.7
A0A8T1UBG3_taxID_29920_model	2	271	True	PHE	466	4.35	3	24	2	PHE466:4.4;PHE462:6.7
A0A8T1URX7_taxID_29920_model	2	198	True	TRP	465	4.10	3	22	1	TRP465:4.1
A0A8T1V7N9_taxID_109152_model	2	197	True	TRP	535	4.09	3	29	2	TRP535:4.1;PHE537:7.0
A0A8T1VCN1_taxID_221518_model	2	250	True	TRP	496	4.55	3	30	1	TRP496:4.6
A0A8T1VD70_taxID_221518_model	2	249	True	TRP	578	4.27	3	33	1	TRP578:4.3
A0A8T1VFJ2_taxID_221518_model	2	250	True	TRP	556	4.21	3	23	1	TRP556:4.2
A0A8T1VFS8_taxID_109152_model	2	198	True	TRP	513	4.24	3	34	1	TRP513:4.2
A0A8T1VP30_taxID_221518_model	2	274	True	PHE	492	5.33	3	28	2	PHE492:5.3;TYR488:5.7
A0A8T1VQ16_taxID_221518_model	2	259	True	PHE	472	5.60	3	31	2	PHE472:5.6;TYR468:6.1
A0A8T1VW42_taxID_109152_model	2	202	True	TRP	397	4.55	3	35	2	TRP397:4.6;PHE393:7.9
A0A8T1W2R9_taxID_221518_model	2	263	True	TRP	456	4.16	3	34	2	TRP456:4.2;PHE452:7.8
A0A8T1W4C6_taxID_221518_model	2	535	True	TRP	539	4.13	8	3	1	TRP539:4.1
A0A8T1W6M6_taxID_221518_model	2	0	True	TRP	230	5.27	0	47	1	TRP230:5.3
A0A8T1WA89_taxID_221518_model	2	259	True	PHE	520	5.19	3	39	2	PHE520:5.2;PHE516:7.6
A0A8T1WD51_taxID_221518_model	2	273	True	PHE	487	4.28	3	22	2	PHE487:4.3;PHE483:6.8
A0A8T1WG94_taxID_109152_model	2	198	True	PHE	478	5.49	3	40	2	PHE478:5.5;PHE474:7.7
A0A8T1WJZ2_taxID_221518_model	2	261	True	PHE	473	4.90	3	29	2	PHE473:4.9;PHE469:7.2
A0A8T1WKV8_taxID_109152_model	2	249	True	TRP	489	4.27	3	27	1	TRP489:4.3
A0A8T1WL70_taxID_109152_model	2	250	True	TRP	516	4.32	3	30	1	TRP516:4.3
A0A8T1WNJ2_taxID_109152_model	2	250	True	TRP	526	4.23	3	31	1	TRP526:4.2
A0A8T1WP09_taxID_109152_model	2	262	True	PHE	471	5.18	3	29	2	PHE471:5.2;TYR467:5.8
A0A8T1WU85_taxID_109152_model	2	173	True	TRP	190	4.47	0	29	1	TRP190:4.5
A0A8T1X2G8_taxID_109152_model	2	249	True	PHE	461	5.60	3	29	2	PHE461:5.6;TYR457:6.1
A0A8T1X900_taxID_109152_model	2	269	True	PHE	492	4.65	3	25	2	PHE492:4.6;PHE488:7.1
A0A921SH51_taxID_325452_model	2	180	False					11	0	
A0A921V415_taxID_325452_model	2	267	True	TRP	583	4.26	3	32	1	TRP583:4.3
A0A976IE71_taxID_4779_model	2	165	True	TRP	182	5.36	0	25	1	TRP182:5.4
A0A976IGL0_taxID_4779_model	2	293	True	PHE	517	4.53	3	24	2	PHE517:4.5;PHE513:6.6
A0A976IHW1_taxID_4779_model	2	248	True	TRP	482	4.61	3	24	1	TRP482:4.6
A0A9W6TPR0_taxID_1490495_model_A	2	263	True	PHE	487	5.11	3	27	2	PHE487:5.1;PHE483:7.3
A0A9W6U6E5_taxID_2077276_model	2	259	True	PHE	553	4.99	3	40	2	PHE553:5.0;PHE549:7.5
A0A9W6UBD6_taxID_2077276_model	2	201	False					22	0	
A0A9W6WLY5_taxID_2077276_model	2	263	True	TRP	456	4.19	3	34	2	TRP456:4.2;PHE452:7.7
A0A9W6X5Y7_taxID_2077276_model	2	250	True	TRP	495	4.52	3	32	1	TRP495:4.5
A0A9W6X5Y8_taxID_2077276_model	2	249	True	TRP	552	4.16	3	30	1	TRP552:4.2
A0A9W6X9Y3_taxID_1490495_model	2	214	True	TRP	543	4.09	3	25	1	TRP543:4.1
A0A9W6X9Y5_taxID_1490495_model	2	249	True	TRP	595	4.26	3	34	1	TRP595:4.3
A0A9W6X9Y8_taxID_1490495_model	2	251	True	TRP	494	4.45	3	30	1	TRP494:4.4
A0A9W6YBJ6_taxID_1490495_model	2	260	True	PHE	464	4.89	3	25	2	PHE464:4.9;PHE460:7.3
A0A9W7CFU9_taxID_2077276_model	2	214	True	TRP	490	4.20	3	21	1	TRP490:4.2
A0A9W7CJI0_taxID_1490495_model	2	215	True	TRP	452	4.17	3	30	1	TRP452:4.2
A0A9W7CLG6_taxID_1490495_model	2	278	True	TRP	471	4.49	3	34	2	TRP471:4.5;PHE467:7.4
A0A9X8ECT6_taxID_112090_model	2	344	True	TRP	545	4.46	3	19	2	TRP545:4.5;PHE541:7.9
A0A9X8H3Z6_taxID_112090_model	2	207	True	PHE	401	4.54	3	30	1	PHE401:4.5
A0A9X8H6Q2_taxID_112090_model	2	237	False					6	0	
A0AAD5LBU8_taxID_114742_model	2	209	True	PHE	543	5.05	3	36	2	PHE543:5.1;PHE539:7.1
A0AAD5LE61_taxID_114742_model	2	255	True	PHE	496	5.09	3	19	1	PHE496:5.1
A0AAD5LLN0_taxID_114742_model	2	362	True	PHE	554	6.30	3	28	2	PHE554:6.3;PHE550:7.6
A0AAD5LMN7_taxID_114742_model	2	259	True	PHE	472	4.81	3	31	2	PHE472:4.8;PHE468:6.5
A0AAD5LVG2_taxID_114742_model	2	391	False					18	0	
A0AAD5M2C2_taxID_114742_model	2	258	True	PHE	478	5.09	3	20	2	PHE478:5.1;PHE474:7.5
A0AAD5M387_taxID_114742_model	2	265	True	PHE	509	4.90	2	31	2	PHE509:4.9;PHE505:7.8
A0AAD5M541_taxID_114742_model	2	272	True	PHE	485	4.72	3	27	2	PHE485:4.7;PHE481:6.8
A0AAD5M5S5_taxID_114742_model	2	208	True	PHE	468	4.29	3	30	1	PHE468:4.3
A0AAD5M6X4_taxID_114742_model	2	255	True	PHE	477	4.28	3	24	1	PHE477:4.3
A0AAD5MAT2_taxID_114742_model_A	2	278	True	PHE	492	4.43	3	22	2	PHE492:4.4;PHE488:7.2
A0AAD5Q4K3_taxID_114742_model	2	215	False					15	0	
A0AAD5Q741_taxID_114742_model	2	250	True	TRP	556	4.23	2	23	1	TRP556:4.2
A0AAD9GMI7_taxID_4793_model	2	212	False					26	0	
A0AAD9LCD7_taxID_4793_model	2	263	True	TRP	456	4.27	3	38	2	TRP456:4.3;PHE452:7.8
A0AAD9LK10_taxID_4793_model	2	268	True	PHE	489	4.31	3	26	2	PHE489:4.3;PHE485:6.8
A0AAD9LMN3_taxID_4793_model	2	256	True	PHE	470	5.15	3	33	2	PHE470:5.1;TYR466:6.1
A0AAU9KU22_taxID_622444_model	2	491	False					3	0	
A0AAU9LEH6_taxID_622444_model	2	261	True	TRP	460	4.27	3	21	1	TRP460:4.3
A0AAV0TFG8_taxID_162125_model	2	249	True	TRP	567	4.26	3	23	1	TRP567:4.3
A0AAV0TQH7_taxID_134698_model	2	199	True	PHE	446	5.57	3	35	2	PHE446:5.6;PHE442:7.5
A0AAV0TZW1_taxID_86335_model	2	250	True	TRP	494	4.54	3	24	1	TRP494:4.5
A0AAV0U2A6_taxID_86335_model	2	250	True	TRP	494	4.61	3	24	1	TRP494:4.6
A0AAV0U3J4_taxID_86335_model	2	250	True	TRP	494	4.60	3	24	1	TRP494:4.6
A0AAV0U988_taxID_86335_model	2	267	True	PHE	489	4.40	3	26	2	PHE489:4.4;PHE485:6.9
A0AAV0UD10_taxID_134698_model	2	0	True	TRP	173	5.64	0	44	1	TRP173:5.6
A0AAV0UD26_taxID_86335_model	2	200	True	PHE	458	5.40	3	34	2	PHE458:5.4;PHE454:7.6
A0AAV0UFB5_taxID_162125_model	2	310	False					17	0	
A0AAV0UGV2_taxID_86335_model	2	266	True	PHE	524	5.29	3	34	2	PHE524:5.3;PHE520:7.5
A0AAV0UHU3_taxID_86335_model	2	0	True	TRP	188	5.34	0	44	1	TRP188:5.3
A0AAV0UKA0_taxID_134698_model	2	267	True	PHE	489	4.39	3	25	2	PHE489:4.4;PHE485:6.8
A0AAV0UTT5_taxID_162125_model	2	281	True	PHE	503	4.33	3	24	2	PHE503:4.3;PHE499:7.0
A0AAV0UV36_taxID_134698_model	2	251	True	TRP	573	4.48	3	28	1	TRP573:4.5
A0AAV0UVP2_taxID_134698_model	2	250	True	TRP	494	4.48	3	23	1	TRP494:4.5
A0AAV0UVW7_taxID_86335_model	2	250	True	TRP	549	4.19	3	21	1	TRP549:4.2
A0AAV0UWJ7_taxID_162125_model	2	250	False					25	0	
A0AAV0V041_taxID_162125_model	2	184	True	TYR	248	5.57	6	57	4	TYR248:5.6;TYR296:5.8;TYR503:6.0;TYR317:7.4
A0AAV1T0B6_taxID_2874970_model	2	0	True	TYR	172	6.62	3	45	1	TYR172:6.6
A0AAV1UFK2_taxID_2874970_model	2	276	True	PHE	496	4.35	3	23	2	PHE496:4.4;PHE492:7.2
A0AAV1UU79_taxID_2874970_model	2	249	True	TRP	613	4.13	3	23	1	TRP613:4.1
A0AAV1UUI4_taxID_2874970_model	2	250	False					27	0	
A0AAV2YAN2_taxID_4803_model	2	248	False					19	0	
A0AAV2YI36_taxID_4803_model_A	2	276	True	PHE	520	4.35	3	24	2	PHE520:4.3;PHE516:7.3
A0AAV2YL68_taxID_4803_model	2	157	True	PHE	364	4.78	3	30	2	PHE364:4.8;PHE360:7.3
A0AAV2YLR3_taxID_4803_model_A	2	277	True	PHE	476	4.49	3	27	2	PHE476:4.5;PHE472:7.3
A0AAV2YQR1_taxID_4803_model	2	467	False					3	0	
A0AAV2YTA9_taxID_4803_model	2	251	True	PHE	451	4.82	3	24	1	PHE451:4.8
A0AAV2Z0Q5_taxID_4803_model	2	263	True	PHE	473	4.03	3	27	2	PHE473:4.0;PHE469:7.0
A0AAV2Z294_taxID_4803_model_A	2	227	False					12	0	
A0AAV2Z3L5_taxID_4803_model	2	253	True	TRP	591	5.05	3	26	1	TRP591:5.1
A0AAV2Z5P0_taxID_4803_model	2	261	True	PHE	466	4.90	3	24	2	PHE466:4.9;PHE462:7.6
A0AAV2Z9U8_taxID_4803_model	2	242	True	TYR	264	1.80	9	23	4	TYR264:1.8;PHE441:3.8;PHE260:5.5;TYR249:6.9
A0AAV2ZA52_taxID_4803_model	2	307	True	TYR	498	7.82	0	21	1	TYR498:7.8
A0AAV2ZC05_taxID_4803_model_A	2	291	True	PHE	509	4.87	3	21	2	PHE509:4.9;PHE505:7.4
A0AAV2ZDU1_taxID_4803_model	2	262	True	PHE	470	7.03	6	26	1	PHE470:7.0
A0ABD3FDS6_taxID_2107226_model	2	258	True	PHE	472	5.45	3	34	2	PHE472:5.4;TYR468:6.0
A0ABD3FP25_taxID_2107226_model	2	268	True	PHE	492	4.34	3	26	2	PHE492:4.3;PHE488:6.7
A0ABD3FPM1_taxID_2107226_model	2	260	True	PHE	466	5.53	3	28	2	PHE466:5.5;PHE462:7.2
A0ABD3FSN5_taxID_2107226_model	2	263	True	TRP	456	4.30	3	38	2	TRP456:4.3;PHE452:7.6
A0ABD3FSP5_taxID_2107226_model	2	249	True	TRP	538	4.24	3	31	1	TRP538:4.2
A0ABD3FTY2_taxID_2107226_model	2	467	True	TRP	471	4.20	8	4	1	TRP471:4.2
A0ABD3FTZ6_taxID_2107226_model	2	250	True	TRP	492	4.40	3	35	1	TRP492:4.4
A0ABD3FUV3_taxID_2107226_model	2	214	True	TRP	468	4.10	3	23	1	TRP468:4.1
A0ABD3FWV8_taxID_2107226_model	2	246	True	PHE	456	4.26	2	13	1	PHE456:4.3
A0ABD3FX43_taxID_2107226_model	2	164	False					29	0	
A0ABN8C0W3_taxID_134698_model	2	458	False					3	0	
A0ABN8CDR2_taxID_134698_model	2	267	True	PHE	489	4.38	3	25	2	PHE489:4.4;PHE485:6.8
A0ABN8CNH4_taxID_622444_model	2	107	True	TYR	269	2.16	9	60	5	TYR269:2.2;TYR265:4.3;TYR485:4.6;TYR279:6.9;TRP268:7.5
A0ABN8CQI3_taxID_622444_model	2	250	True	TRP	494	4.56	3	25	1	TRP494:4.6
A0ABN8CSK5_taxID_622444_model	2	250	True	TRP	472	4.06	3	18	1	TRP472:4.1
A0ABN8CT59_taxID_622444_model	2	250	True	TRP	495	4.42	3	25	1	TRP495:4.4
A0ABN8D187_taxID_622444_model	2	222	True	PHE	444	4.52	3	28	2	PHE444:4.5;PHE440:7.3
A0ACC0W1T7_taxID_230839_model	2	274	True	TRP	513	4.16	3	29	1	TRP513:4.2
A0ACC0W512_taxID_230839_model	2	217	True	PHE	376	7.53	7	26	1	PHE376:7.5
A0ACC0WCW2_taxID_230839_model	2	249	True	TRP	490	4.20	3	48	1	TRP490:4.2
A0ACC0WDW4_taxID_230839_model	2	254	True	TRP	535	4.24	3	29	1	TRP535:4.2
D0N318_taxID_403677_model	2	269	True	PHE	487	4.31	3	26	2	PHE487:4.3;PHE483:6.8
D0N9K5_taxID_403677_model	2	435	True	TRP	628	4.50	3	34	2	TRP628:4.5;PHE624:7.8
D0N9M9_taxID_403677_model	2	197	True	TRP	379	4.22	3	18	1	TRP379:4.2
D0N9N0_taxID_403677_model	2	249	True	TRP	587	4.17	3	36	1	TRP587:4.2
D0N9N3_taxID_403677_model	2	248	True	TRP	491	4.39	3	33	1	TRP491:4.4
D0ND78_taxID_403677_model	2	259	True	PHE	465	4.85	3	28	2	PHE465:4.9;PHE461:7.2
F0W3J2_taxID_890382_model	2	338	True	PHE	566	5.01	3	25	2	PHE566:5.0;PHE562:7.6
F0W5B3_taxID_890382_model	2	295	True	PHE	523	5.10	3	25	2	PHE523:5.1;PHE519:7.7
F0WX74_taxID_890382_model	2	250	True	PHE	492	4.96	3	31	1	PHE492:5.0
G4YEP6_taxID_1094619_model	2	241	True	TRP	460	4.55	3	26	1	TRP460:4.5
G4YVX0_taxID_1094619_model	2	271	True	PHE	496	4.39	3	23	2	PHE496:4.4;PHE492:7.0
G4ZF58_taxID_1094619_model	2	246	True	PHE	450	4.86	3	27	2	PHE450:4.9;PHE446:7.2
G4ZFR4_taxID_1094619_model	2	257	True	PHE	461	4.92	3	27	2	PHE461:4.9;PHE457:7.2
G4ZQT5_taxID_1094619_model	2	256	True	PHE	548	5.51	3	44	2	PHE548:5.5;PHE544:7.6
G5A884_taxID_1094619_model	2	257	True	PHE	470	4.79	3	30	2	PHE470:4.8;TYR466:6.0
G5A886_taxID_1094619_model	2	262	True	PHE	471	4.84	3	33	2	PHE471:4.8;PHE467:7.2
G5A9J7_taxID_1094619_model	2	224	True	PHE	436	7.67	3	25	1	PHE436:7.7
G5AB88_taxID_1094619_model	2	250	True	TRP	494	4.28	3	31	1	TRP494:4.3
G5AB89_taxID_1094619_model	2	248	True	TRP	473	4.37	3	27	1	TRP473:4.4
G5AB99_taxID_1094619_model	2	199	True	TRP	394	4.08	3	20	1	TRP394:4.1
G5ABA7_taxID_1094619_model	2	263	True	TRP	456	4.38	3	33	2	TRP456:4.4;PHE452:7.5
G5ABA8_taxID_1094619_model	2	504	False					2	0	
H3GCI8_taxID_164328_model	2	268	True	PHE	492	4.33	3	24	2	PHE492:4.3;PHE488:6.8
H3GEM4_taxID_164328_model	2	182	False					24	0	
H3GFA6_taxID_164328_model	2	258	True	PHE	477	5.65	3	26	2	PHE477:5.7;TYR473:6.0
H3GFA7_taxID_164328_model	2	256	True	PHE	465	4.79	3	35	2	PHE465:4.8;PHE461:7.1
H3GI94_taxID_164328_model	2	260	True	PHE	536	5.08	3	41	2	PHE536:5.1;PHE532:7.5
H3GPM1_taxID_164328_model	2	250	True	TRP	568	4.08	3	26	2	TRP568:4.1;PHE564:8.0
H3GPM2_taxID_164328_model	2	248	True	TRP	545	4.31	3	23	1	TRP545:4.3
H3GPM3_taxID_164328_model	2	250	True	TRP	565	4.21	3	29	1	TRP565:4.2
H3GPM4_taxID_164328_model	2	250	True	TRP	501	4.14	3	31	1	TRP501:4.1
H3GR62_taxID_164328_model	2	266	True	PHE	476	5.67	3	30	2	PHE476:5.7;PHE472:7.7
H3HCH2_taxID_164328_model	2	262	True	PHE	455	5.58	3	35	2	PHE455:5.6;PHE451:7.7
K3W7U2_taxID_431595_model	2	262	True	PHE	495	4.71	3	26	2	PHE495:4.7;PHE491:8.0
K3WBN0_taxID_431595_model_A	2	267	True	PHE	425	3.94	3	19	3	PHE425:3.9;TYR332:5.4;TRP360:7.9
K3WJW4_taxID_431595_model	2	214	True	PHE	429	4.62	3	22	2	PHE429:4.6;PHE425:7.1
K3WTH8_taxID_431595_model	2	208	True	PHE	407	4.57	3	27	1	PHE407:4.6
K3X1J2_taxID_431595_model	2	256	False					7	0	
K3X1J8_taxID_431595_model	2	250	False					13	0	
K3X1K4_taxID_431595_model	2	257	True	PHE	520	5.20	3	18	2	PHE520:5.2;PHE516:8.0
K3X1K6_taxID_431595_model	2	253	True	TRP	547	4.25	3	29	1	TRP547:4.3
K3X1M0_taxID_431595_model	2	265	True	PHE	495	7.89	4	24	1	PHE495:7.9
K3X3G4_taxID_431595_model	2	257	True	PHE	591	5.06	3	31	2	PHE591:5.1;PHE587:7.4
M4B927_taxID_559515_model	2	276	True	PHE	496	4.37	3	23	2	PHE496:4.4;PHE492:7.2
M4BES0_taxID_559515_model	2	215	False					27	0	
M4BES1_taxID_559515_model	2	198	False					27	0	
M4C4I8_taxID_559515_model	2	239	True	TRP	592	4.19	3	23	1	TRP592:4.2
M4C6D4_taxID_559515_model	2	345	False					43	0	
T0PKY7_taxID_1156394_model	2	255	True	TYR	317	4.42	1	27	2	TYR317:4.4;PHE456:4.8
T0PRD1_taxID_1156394_model_A	2	250	True	TRP	457	4.14	3	22	2	TRP457:4.1;PHE453:7.9
T0PYC1_taxID_1156394_model	2	254	True	PHE	440	5.04	3	28	2	PHE440:5.0;PHE436:7.8
T0Q7G0_taxID_1156394_model	2	255	True	PHE	453	4.58	3	28	1	PHE453:4.6
T0QAK3_taxID_1156394_model	2	256	True	PHE	442	4.39	3	27	1	PHE442:4.4
T0QF04_taxID_1156394_model	2	243	True	TRP	422	4.45	3	19	1	TRP422:4.4
T0QV32_taxID_1156394_model	2	259	True	PHE	445	4.68	3	27	1	PHE445:4.7
T0QXV8_taxID_1156394_model_A	2	200	True	TRP	385	4.63	3	21	1	TRP385:4.6
T0R5J2_taxID_1156394_model_A	2	250	True	TRP	457	4.19	3	20	2	TRP457:4.2;PHE453:7.9
T0RZX0_taxID_1156394_model	2	244	True	TRP	438	4.22	3	22	2	TRP438:4.2;PHE440:7.7
T0S5P9_taxID_1156394_model	2	245	True	TRP	445	4.83	3	21	1	TRP445:4.8
T0S9R0_taxID_1156394_model_A	2	268	True	TRP	453	4.75	3	21	1	TRP453:4.7
V9DYL0_taxID_1317065_model	2	255	True	PHE	465	5.04	3	30	2	PHE465:5.0;PHE461:7.2
V9E917_taxID_1317065_model	2	0	True	TRP	182	5.01	0	41	1	TRP182:5.0
V9EB77_taxID_1317065_model	2	0	True	TRP	137	5.30	0	38	1	TRP137:5.3
V9ES59_taxID_1317065_model	2	269	True	TRP	512	4.21	3	31	1	TRP512:4.2
V9ES63_taxID_1317065_model	2	249	True	TRP	511	4.13	3	27	1	TRP511:4.1
V9EUD3_taxID_1317065_model	2	249	True	TRP	568	4.12	3	35	1	TRP568:4.1
V9EVI6_taxID_1317065_model	2	504	True	TRP	508	3.98	8	3	1	TRP508:4.0
V9FDQ9_taxID_1317065_model	2	301	True	PHE	519	4.37	3	26	2	PHE519:4.4;PHE515:6.8
V9FSW0_taxID_1317065_model	2	260	True	PHE	468	4.84	3	39	2	PHE468:4.8;PHE464:7.0
V9FXW3_taxID_1317065_model	2	260	False					17	0	
W2FLR6_taxID_4792_model	2	255	True	PHE	465	5.07	3	30	2	PHE465:5.1;PHE461:7.2
W2GGF7_taxID_4792_model	2	269	True	TRP	512	4.22	3	31	1	TRP512:4.2
W2GGG1_taxID_4792_model	2	249	True	TRP	511	4.13	3	27	1	TRP511:4.1
W2GIJ4_taxID_4792_model	2	263	True	TRP	453	4.47	3	35	1	TRP453:4.5
W2GIT6_taxID_4792_model	2	249	True	TRP	568	4.09	3	35	1	TRP568:4.1
W2H2U7_taxID_4792_model	2	301	True	PHE	519	4.37	3	26	2	PHE519:4.4;PHE515:6.8
W2HHV6_taxID_4792_model	2	260	True	PHE	468	4.84	3	39	2	PHE468:4.8;PHE464:7.0
W2HJL6_taxID_4792_model	2	260	True	PHE	467	4.84	3	23	2	PHE467:4.8;PHE463:7.3
W2HVG2_taxID_4792_model	2	255	True	PHE	465	5.13	3	30	2	PHE465:5.1;PHE461:7.2
W2I6U4_taxID_4792_model	2	0	True	TRP	182	5.01	0	41	1	TRP182:5.0
W2I6Y9_taxID_4792_model	2	0	True	TRP	137	5.30	0	38	1	TRP137:5.3
W2IN56_taxID_4792_model	2	504	True	TRP	508	3.98	8	3	1	TRP508:4.0
W2IN87_taxID_4792_model	2	249	True	TRP	568	4.10	3	35	1	TRP568:4.1
W2JQX0_taxID_4792_model	2	260	False					18	0	
W2JZS2_taxID_4792_model	2	255	True	PHE	465	5.04	3	30	2	PHE465:5.0;PHE461:7.2
W2KB90_taxID_4792_model	2	0	True	TRP	182	5.14	0	41	1	TRP182:5.1
W2KU99_taxID_4792_model	2	249	True	TRP	568	4.11	3	35	1	TRP568:4.1
W2LF44_taxID_4792_model	2	301	True	PHE	519	4.37	3	26	2	PHE519:4.4;PHE515:6.8
W2LV84_taxID_4792_model	2	260	True	PHE	468	4.87	3	39	2	PHE468:4.9;PHE464:7.0
W2LWI5_taxID_4792_model	2	260	False					16	0	
W2MH14_taxID_4792_model	2	120	False					27	0	
W2N022_taxID_4792_model	2	249	True	TRP	568	4.12	3	35	1	TRP568:4.1
W2N2M9_taxID_4792_model	2	263	True	TRP	453	4.33	3	35	2	TRP453:4.3;PHE449:7.9
W2P1H2_taxID_4792_model	2	260	True	PHE	468	4.85	3	39	2	PHE468:4.8;PHE464:7.1
W2P582_taxID_4792_model	2	260	False					17	0	
W2PMT3_taxID_761204_model	2	0	True	TRP	137	5.16	0	38	1	TRP137:5.2
W2PPJ1_taxID_761204_model	2	0	True	TRP	182	5.08	0	41	1	TRP182:5.1
W2PX61_taxID_761204_model	2	249	True	TRP	511	4.23	3	27	1	TRP511:4.2
W2PXC1_taxID_761204_model	2	249	True	TRP	568	4.10	3	35	1	TRP568:4.1
W2PY30_taxID_761204_model	2	504	True	TRP	508	3.95	8	3	1	TRP508:4.0
W2PZ52_taxID_761204_model	2	269	True	TRP	512	4.22	3	31	1	TRP512:4.2
W2PZ72_taxID_761204_model	2	263	True	TRP	453	4.31	3	35	2	TRP453:4.3;PHE449:7.9
W2QNA1_taxID_761204_model	2	260	True	PHE	468	4.84	3	39	2	PHE468:4.8;PHE464:7.0
W2QR59_taxID_761204_model	2	260	True	PHE	467	4.89	3	24	2	PHE467:4.9;PHE463:7.3
W2QUM0_taxID_761204_model	2	255	True	PHE	465	5.13	3	30	2	PHE465:5.1;PHE461:7.2
W2REJ1_taxID_761204_model	2	301	True	PHE	519	4.37	3	26	2	PHE519:4.4;PHE515:6.8
W2VSG5_taxID_1317063_model	2	255	True	PHE	465	5.15	3	30	2	PHE465:5.1;PHE461:7.2
W2W5P6_taxID_1317063_model	2	0	True	TRP	182	5.01	0	41	1	TRP182:5.0
W2W6T1_taxID_1317063_model	2	0	True	TRP	137	5.30	0	38	1	TRP137:5.3
W2WMR4_taxID_1317063_model	2	504	True	TRP	508	3.98	8	3	1	TRP508:4.0
W2WMX2_taxID_1317063_model	2	249	True	TRP	568	4.09	3	35	1	TRP568:4.1
W2WNV8_taxID_1317063_model	2	269	True	TRP	512	4.22	3	31	1	TRP512:4.2
W2WNW2_taxID_1317063_model	2	249	True	TRP	511	4.13	3	27	1	TRP511:4.1
W2WQJ5_taxID_1317063_model	2	263	True	TRP	453	4.47	3	35	1	TRP453:4.5
W2X949_taxID_1317063_model	2	301	True	PHE	519	4.37	3	26	2	PHE519:4.4;PHE515:6.8
W2XNG3_taxID_1317063_model	2	260	True	PHE	468	4.74	3	39	2	PHE468:4.7;PHE464:7.0
W2XSE9_taxID_1317063_model	2	260	False					16	0	
W2Y568_taxID_1317064_model	2	255	True	PHE	465	5.04	3	30	2	PHE465:5.0;PHE461:7.2
W2YEN6_taxID_1317064_model	2	0	True	TRP	182	5.14	0	41	1	TRP182:5.1
W2YF51_taxID_1317064_model	2	120	False					27	0	
W2YZ13_taxID_1317064_model	2	269	True	TRP	512	4.22	3	32	1	TRP512:4.2
W2YZ17_taxID_1317064_model	2	249	True	TRP	511	4.26	3	26	1	TRP511:4.3
W2YZ31_taxID_1317064_model	2	504	True	TRP	508	3.98	8	3	1	TRP508:4.0
W2Z167_taxID_1317064_model	2	249	True	TRP	568	4.11	3	35	1	TRP568:4.1
W2Z179_taxID_1317064_model	2	263	True	TRP	453	4.31	3	35	2	TRP453:4.3;PHE449:7.9
W2ZM87_taxID_1317064_model	2	301	True	PHE	519	4.37	3	26	2	PHE519:4.4;PHE515:6.8
W2ZXC0_taxID_1317064_model	2	260	True	PHE	468	4.84	3	39	2	PHE468:4.8;PHE464:7.0
W3A2G1_taxID_1317064_model	2	260	True	PHE	467	4.88	3	23	2	PHE467:4.9;PHE463:7.3
W4FJK0_taxID_112090_model	2	269	True	PHE	485	4.78	3	33	1	PHE485:4.8
W4FWJ0_taxID_112090_model	2	355	True	TRP	556	4.41	3	20	2	TRP556:4.4;PHE552:7.9
W4G9A5_taxID_112090_model	2	261	True	PHE	472	4.27	1	27	2	PHE472:4.3;PHE468:7.2
W4GBE5_taxID_112090_model	2	259	True	PHE	464	4.12	1	28	2	PHE464:4.1;PHE460:7.1
W4GC36_taxID_112090_model_A	2	336	True	PHE	569	4.20	0	22	2	PHE569:4.2;PHE339:4.9
W4H0X6_taxID_112090_model	2	361	True	TRP	556	4.40	3	19	2	TRP556:4.4;PHE552:7.9
W4H5H4_taxID_112090_model	2	433	True	TRP	631	4.26	3	22	1	TRP631:4.3
W4H5S0_taxID_112090_model	2	429	True	TRP	628	4.37	3	19	1	TRP628:4.4
W4HDG1_taxID_112090_model	2	268	True	TRP	457	4.27	3	21	1	TRP457:4.3
