sequence_id	n_cu	first_his_seqid	has_blocker	blocker_resname	blocker_seqid	blocker_cu_dist	n_helical	n_arom_before_his	n_arom_near_cu	all_arom_near
A0A0G2YLH0_taxID_42192_model_A	2	141	True	TYR	48	6.08	9	11	1	TYR48:6.1
A0A0L8FPZ6_taxID_37653_model	2	131	False					19	0	
A0A0L8HYV5_taxID_37653_model	2	14	False					1	0	
A0A0L8I5G4_taxID_37653_model	2	51	False					4	0	
A0A0Y0DNT4_taxID_211853_model	2	151	True	TYR	76	7.31	1	16	2	TYR76:7.3;TYR68:7.4
A0A182YW94_taxID_6526_model	2	141	True	TRP	55	5.17	9	8	1	TRP55:5.2
A0A193DUA5_taxID_42192_model	2	160	True	TRP	79	3.66	3	18	1	TRP79:3.7
A0A1J0KEL5_taxID_165450_model	2	151	True	TRP	62	6.94	9	14	1	TRP62:6.9
A0A1J0KGN7_taxID_165450_model_A	2	171	True	PHE	86	7.65	3	26	1	PHE86:7.6
A0A1L1ZLS6_taxID_291251_model	2	159	True	TRP	59	5.08	9	17	1	TRP59:5.1
A0A1S3HNS5_taxID_7574_model	2	259	False					21	0	
A0A1S3IIA6_taxID_7574_model	2	255	False					21	0	
A0A210PLP8_taxID_6573_model	2	153	True	PHE	61	7.09	9	20	2	PHE61:7.1;TRP65:7.7
A0A210PPR4_taxID_6573_model	2	152	True	TRP	63	6.69	6	14	1	TRP63:6.7
A0A210PWA4_taxID_6573_model_A	2	130	True	PHE	60	4.56	8	16	1	PHE60:4.6
A0A210QF88_taxID_6573_model	2	144	True	TRP	56	6.66	9	10	1	TRP56:6.7
A0A210QME8_taxID_6573_model	2	148	True	TRP	65	7.26	5	14	1	TRP65:7.3
A0A210R239_taxID_6573_model	2	151	True	TRP	64	5.91	6	15	1	TRP64:5.9
A0A210R2J1_taxID_6573_model	2	140	False					12	0	
A0A210R2J5_taxID_6573_model	2	153	True	TYR	67	5.31	5	16	1	TYR67:5.3
A0A210R2R4_taxID_6573_model_A	2	219	True	TYR	69	5.76	6	17	1	TYR69:5.8
A0A222YS18_taxID_106299_model	2	149	True	TRP	62	4.73	4	11	1	TRP62:4.7
A0A222YSB4_taxID_106299_model	2	152	True	TRP	63	5.14	6	13	1	TRP63:5.1
A0A222YTC9_taxID_106299_model_A	2	144	True	PHE	59	6.07	8	12	1	PHE59:6.1
A0A2C9JDT0_taxID_6526_model	2	141	True	TRP	55	5.15	8	8	1	TRP55:5.1
A0A2C9KDF9_taxID_6526_model	2	146	True	TRP	51	5.70	7	14	1	TRP51:5.7
A0A2C9KDI8_taxID_6526_model	2	3	False					0	0	
A0A2C9L419_taxID_6526_model	2	144	True	TRP	54	5.87	8	11	1	TRP54:5.9
A0A3L5TTX5_taxID_29158_model	2	161	True	PHE	61	7.33	9	19	1	PHE61:7.3
A0A6B9QJU3_taxID_28835_model	2	150	True	TRP	52	6.44	9	12	1	TRP52:6.4
A0A6J8CCA4_taxID_42192_model_A	2	361	True	TYR	268	6.06	9	32	1	TYR268:6.1
A0A6J8CDZ2_taxID_42192_model_A	2	124	True	TYR	31	5.78	9	9	1	TYR31:5.8
A0A6J8CJI4_taxID_42192_model	2	202	True	PHE	101	6.97	9	23	1	PHE101:7.0
A0A6J8CKE6_taxID_42192_model	2	143	False					15	0	
A0A6J8CMR4_taxID_42192_model	2	166	True	PHE	65	7.03	9	19	1	PHE65:7.0
A0A6J8CZL5_taxID_42192_model	2	157	True	TRP	50	8.76	9	10	1	TRP50:8.8
A0A6J8D799_taxID_42192_model	2	120	False					17	0	
A0A6J8DL31_taxID_42192_model_A	2	156	False					13	0	
A0A6J8E8F7_taxID_42192_model	2	129	True	TRP	42	5.97	9	14	2	TRP42:6.0;TRP34:6.4
A0A6J8E904_taxID_42192_model	2	108	True	TRP	26	6.97	3	10	1	TRP26:7.0
A0A6J8EA39_taxID_42192_model	2	160	True	TRP	79	4.06	3	18	1	TRP79:4.1
A0A6J8EA73_taxID_42192_model	2	147	True	TRP	62	3.49	4	13	1	TRP62:3.5
A0A6J8EAN0_taxID_42192_model	2	295	True	TYR	214	4.59	9	28	3	TYR214:4.6;PHE210:5.1;TRP114:7.0
A0A6J8ETS6_taxID_42192_model_A	2	151	True	TRP	64	7.05	6	11	1	TRP64:7.1
A0A6M8NXE9_taxID_165450_model	2	155	True	TRP	62	7.14	6	16	1	TRP62:7.1
A0A6P7S5R8_taxID_2607531_model	2	125	True	PHE	54	6.70	5	18	1	PHE54:6.7
A0A6P7S5V1_taxID_2607531_model	2	129	False					16	0	
A0A6P7S7A7_taxID_2607531_model	2	126	True	TYR	52	6.01	8	18	1	TYR52:6.0
A0A6P7S7Y8_taxID_2607531_model	2	129	False					16	0	
A0A6P7TQ10_taxID_2607531_model	2	143	True	TYR	56	7.38	7	16	1	TYR56:7.4
A0A7E6ENM2_taxID_2607531_model	2	120	False					17	0	
A0A7E6EPH5_taxID_2607531_model	2	126	True	TYR	52	6.01	7	18	1	TYR52:6.0
A0A7E6EPK6_taxID_2607531_model	2	125	True	PHE	54	7.68	4	18	1	PHE54:7.7
A0A7E6ER30_taxID_2607531_model	2	126	True	TYR	52	6.83	8	18	2	TYR52:6.8;TYR49:8.7
A0A812BCK9_taxID_158019_model	2	253	False					31	0	
A0A8B6BGF3_taxID_29158_model_A	2	147	True	TRP	62	5.05	4	12	1	TRP62:5.0
A0A8B6CG12_taxID_29158_model	2	133	False					18	0	
A0A8B6CGM7_taxID_29158_model	2	143	False					15	0	
A0A8B6CH58_taxID_29158_model	2	114	False					13	0	
A0A8B6CJB5_taxID_29158_model	2	136	True	TRP	61	5.80	3	13	1	TRP61:5.8
A0A8B6D2T6_taxID_29158_model	2	141	True	TYR	48	5.49	9	14	1	TYR48:5.5
A0A8B6D2Y3_taxID_29158_model	2	125	True	TYR	32	5.64	9	8	1	TYR32:5.6
A0A8B6D5K3_taxID_29158_model_A	2	141	True	TYR	48	5.60	9	11	1	TYR48:5.6
A0A8B6D5L3_taxID_29158_model_A	2	125	True	TYR	32	5.59	9	8	1	TYR32:5.6
A0A8B6DAA2_taxID_29158_model	2	273	False					14	0	
A0A8B6DPX7_taxID_29158_model_A	2	151	True	TYR	57	7.45	9	12	2	TYR57:7.5;TRP64:7.7
A0A8B6EB17_taxID_29158_model	2	129	True	TRP	42	5.96	9	14	2	TRP42:6.0;TRP34:6.5
A0A8B6ECL8_taxID_29158_model_A	2	151	True	TRP	64	7.10	6	12	1	TRP64:7.1
A0A8B6EDW2_taxID_29158_model	2	121	False					17	0	
A0A8B6EF24_taxID_29158_model	2	146	False					18	0	
A0A8B6EUU7_taxID_29158_model	2	142	True	PHE	51	8.54	9	19	1	PHE51:8.5
A0A8B6F0X6_taxID_29158_model_A	2	147	True	PHE	51	7.27	9	13	1	PHE51:7.3
A0A8B6FHC2_taxID_29158_model	2	142	True	TRP	61	4.13	3	14	1	TRP61:4.1
A0A8B6FI79_taxID_29158_model	2	90	True	TRP	60	7.16	3	6	1	TRP60:7.2
A0A8B6FJF9_taxID_29158_model	2	108	True	TRP	26	4.03	3	10	1	TRP26:4.0
A0A8B6FJI9_taxID_29158_model	2	143	True	TRP	61	5.67	4	14	1	TRP61:5.7
A0A8B6GLG5_taxID_29158_model	2	193	True	TYR	100	5.63	9	18	1	TYR100:5.6
A0A8B6GYS2_taxID_29158_model	2	155	True	PHE	55	7.02	9	18	1	PHE55:7.0
A0A8B6GZI5_taxID_29158_model	2	155	True	PHE	55	7.27	9	18	1	PHE55:7.3
A0A8B6H0Q0_taxID_29158_model	2	155	True	PHE	55	7.23	9	18	1	PHE55:7.2
A0A8B8ABF3_taxID_6565_model	2	339	False					23	0	
A0A8B8AQ29_taxID_6565_model_A	2	159	False					16	0	
A0A8B8BBF7_taxID_6565_model	2	171	False					13	0	
A0A8B8BDB7_taxID_6565_model	2	171	True	TYR	54	7.58	9	14	1	TYR54:7.6
A0A8B8BGL0_taxID_6565_model_A	2	170	True	PHE	66	6.76	6	16	2	PHE66:6.8;TYR58:8.1
A0A8B8DPQ6_taxID_6565_model	2	151	False					13	0	
A0A8B8DSI3_taxID_6565_model	2	151	True	TYR	60	5.00	8	11	1	TYR60:5.0
A0A8B8E427_taxID_6565_model	2	154	False					13	0	
A0A8B8E4R7_taxID_6565_model	2	151	False					13	0	
A0A8B8E6Y4_taxID_6565_model	2	151	True	TYR	60	4.90	9	11	1	TYR60:4.9
A0A8B8EBN7_taxID_6565_model	2	142	True	TRP	64	8.37	5	18	1	TRP64:8.4
A0A8B8ECR7_taxID_6565_model_A	2	153	True	TYR	61	5.09	8	18	1	TYR61:5.1
A0A8B8EDC2_taxID_6565_model	2	168	True	TRP	75	7.69	9	18	1	TRP75:7.7
A0A8B8EEW4_taxID_6565_model	2	142	True	TRP	64	6.33	5	18	1	TRP64:6.3
A0A8B8EFI5_taxID_6565_model	2	160	True	TRP	71	7.34	7	17	1	TRP71:7.3
A0A8B8EIY1_taxID_6565_model	2	157	True	TRP	68	7.65	6	17	1	TRP68:7.6
A0A8B8ER43_taxID_6565_model	2	140	True	TRP	60	7.32	6	20	1	TRP60:7.3
A0A8B8ETR2_taxID_6565_model_A	2	162	True	TYR	66	5.82	8	21	1	TYR66:5.8
A0A8B8EX01_taxID_6565_model_A	2	141	True	TRP	64	6.39	4	10	1	TRP64:6.4
A0A8B8EX72_taxID_6565_model	2	151	True	TRP	62	6.87	9	22	1	TRP62:6.9
A0A8B8EXW9_taxID_6565_model_A	2	159	True	TYR	62	5.72	8	21	1	TYR62:5.7
A0A8B8EY98_taxID_6565_model	2	151	True	TRP	62	6.78	9	22	1	TRP62:6.8
A0A8B8EZS9_taxID_6565_model_A	2	161	True	TYR	64	5.69	8	20	1	TYR64:5.7
A0A8S3PQQ5_taxID_6550_model	2	147	True	TRP	62	6.10	4	12	1	TRP62:6.1
A0A8S3PUT0_taxID_6550_model_A	2	147	True	PHE	51	7.73	9	13	1	PHE51:7.7
A0A8S3QCN4_taxID_6550_model_A	2	149	True	TRP	62	7.02	6	12	1	TRP62:7.0
A0A8S3R655_taxID_6550_model_A	2	156	False					14	0	
A0A8S3R6D1_taxID_6550_model	2	147	True	TRP	62	5.73	3	12	1	TRP62:5.7
A0A8S3RAB7_taxID_6550_model	2	159	True	TRP	72	6.10	9	14	2	TRP72:6.1;TRP64:6.3
A0A8S3RU87_taxID_6550_model	2	133	False					18	0	
A0A8S3RVH3_taxID_6550_model	2	121	False					17	0	
A0A8S3RXY4_taxID_6550_model	2	125	True	TYR	32	5.52	9	8	1	TYR32:5.5
A0A8S3S1J4_taxID_6550_model	2	163	True	TRP	50	8.69	9	11	1	TRP50:8.7
A0A8S3SIB6_taxID_6550_model_A	2	122	False					10	0	
A0A8S3SLQ6_taxID_6550_model	2	155	True	PHE	55	7.28	9	18	1	PHE55:7.3
A0A8S3T549_taxID_6550_model	2	143	True	TRP	49	4.28	4	9	1	TRP49:4.3
A0A8S3TBT4_taxID_6550_model_A	2	156	False					14	0	
A0A8S3THT1_taxID_6550_model	2	155	True	TRP	68	3.67	4	12	1	TRP68:3.7
A0A8S3THZ3_taxID_6550_model	2	90	True	TRP	60	7.00	3	6	1	TRP60:7.0
A0A8S3TRN7_taxID_6550_model	2	124	True	TRP	42	6.69	3	11	1	TRP42:6.7
A0A8S3ZTJ4_taxID_100452_model	2	148	True	TRP	50	4.89	5	10	1	TRP50:4.9
A0A8W8HSV4_taxID_29159_model	2	154	False					13	0	
A0A8W8HSX6_taxID_29159_model	2	151	False					13	0	
A0A8W8HTH0_taxID_29159_model	2	207	False					16	0	
A0A8W8HTH5_taxID_29159_model	2	151	False					18	0	
A0A8W8JFH2_taxID_29159_model	2	67	False					6	0	
A0A8W8JTC5_taxID_29159_model_A	2	148	True	TRP	69	6.23	4	11	1	TRP69:6.2
A0A8W8JTD0_taxID_29159_model	2	77	False					10	0	
A0A8W8JU00_taxID_29159_model	2	152	True	TRP	63	6.96	9	18	2	TRP63:7.0;TRP71:7.4
A0A8W8JXH8_taxID_29159_model	2	145	True	TRP	52	7.53	9	18	1	TRP52:7.5
A0A8W8JXI3_taxID_29159_model_A	2	226	True	TRP	147	6.37	4	16	1	TRP147:6.4
A0A8W8JY26_taxID_29159_model	2	145	True	TRP	65	6.98	6	21	1	TRP65:7.0
A0A8W8K3U2_taxID_29159_model_A	2	158	True	TYR	61	7.19	8	22	1	TYR61:7.2
A0A8W8K452_taxID_29159_model	2	140	True	TRP	60	7.45	6	21	1	TRP60:7.5
A0A8W8K7P4_taxID_29159_model	2	189	True	TRP	109	7.12	5	22	1	TRP109:7.1
A0A8W8KA56_taxID_29159_model_A	2	148	True	TYR	51	4.91	8	19	1	TYR51:4.9
A0A8W8KEM7_taxID_29159_model	2	115	True	TRP	26	5.71	7	12	1	TRP26:5.7
A0A8W8KI22_taxID_29159_model	2	146	True	TRP	62	4.37	4	12	1	TRP62:4.4
A0A8W8LVB7_taxID_29159_model_A	2	170	True	PHE	66	6.83	6	17	2	PHE66:6.8;TYR58:8.2
A0A8W8M4V1_taxID_29159_model	2	164	True	TYR	54	6.92	9	17	1	TYR54:6.9
A0A8W8MDV3_taxID_29159_model	2	139	True	TRP	63	3.61	4	13	1	TRP63:3.6
A0A8W8NCM3_taxID_29159_model_A	2	160	False					15	0	
A0A8W8NQN0_taxID_29159_model_A	2	161	False					15	0	
A0A9D4DYF0_taxID_45954_model	2	147	True	TRP	49	5.44	9	9	1	TRP49:5.4
A0A9D4E7C8_taxID_45954_model	2	156	True	TRP	62	7.83	8	12	1	TRP62:7.8
A0A9D4E955_taxID_45954_model	2	150	True	TRP	62	7.17	9	12	1	TRP62:7.2
A0A9D4FNI9_taxID_45954_model	2	161	False					11	0	
A0A9D4IE68_taxID_45954_model	2	144	True	TRP	61	7.62	8	12	1	TRP61:7.6
A0A9D4MW35_taxID_45954_model	2	155	True	TRP	65	5.35	9	19	1	TRP65:5.3
A0A9D4MZ30_taxID_45954_model	2	149	True	TRP	58	5.88	9	14	1	TRP58:5.9
A0A9D4S052_taxID_45954_model	2	154	True	TRP	64	5.54	9	19	1	TRP64:5.5
A0A9U8DXM5_taxID_6526_model	2	141	True	TRP	55	5.31	7	8	1	TRP55:5.3
A0A9U8DXQ3_taxID_6526_model	2	141	True	TRP	55	5.29	9	8	1	TRP55:5.3
A0A9U8DY29_taxID_6526_model	2	144	True	TRP	54	5.84	8	10	1	TRP54:5.8
A0A9W3BB61_taxID_6526_model	2	272	True	TYR	147	4.17	5	30	5	TYR147:4.2;PHE152:5.1;TRP155:6.3;TRP52:6.3;TYR159:8.4
A0A9W3BB75_taxID_6526_model	2	139	True	TRP	53	5.56	9	12	1	TRP53:5.6
A0A9W3BCD9_taxID_6526_model	2	139	True	TRP	54	5.14	9	13	1	TRP54:5.1
A0A9W3BCI9_taxID_6526_model	2	146	True	TRP	51	5.72	6	13	1	TRP51:5.7
A0A9W3BCN2_taxID_6526_model	2	149	True	TRP	54	5.08	9	11	1	TRP54:5.1
A0A9W3BCU0_taxID_6526_model	2	146	True	TRP	51	5.69	7	14	1	TRP51:5.7
A0A9W3BCU2_taxID_6526_model	2	140	True	TRP	52	5.82	9	14	1	TRP52:5.8
A0A9W3BCU8_taxID_6526_model_A	2	144	True	TRP	52	5.35	7	10	1	TRP52:5.4
A0A9W3BCV1_taxID_6526_model	2	144	True	TRP	51	5.28	9	11	1	TRP51:5.3
A0AA36ASM0_taxID_6645_model	2	126	True	TYR	52	6.13	8	18	1	TYR52:6.1
A0AA88XCP2_taxID_66713_model	2	95	True	TRP	18	4.16	5	7	1	TRP18:4.2
A0AA88XIM2_taxID_66713_model	2	125	True	TRP	34	6.34	9	16	2	TRP34:6.3;TRP42:7.3
A0AA88XLZ1_taxID_66713_model	2	137	True	TRP	60	4.21	5	13	1	TRP60:4.2
A0AA88XQR2_taxID_66713_model	2	145	True	TRP	52	6.68	9	19	1	TRP52:6.7
A0AA88Y482_taxID_66713_model	2	92	True	TRP	20	4.59	4	10	1	TRP20:4.6
A0AA88YL18_taxID_66713_model_A	2	191	True	TRP	112	3.89	4	20	1	TRP112:3.9
A0AA89BLK6_taxID_66713_model	2	150	True	TRP	63	6.61	6	13	1	TRP63:6.6
A0AA89C6N4_taxID_66713_model	2	170	True	TYR	64	5.97	6	15	2	TYR64:6.0;TYR56:8.0
A0AAD8ATH3_taxID_112525_model	2	149	True	TRP	54	5.29	9	12	1	TRP54:5.3
A0AAD8ATH6_taxID_112525_model	2	146	True	TRP	51	5.60	7	13	1	TRP51:5.6
A0AAD8ATH9_taxID_112525_model	2	146	True	TRP	51	5.74	7	15	1	TRP51:5.7
A0AAD8ATJ4_taxID_112525_model	2	153	True	TRP	54	5.16	9	14	1	TRP54:5.2
A0AAD8ATK2_taxID_112525_model_A	2	130	True	TRP	42	5.41	9	15	1	TRP42:5.4
A0AAD8AV33_taxID_112525_model	2	141	True	TRP	55	5.30	8	9	1	TRP55:5.3
A0AAD8EWM2_taxID_112525_model	2	139	True	TRP	53	5.55	9	12	1	TRP53:5.6
A0AAE0SIA6_taxID_2493646_model_A	2	202	False					14	0	
A0AAE0SXX2_taxID_2493646_model	2	151	True	TRP	62	6.59	9	15	1	TRP62:6.6
A0AAE0SY34_taxID_2493646_model	2	148	True	TRP	59	7.56	7	16	1	TRP59:7.6
A0AAE0T9H2_taxID_2493646_model	2	148	True	TRP	60	4.83	6	8	2	TRP60:4.8;TRP52:5.7
A0AAE0T9M7_taxID_2493646_model	2	179	True	TRP	88	6.53	9	21	1	TRP88:6.5
A0AAE0TCX4_taxID_2493646_model_A	2	147	True	PHE	63	7.54	3	23	1	PHE63:7.5
A0AAE0TE62_taxID_2493646_model	2	134	False					15	0	
A0AAE0VIU4_taxID_2493646_model	2	88	True	TRP	4	7.06	7	9	1	TRP4:7.1
A0AAE0W4I8_taxID_2493646_model	2	151	True	TRP	62	8.24	8	14	1	TRP62:8.2
A0AAE0WAF6_taxID_2493646_model	2	142	True	TRP	58	7.12	9	16	1	TRP58:7.1
A0AAE0WBG3_taxID_2493646_model	2	155	True	TRP	62	6.97	7	16	1	TRP62:7.0
A0AAE1A084_taxID_231223_model	2	39	False					2	0	
A0AAN8JA38_taxID_87958_model	2	135	True	TRP	57	5.59	6	13	2	TRP57:5.6;PHE49:8.2
A0AAN8JC93_taxID_87958_model	2	102	True	TRP	24	5.80	6	10	2	TRP24:5.8;PHE16:8.1
A0AAN9BYU3_taxID_31220_model	2	164	True	TRP	74	5.74	8	20	1	TRP74:5.7
A0AAN9C041_taxID_31220_model	2	147	True	TRP	57	5.55	8	20	1	TRP57:5.6
A0AAV2IBA7_taxID_6523_model	2	149	True	TRP	54	5.86	9	15	1	TRP54:5.9
A0AAV4B738_taxID_259542_model	2	209	True	TRP	109	6.03	6	14	1	TRP109:6.0
A0AAV4HL71_taxID_1093978_model	2	157	True	PHE	52	7.34	6	13	1	PHE52:7.3
A0ABD3TLC0_taxID_1069815_model	2	141	False					20	0	
A0ABD3TLM7_taxID_1069815_model	2	141	False					17	0	
A0ABD3UTI4_taxID_1069815_model	2	190	False					15	0	
A0ABD3VAS0_taxID_1069815_model	2	151	True	TRP	62	7.00	8	16	1	TRP62:7.0
A0ABD3VAS6_taxID_1069815_model	2	151	True	TRP	62	7.21	9	14	1	TRP62:7.2
A0ABD3VAT2_taxID_1069815_model	2	151	True	TRP	62	7.10	8	15	1	TRP62:7.1
A0ABD3VAT5_taxID_1069815_model	2	152	True	TRP	63	7.05	8	13	1	TRP63:7.1
A0ABD3VD34_taxID_1069815_model	2	151	True	TRP	62	6.15	7	12	1	TRP62:6.1
A0ABD3VDR8_taxID_1069815_model	2	149	True	TRP	60	6.56	8	17	1	TRP60:6.6
A0ABD3VDU0_taxID_1069815_model	2	153	True	TRP	62	7.23	7	15	1	TRP62:7.2
A0ABD3VFH0_taxID_1069815_model	2	148	True	TRP	60	4.75	6	9	2	TRP60:4.8;TRP52:5.8
A0ABD3VGD3_taxID_1069815_model	2	112	True	TRP	28	7.08	9	10	1	TRP28:7.1
A0ABD3VGV3_taxID_1069815_model	2	151	True	TRP	63	7.24	9	18	1	TRP63:7.2
A0ABD3VGY0_taxID_1069815_model	2	141	True	TRP	59	6.86	4	15	1	TRP59:6.9
A0ABD3VGY9_taxID_1069815_model_A	2	148	True	PHE	63	7.81	3	23	1	PHE63:7.8
A0ABD3VH04_taxID_1069815_model	2	134	False					15	0	
A0ABD3VIF5_taxID_1069815_model	2	155	True	TRP	62	6.02	4	16	1	TRP62:6.0
A0ABD3VIH1_taxID_1069815_model	2	136	False					15	0	
A0ABD3VJE0_taxID_1069815_model	2	134	False					15	0	
A0ABD3VJW7_taxID_1069815_model	2	136	False					16	0	
A0ABQ9EBE2_taxID_220873_model_A	2	190	False					19	0	
A0ABQ9EE55_taxID_220873_model	2	138	True	TRP	50	5.28	8	14	1	TRP50:5.3
A0ABQ9EH66_taxID_220873_model	2	149	True	PHE	67	6.16	6	13	2	PHE67:6.2;PHE59:6.7
A0ABY7E0K8_taxID_6604_model	2	149	True	TRP	56	5.71	9	18	1	TRP56:5.7
A0ABY7E8M5_taxID_6604_model	2	181	True	TRP	89	5.66	9	24	1	TRP89:5.7
A0ABY7EQR1_taxID_6604_model	2	148	True	TRP	66	6.58	9	17	2	TRP66:6.6;PHE59:8.8
A0ABY7EVT5_taxID_6604_model	2	110	True	TRP	26	6.82	9	11	1	TRP26:6.8
A0ABY7EW96_taxID_6604_model	2	125	True	TRP	62	6.82	4	9	1	TRP62:6.8
A0ABY7GC10_taxID_6604_model	2	177	True	TRP	65	8.48	5	12	1	TRP65:8.5
K1PS50_taxID_29159_model	2	225	True	TYR	115	6.70	9	27	1	TYR115:6.7
K1PY25_taxID_29159_model	2	67	False					6	0	
K1Q6C9_taxID_29159_model	2	145	True	TRP	52	7.41	9	18	1	TRP52:7.4
K1Q7A7_taxID_29159_model	2	154	False					13	0	
K1QE57_taxID_29159_model_A	2	154	True	TRP	75	6.35	4	11	1	TRP75:6.4
K1QHI1_taxID_29159_model_A	2	183	False					15	0	
K1QMD1_taxID_29159_model	2	77	False					10	0	
K1QPB3_taxID_29159_model	2	207	True	TRP	127	7.70	6	24	1	TRP127:7.7
K1QXR1_taxID_29159_model_A	2	322	False					25	0	
K1R2H1_taxID_29159_model	2	196	True	TRP	107	4.95	7	20	1	TRP107:5.0
K1RE44_taxID_29159_model	2	174	False					20	0	
K1RFL7_taxID_29159_model	2	151	False					17	0	
K1RLT5_taxID_29159_model	2	146	True	TRP	62	4.34	3	12	1	TRP62:4.3
Q76DT9_taxID_6628_model	2	141	False					12	0	
Q76DU0_taxID_6628_model	2	141	False					12	0	
Q7YT36_taxID_6610_model	2	132	False					11	0	
S5QBT9_taxID_66713_model_A	2	140	True	TRP	62	6.07	8	14	1	TRP62:6.1
U5U0P0_taxID_29159_model	2	154	False					13	0	
U5Y3T5_taxID_73031_model	2	146	True	TYR	50	6.15	9	14	1	TYR50:6.2
U5Y6Q1_taxID_73031_model	2	141	True	TRP	61	3.87	3	14	1	TRP61:3.9
U5Y6V7_taxID_73031_model	2	145	True	TYR	52	6.94	9	16	1	TYR52:6.9
V3ZAB2_taxID_225164_model	2	139	True	TRP	52	5.20	8	9	1	TRP52:5.2
