accession,status,his_positions,af3_plddts,afdb_plddts,af3_mean,af3_min,afdb_mean,afdb_min,afdb_missing
Q8WN57,ok,"192,215,224,377,381,404","98.7,98.7,99.0,98.9,98.9,99.0","98.8,98.8,98.9,98.8,98.8,98.9",98.85166666666667,98.68,98.83333333333333,98.75,0
A0A2T9Z3X5,ok,"64,72,81,193,197,219","96.0,93.6,97.7,98.2,98.2,98.4","97.2,95.4,98.6,98.7,98.8,98.9",97.00666666666666,93.62,97.92833333333333,95.44,0
A0A0G2IAS2,ok,"149,157,166,339,343,369","98.9,96.5,98.9,97.2,98.2,98.9","98.8,94.8,98.8,97.6,97.8,98.9",98.105,96.5,97.75,94.75,0
A0A851NN87,ok,"180,202,211,363,367,390","98.9,98.8,99.0,99.0,98.9,99.0","98.8,98.7,98.9,98.8,98.6,98.9",98.91833333333334,98.83,98.79166666666667,98.62,0
A0A7K5TKC5,ok,"191,214,223,376,380,403","98.8,98.8,99.0,98.9,98.9,99.0","98.8,98.8,98.9,98.9,98.8,98.9",98.88833333333332,98.77,98.86500000000001,98.81,0
A0A6J5X623,ok,"183,204,213,335,339,369","98.3,96.2,98.9,98.2,97.9,99.0","97.8,97.4,98.9,98.8,98.5,98.9",98.085,96.16,98.38666666666666,97.38,0
A0A3P6TB98,ok,"127,137,146,278,282,305","94.7,80.7,92.3,92.8,96.7,96.5","92.6,85.6,95.5,95.4,98.1,98.6",92.295,80.71,94.28000000000002,85.56,0
A0A2N5VYD7,ok,"144,152,161,303,307,345","95.5,95.5,98.4,95.7,90.1,97.5","92.7,92.6,98.6,93.6,87.6,98.4",95.42166666666667,90.07,93.915,87.62,0
A0ABR4NFM0,no_afdb,,,,,,,,
A0A2A2JDX4,ok,"156,166,175,321,325,348","95.8,98.2,98.8,98.6,98.7,98.9","90.7,93.9,98.4,97.8,97.7,98.9",98.17333333333333,95.8,96.23166666666667,90.69,0
A0ACC7PIK2,no_afdb,,,,,,,,
A0AAD0RR47,ok,"47,81,90,214,218,244","98.8,98.2,98.9,98.9,97.9,99.0","98.2,93.5,98.7,97.9,97.9,98.9",98.62333333333333,97.89,97.52333333333333,93.5,0
A0A0N4WJP6,ok,"142,152,161,283,287,310","94.0,97.5,98.9,98.7,98.7,99.0","91.4,97.1,98.8,98.4,98.8,98.9",97.80166666666668,94.04,97.25999999999999,91.44,0
A0A0L1INA1,ok,"107,115,124,284,288,312","98.9,97.2,98.9,98.7,98.8,99.0","98.8,98.4,98.9,98.8,98.8,98.9",98.585,97.22,98.77166666666666,98.44,0
A0A2H1GNC2,ok,"72,96,105,290,294,319","89.7,82.2,96.5,94.7,92.7,98.0","93.6,87.8,97.9,97.2,97.3,98.8",92.29666666666667,82.21,95.43666666666667,87.81,0
A0A6G1MDZ6,ok,"131,165,174,364,368,394","92.6,84.5,97.6,96.7,97.1,98.6","95.1,87.4,98.4,96.0,96.4,98.9",94.52166666666666,84.51,95.35666666666667,87.38,0
A0A6V7XS50,ok,"14,24,33,163,167,190","95.9,84.1,93.8,90.1,95.8,95.6","98.1,94.9,98.1,97.6,98.8,98.7",92.53833333333334,84.12,97.68666666666667,94.94,0
A0ABM4B626,no_afdb,,,,,,,,
C9SWR4,ok,"82,106,115,269,273,298","92.4,82.5,94.2,93.0,94.8,95.9","96.8,83.5,96.8,96.9,97.2,98.2",92.12,82.51,94.89666666666666,83.5,0
A0A0H5RF96,ok,"70,79,88,184,188,211","90.1,87.1,95.5,98.5,98.4,98.6","82.4,64.9,80.2,91.7,91.4,95.5",94.695,87.1,84.33666666666666,64.88,0
A0ABW6Z4J8,no_afdb,,,,,,,,
A0A670ZVN6,ok,"192,215,224,377,381,404","98.8,98.7,98.9,98.9,98.8,99.0","98.8,98.8,98.9,98.8,98.7,98.9",98.85000000000001,98.7,98.83333333333333,98.69,0
W3VJT5,ok,"110,118,127,257,261,283","96.7,95.4,98.6,97.8,97.8,98.9","97.9,95.6,98.6,97.4,97.6,98.8",97.53000000000002,95.4,97.665,95.62,0
A0ABR4L7C4,no_afdb,,,,,,,,
A0AA86RZU0,ok,"174,195,204,332,336,366","97.8,96.2,98.8,98.3,98.2,98.9","97.4,96.9,98.9,98.9,98.8,98.9",98.03333333333332,96.2,98.30499999999999,96.94,0
A0A6I9PFY4,ok,"188,211,220,373,377,400","98.8,98.8,98.9,98.9,98.9,99.0","98.9,98.8,98.9,98.9,98.8,98.9",98.89166666666667,98.8,98.87666666666667,98.81,0
A0AAI9ZH00,ok,"102,110,119,277,281,305","96.6,97.2,97.0,98.3,97.7,96.4","96.7,96.4,98.7,97.9,97.2,98.6",97.21833333333332,96.4,97.605,96.44,0
A0ACC3YUB1,no_afdb,,,,,,,,
A0A8B6DID9,ok,"119,128,137,248,252,275","92.2,94.6,97.6,96.6,96.2,98.3","85.2,93.4,95.9,97.6,98.1,98.6",95.92,92.25,94.79166666666667,85.25,0
A0A074Z7G7,ok,"183,208,217,370,374,397","98.3,97.2,98.8,98.1,97.5,98.8","95.6,95.8,98.8,97.9,96.2,98.8",98.11000000000001,97.17,97.17666666666666,95.62,0
A0A4P9YI11,ok,"71,79,88,194,198,223","94.6,90.9,94.7,97.6,97.7,97.7","98.1,96.0,98.8,98.6,97.9,98.9",95.515,90.86,98.06166666666667,96.0,0
A0AAD2H6M4,ok,"19,47,56,215,219,244","88.0,84.1,90.7,95.6,95.5,94.9","96.9,92.9,98.8,98.8,98.8,98.9",91.45333333333333,84.08,97.52166666666666,92.88,0
A0A8T2UT99,ok,"124,146,155,284,288,318","98.9,98.7,99.0,98.9,98.7,99.0","98.5,93.9,98.9,96.2,96.4,98.9",98.86500000000001,98.68,97.12833333333333,93.88,0
A0A8B6CPI6,ok,"270,279,288,398,402,425","93.7,94.5,97.2,98.2,98.3,98.7","93.8,96.7,98.7,98.6,98.8,98.9",96.78333333333335,93.7,97.57333333333334,93.75,0
A0A484DM79,ok,"188,211,220,373,377,400","98.8,98.8,98.9,98.9,98.9,99.0","98.9,98.8,98.9,98.9,98.8,98.9",98.89333333333333,98.79,98.87666666666667,98.81,0
A0A6C0HAV6,ok,"256,269,278,424,428,600","97.9,96.9,98.6,97.0,98.3,98.7","96.9,92.8,97.1,94.8,96.6,97.4",97.90666666666668,96.92,95.94666666666667,92.81,0
A0A8S8ZSZ5,ok,"110,118,127,300,304,328","98.5,98.6,98.9,98.9,98.9,99.0","97.7,98.0,98.7,98.4,97.3,98.9",98.78666666666665,98.45,98.17833333333333,97.31,0
A0A2N5D510,ok,"89,95,104,270,274,310","97.4,96.2,98.8,98.4,98.0,98.9","93.6,90.5,98.2,95.8,94.0,98.7",97.95,96.18,95.125,90.5,0
A0A2G7FQL5,ok,"143,151,160,319,323,346","98.8,98.4,98.9,98.4,98.0,99.0","98.7,97.8,98.9,98.6,98.7,98.9",98.575,98.05,98.585,97.75,0
A0A9P9AQ01,ok,"112,120,129,293,297,321","98.9,97.3,98.9,98.6,98.2,97.3","98.8,96.7,98.9,98.2,98.1,98.7",98.20333333333332,97.29,98.24000000000001,96.69,0
A0A2I2G3M9,ok,"108,116,125,283,287,311","98.9,97.8,99.0,98.8,98.9,99.0","98.8,96.3,98.9,98.5,98.4,98.9",98.72500000000001,97.78,98.32333333333334,96.31,0
A0A9N8NMX8,ok,"113,121,130,290,294,317","99.0,98.4,99.0,98.7,98.5,99.0","98.9,98.4,98.9,98.6,98.4,98.9",98.75333333333333,98.41,98.7,98.38,0
A0A8X7MT47,ok,"134,142,151,296,300,322","98.8,98.5,99.0,97.7,96.5,99.0","97.1,94.4,98.8,97.5,95.8,98.9",98.22833333333334,96.48,97.09333333333332,94.44,0
D7FSG6,ok,"176,186,195,345,349,509","97.6,95.2,98.3,96.1,97.0,98.4","94.2,91.2,96.9,91.4,90.2,95.6",97.10666666666667,95.21,93.27166666666666,90.25,0
A0A7S2WEF6,ok,"206,220,229,377,381,559","95.8,96.3,98.0,95.7,97.1,98.1","92.9,91.4,96.1,93.4,96.1,96.1",96.83,95.73,94.33333333333333,91.44,0
A0A162MRN0,ok,"102,110,119,285,289,313","98.5,94.3,98.7,98.2,98.7,98.8","98.5,95.4,98.7,97.8,98.3,98.9",97.87333333333333,94.29,97.93833333333333,95.44,0
A0AAN6VZ72,ok,"111,119,128,295,299,325","96.4,94.7,99.0,98.8,98.8,99.0","95.6,94.6,98.7,97.6,97.3,98.9",97.78333333333335,94.71,97.09333333333332,94.56,0
A0ABR2V4E2,no_afdb,,,,,,,,
A0A395RTE0,ok,"96,120,129,297,301,326","92.7,89.3,97.6,93.4,89.5,97.6","96.7,91.1,98.6,95.3,92.3,98.8",93.35833333333333,89.34,95.45666666666666,91.06,0
A0A9P8UW26,ok,"84,92,101,220,224,247","98.8,98.1,99.0,98.7,98.9,99.0","95.9,95.8,98.8,98.6,98.7,98.9",98.745,98.1,97.77166666666666,95.81,0
A0A1Y1YAL0,ok,"93,121,130,311,315,339","97.5,96.2,98.9,98.8,98.5,99.0","96.2,91.7,98.2,98.2,97.5,98.9",98.15666666666665,96.23,96.79333333333334,91.69,0
A0ABU1Y4F2,no_afdb,,,,,,,,
A0A8C9FBQ6,no_afdb,,,,,,,,
M3AH24,ok,"91,116,125,294,298,330","98.2,93.6,98.7,98.1,98.3,98.8","97.7,93.8,98.8,98.7,98.4,98.9",97.605,93.58,97.71999999999998,93.81,0
H3GR62,ok,"72,82,91,234,244,266","97.0,94.8,98.6,82.2,72.3,98.0","93.5,88.9,97.7,83.8,87.3,98.2",90.47833333333334,72.28,91.57333333333334,83.81,0
A0A9N9Z3J5,ok,"115,123,132,301,305,329","98.9,98.6,99.0,98.9,98.8,99.0","98.9,98.8,98.9,98.9,98.8,98.9",98.86333333333333,98.63,98.86666666666667,98.75,0
A0ACB8ZZ26,no_afdb,,,,,,,,
A0A5N6LYM1,ok,"183,206,215,350,354,384","97.4,92.5,98.9,97.6,96.8,98.9","98.6,93.6,98.9,98.8,98.1,98.9",97.02,92.5,97.82166666666667,93.56,0
A0A1R0H9M4,ok,"63,71,80,193,197,219","98.8,97.6,98.9,98.8,98.7,98.9","98.1,94.7,98.8,97.6,96.7,98.9",98.62,97.61,97.45833333333333,94.69,0
A0A166Y7S8,ok,"54,75,84,274,278,318","95.4,95.6,98.5,98.3,97.8,98.8","94.1,91.1,98.8,97.8,96.4,98.9",97.38833333333334,95.39,96.16666666666667,91.12,0
A0A6P6PH11,ok,"186,209,218,370,374,397","98.8,98.6,98.9,98.8,98.7,98.9","98.6,98.6,98.9,98.7,98.4,98.9",98.77,98.61,98.68833333333333,98.44,0
A0A8C6PKA3,ok,"180,203,212,366,370,393","98.7,98.2,98.8,97.2,97.5,98.9","98.5,97.6,98.9,97.8,97.4,98.9",98.22166666666665,97.23,98.18833333333333,97.44,0
A0A1Y2D0V7,ok,"73,81,90,223,227,255","93.0,81.5,96.9,91.0,93.5,98.3","87.8,75.5,95.6,86.3,86.3,98.1",92.37166666666667,81.5,88.26833333333333,75.5,0
A0A6V8R0R1,ok,"80,88,97,243,247,269","99.0,98.8,99.0,99.0,99.0,99.0","97.7,97.2,98.9,98.7,97.4,98.9",98.95333333333333,98.84,98.13833333333332,97.19,0
A0A2K8P7T4,ok,"38,54,63,199,203,225","98.2,97.4,98.9,98.5,98.3,99.0","98.4,97.4,98.8,98.5,98.4,98.9",98.36833333333334,97.38,98.41833333333334,97.38,0
A0A9P9BLZ6,ok,"135,143,152,271,275,298","98.8,98.1,99.0,98.9,98.8,99.0","98.5,97.2,98.9,98.8,98.3,98.9",98.76166666666667,98.08,98.43833333333333,97.25,0
A0A8B6D2Y3,ok,"125,134,143,254,258,281","93.5,95.9,97.8,97.1,97.6,98.3","93.8,94.9,98.7,97.9,97.6,98.9",96.69666666666666,93.48,96.96999999999998,93.81,0
A0AAJ3LKX2,ok,"160,166,175,339,343,366","93.2,78.5,95.5,85.3,87.4,98.4","92.9,79.4,96.5,93.8,95.7,98.6",89.71333333333332,78.51,92.80333333333333,79.44,0
Q2H7D7,ok,"72,96,105,333,337,366","93.9,89.5,98.0,97.0,97.0,98.5","93.6,87.8,98.6,96.2,94.1,98.9",95.64833333333333,89.5,94.86333333333334,87.81,0
A0A9P4M4U2,ok,"91,99,108,287,291,314","96.8,95.0,96.4,95.4,97.4,94.4","96.4,91.7,98.2,95.1,94.9,97.5",95.90833333333335,94.41,95.64666666666666,91.69,0
A0A4Q4SXW4,ok,"56,64,73,190,194,217","92.0,87.3,96.8,94.3,93.9,97.5","93.4,86.1,98.1,96.1,96.2,98.4",93.63333333333333,87.28,94.73833333333334,86.12,0
A0A9P5K8K9,ok,"72,103,112,298,302,332","91.1,80.0,96.9,96.6,96.8,98.7","89.9,83.5,97.4,96.1,94.9,98.7",93.35166666666667,80.03,93.41833333333334,83.5,0
A0A9D4U427,ok,"213,233,242,367,371,401","96.5,96.0,98.9,98.0,97.2,98.9","95.8,94.8,98.8,98.2,97.1,98.9",97.585,96.04,97.25999999999999,94.81,0
A0A6A6G5D8,ok,"114,122,131,295,299,323","98.9,98.2,99.0,98.9,98.9,99.0","98.9,98.4,98.9,98.8,98.6,98.9",98.79166666666667,98.21,98.75166666666667,98.38,0
A0A7W7ZLM5,ok,"80,86,95,299,303,339","98.2,95.4,99.0,98.7,98.1,99.0","96.6,90.1,98.7,96.9,94.2,98.8",98.05666666666666,95.4,95.86500000000001,90.06,0
V9FDQ9,ok,"116,126,135,275,279,301","98.7,98.0,98.9,98.8,98.8,99.0","97.6,94.4,98.5,97.9,98.0,98.9",98.68,98.04,97.54333333333334,94.44,0
A0A1S3B632,ok,"158,178,187,310,314,344","98.0,95.8,98.9,98.1,97.8,98.9","98.5,97.8,98.9,98.9,98.7,98.9",97.91333333333334,95.84,98.62666666666667,97.81,0
F4RTV5,ok,"111,119,128,262,266,289","98.7,96.7,98.7,97.0,96.0,98.6","98.5,95.4,98.6,93.0,90.5,98.7",97.60166666666667,96.05,95.79166666666667,90.5,0
Q0UVC7,ok,"123,131,140,302,306,329","98.9,98.8,99.0,99.0,99.0,99.0","98.5,98.1,98.9,98.8,98.8,98.9",98.94833333333334,98.82,98.65666666666668,98.06,0
A0A4V6QED0,ok,"70,98,107,285,289,314","96.1,90.2,98.3,92.8,93.1,98.6","95.6,87.6,98.6,90.6,88.1,98.8",94.87333333333333,90.24,93.21499999999999,87.62,0
A0ABR2CC07,no_afdb,,,,,,,,
A0A7K5SBD0,ok,"180,202,211,363,367,390","98.8,98.8,98.9,99.0,98.9,98.9","98.7,98.7,98.9,98.8,98.5,98.9",98.88833333333332,98.79,98.75166666666667,98.5,0
A0A4R8PUJ5,ok,"116,124,133,298,302,326","99.0,98.8,98.9,99.0,99.0,99.0","98.8,98.6,98.8,98.8,98.8,98.9",98.94666666666667,98.84,98.78000000000002,98.56,0
A0AAN7ADJ0,ok,"103,111,120,264,268,292","95.6,95.7,97.7,91.2,82.1,96.0","97.9,96.8,98.4,95.2,90.2,98.4",93.05333333333334,82.11,96.16833333333334,90.25,0
A0A9P8YJY5,ok,"109,117,126,286,290,313","98.4,95.2,98.6,97.4,96.3,98.9","98.6,95.1,98.8,97.2,97.1,98.9",97.46166666666666,95.17,97.62333333333333,95.12,0
A0A811ZGG6,ok,"184,197,206,359,363,386","96.4,95.4,98.4,98.8,98.7,98.9","98.0,97.9,98.9,98.8,98.8,98.9",97.75833333333333,95.41,98.55333333333333,97.94,0
Q9F1K7,ok,"38,54,63,190,194,216","98.8,98.5,98.9,98.9,98.7,99.0","98.8,98.8,98.9,98.9,98.9,98.9",98.80666666666667,98.48,98.86666666666667,98.75,0
A0ABV3HVN4,no_afdb,,,,,,,,
A0A6H9UQ49,ok,"39,60,69,224,228,250","99.0,98.9,99.0,99.0,98.9,99.0","95.2,94.9,98.9,97.7,96.9,98.9",98.94666666666666,98.88,97.08666666666666,94.88,0
A0A8I1B785,ok,"56,77,86,272,276,319","84.7,87.3,96.1,96.6,95.5,98.2","97.5,96.0,98.9,98.8,98.6,98.9",93.06833333333334,84.66,98.13499999999999,96.0,0
A0A1C7MJW4,ok,"66,89,98,272,276,301","94.1,85.1,97.0,98.1,98.4,98.6","95.2,92.2,98.6,98.4,98.4,98.9",95.20333333333333,85.08,96.95,92.19,0
A0A6P7TQ10,ok,"143,152,161,272,276,299","88.6,88.9,96.4,95.0,94.6,98.0","87.8,86.8,97.2,94.1,91.6,98.6",93.59666666666665,88.6,92.665,86.75,0
A0A0N4ZH21,ok,"160,170,179,301,305,328","97.7,95.1,98.5,98.0,98.6,98.8","94.9,93.3,98.1,96.8,97.2,98.8",97.78166666666668,95.14,96.53000000000002,93.31,0
A0A8H5ZQ82,ok,"97,121,130,302,306,330","97.8,95.4,98.7,98.8,98.8,98.9","97.9,93.5,98.7,98.4,98.4,98.9",98.06333333333333,95.4,97.63833333333332,93.5,0
A0A9W9BY78,ok,"97,121,130,262,266,290","93.1,96.5,98.6,97.9,94.6,97.9","94.1,91.9,97.8,96.5,93.6,97.7",96.44,93.14,95.25999999999999,91.94,0
A0A7X1JBZ8,ok,"64,85,94,246,250,272","98.9,98.5,99.0,99.0,98.9,99.0","98.5,97.4,98.5,94.8,96.5,98.6",98.87666666666667,98.55,97.375,94.75,0
A0A1L9N5U9,ok,"106,114,123,284,288,312","98.9,98.0,99.0,98.9,99.0,99.0","98.9,98.4,98.9,98.9,98.8,98.9",98.80333333333333,98.04,98.80499999999999,98.38,0
A0A6A6QJA3,ok,"66,90,99,269,273,298","95.8,91.9,98.5,98.1,98.1,98.8","95.6,90.8,98.7,98.2,97.9,98.9",96.85666666666667,91.9,96.67833333333333,90.81,0
A0ABY7EU89,no_afdb,,,,,,,,
A0A8H5WYS4,ok,"160,166,175,329,333,356","92.9,94.3,98.3,98.2,98.2,98.4","92.8,71.2,97.6,88.9,87.4,98.5",96.705,92.86,89.39666666666666,71.25,0
A0A6A6VHS6,ok,"117,125,134,346,350,373","93.2,83.9,92.9,96.2,98.3,98.0","95.9,91.2,98.1,97.0,98.4,98.9",93.77499999999999,83.93,96.575,91.25,0
W9PP37,ok,"108,116,125,285,289,312","99.0,98.8,99.0,98.9,98.9,99.0","98.9,98.6,98.9,98.7,98.8,98.9",98.92833333333334,98.81,98.79333333333334,98.56,0
A0ABD2FD23,ok,"180,202,211,363,367,390","98.9,98.8,99.0,98.9,98.9,99.0","98.7,98.7,98.9,98.8,98.6,98.9",98.89333333333333,98.77,98.78166666666668,98.62,0
A0A9W8DS45,ok,"67,75,84,197,201,223","98.9,98.4,98.9,98.7,98.7,98.9","98.6,96.1,98.8,98.1,98.2,98.9",98.745,98.38,98.10333333333334,96.12,0
S3ZAM0,ok,"38,54,63,190,194,216","98.4,98.2,98.9,98.9,98.8,99.0","98.7,98.7,98.9,98.9,98.9,98.9",98.68666666666667,98.2,98.83666666666666,98.69,0
A0AAN6UAQ4,ok,"81,89,98,244,248,274","98.9,98.0,99.0,98.7,98.7,99.0","98.6,97.1,98.9,98.0,98.2,98.9",98.71833333333335,98.01,98.29166666666667,97.12,0
A0A3Q2EEY2,ok,"180,203,212,364,368,391","98.7,98.0,98.8,98.6,98.6,98.9","98.5,98.4,98.9,98.8,98.6,98.9",98.605,98.05,98.67833333333333,98.44,0
A0A7S3XKX0,ok,"219,232,241,392,396,517","98.3,96.7,98.6,98.3,98.6,98.7","95.9,92.8,96.6,95.5,94.8,97.3",98.19166666666666,96.67,95.48833333333334,92.81,0
A0A3P7IMH7,ok,"17,27,36,158,162,185","97.1,97.4,97.3,97.5,98.2,95.0","96.7,97.2,98.8,98.2,98.7,98.9",97.10666666666667,95.04,98.075,96.69,0
A0A7K6QEH7,ok,"191,213,222,371,375,398","98.8,98.5,98.9,98.6,98.2,99.0","98.8,98.5,98.9,98.3,97.6,98.9",98.65666666666668,98.16,98.50999999999999,97.56,0
A0ABW7C1H8,no_afdb,,,,,,,,
A0ABR3GXR3,no_afdb,,,,,,,,
A0A7R9M988,ok,"41,66,75,193,197,223","97.9,96.1,97.8,97.5,97.2,96.9","98.6,96.6,98.8,97.9,98.0,98.8",97.26833333333333,96.13,98.12333333333333,96.62,0
A0ACC2IM76,no_afdb,,,,,,,,
A0AAD6D6A6,ok,"83,107,116,314,318,345","91.5,81.4,96.5,94.1,95.6,97.9","91.3,85.2,97.9,97.5,97.8,98.8",92.85833333333335,81.44,94.75999999999999,85.25,0
A0ACC1WWQ1,no_afdb,,,,,,,,
A0A9W8U4P3,ok,"75,83,92,223,227,252","98.7,96.9,98.9,98.6,98.6,98.9","98.3,95.4,98.9,98.4,96.6,98.9",98.43166666666667,96.87,97.77166666666666,95.44,0
A0A9P0ERG8,ok,"80,88,97,243,247,269","99.0,98.5,99.0,99.0,99.0,99.0","97.6,97.8,98.9,98.7,97.5,98.9",98.90500000000002,98.55,98.23,97.5,0
A0A6G5RE05,ok,"39,55,64,200,204,226","98.4,97.8,99.0,98.8,98.5,99.0","98.4,97.3,98.9,98.3,98.1,98.9",98.57166666666666,97.75,98.32333333333334,97.31,0
A0A3N4IZV1,ok,"239,245,254,420,424,447","92.8,85.6,97.5,93.5,95.1,98.3","91.0,74.4,95.8,82.7,84.8,97.6",93.81,85.63,87.69833333333334,74.38,0
A0ABP0CA47,no_afdb,,,,,,,,
A0AB34KA60,ok,"102,127,136,301,305,337","98.4,94.2,98.8,98.2,98.6,98.9","98.4,95.8,98.9,98.8,98.8,98.9",97.85333333333334,94.18,98.28166666666668,95.81,0
A0A2G2XHP8,ok,"200,218,227,348,352,390","96.8,95.1,98.8,97.7,96.9,98.9","94.9,91.9,98.9,98.6,97.6,98.9",97.37666666666667,95.07,96.80333333333333,91.88,0
A0A175VPP2,ok,"78,86,95,241,245,271","98.8,97.5,98.9,98.6,98.5,99.0","98.8,97.1,98.9,98.4,98.2,98.9",98.56,97.48,98.37666666666667,97.06,0
A0A2T4GS03,ok,"131,139,148,308,312,335","99.0,98.3,99.0,98.7,98.4,99.0","98.9,98.4,98.9,98.7,98.6,98.9",98.69500000000001,98.26,98.73166666666667,98.38,0
A0A437AMZ0,no_afdb,,,,,,,,
M1W198,ok,"103,127,136,309,313,338","96.2,91.7,98.2,96.4,95.0,98.6","97.8,92.8,98.8,98.1,97.5,98.9",96.03000000000002,91.67,97.30166666666666,92.75,0
A0A4P9Z2E4,ok,"77,85,94,208,212,234","98.6,96.3,98.8,98.4,98.4,98.9","97.4,85.3,98.8,87.8,83.7,98.9",98.23666666666666,96.33,91.98,83.69,0
A0AAD1W2I8,ok,"183,204,213,361,365,388","93.4,93.9,98.3,98.3,97.3,98.6","93.7,95.2,98.6,98.4,97.6,98.8",96.64666666666666,93.38,97.05166666666666,93.69,0
A8NQE7,ok,"90,98,107,275,279,302","98.9,97.2,99.0,98.5,98.4,99.0","96.9,92.1,98.9,94.0,94.2,98.9",98.485,97.15,95.84499999999998,92.12,0
A0A1J9Q075,ok,"63,88,97,311,315,342","90.2,81.4,97.3,98.0,95.6,98.5","88.4,80.6,97.5,93.8,88.2,98.6",93.50833333333333,81.43,91.17666666666666,80.56,0
A0A9Q0WG28,ok,"149,169,178,310,314,345","97.3,94.0,98.7,97.3,96.0,98.8","94.1,92.7,98.8,98.4,96.2,98.9",97.03833333333334,94.05,96.50166666666667,92.69,0
A0A9P9IXR3,ok,"170,176,185,343,347,370","96.3,95.1,98.2,97.8,98.1,98.5","87.1,70.1,96.2,92.2,92.8,98.4",97.355,95.06,89.44833333333334,70.06,0
A7SSF6,ok,"309,317,326,453,457,479","93.3,87.8,97.9,92.8,92.3,97.9","96.4,96.2,98.6,93.5,86.9,98.7",93.67666666666666,87.85,95.04333333333334,86.88,0
A0AAN9ULJ2,ok,"84,92,101,244,248,271","99.0,96.8,99.0,96.6,97.1,99.0","98.7,95.6,98.9,96.5,97.6,98.9",97.89166666666667,96.56,97.69833333333334,95.56,0
A0ABR1Q9W9,no_afdb,,,,,,,,
A0A7K9FEN0,ok,"191,213,222,371,375,398","98.6,97.6,98.9,97.7,96.3,98.9","98.8,98.3,98.9,98.2,97.2,98.9",98.00166666666667,96.3,98.40666666666668,97.25,0
A0ABU4R8E7,no_afdb,,,,,,,,
A0A0A0A6E7,ok,"180,202,211,363,367,390","98.8,98.7,98.9,98.9,98.8,98.9","98.8,98.8,98.9,98.8,98.6,98.9",98.84999999999998,98.7,98.80166666666666,98.62,0
A0A2Y9EW91,ok,"192,215,224,373,377,400","98.6,98.6,98.9,98.8,98.8,98.9","98.9,98.9,98.9,98.9,98.8,98.9",98.77500000000002,98.61,98.87833333333333,98.75,0
A0ABR2WA08,no_afdb,,,,,,,,
A0A7W7PTB6,ok,"39,55,64,200,204,226","96.9,96.8,98.9,98.7,98.4,99.0","98.4,97.5,98.9,98.5,98.3,98.9",98.11166666666666,96.8,98.42833333333333,97.5,0
R1DV14,ok,"66,83,92,212,216,238","89.5,82.5,96.7,97.1,96.3,98.2","85.4,81.0,93.9,94.1,88.2,98.4",93.39166666666665,82.51,90.16833333333334,81.0,0
A0A8T2UAP3,ok,"122,142,151,273,277,307","97.2,91.6,98.8,95.0,92.8,98.8","97.3,90.4,98.9,96.9,94.8,98.9",95.71666666666665,91.62,96.2,90.44,0
A0A2T9ZGW2,ok,"68,76,85,200,204,226","98.6,97.6,98.8,98.3,98.2,98.9","98.7,98.1,98.9,98.4,98.6,98.9",98.39999999999999,97.59,98.585,98.06,0
A0A8C9P8U8,no_afdb,,,,,,,,
A0AAD9D0W8,ok,"90,98,107,226,230,253","98.5,98.1,98.9,98.2,98.7,98.9","98.1,97.0,98.7,98.1,98.6,98.9",98.55166666666666,98.14,98.22833333333334,97.0,0
A0A4P7N5I7,ok,"111,135,144,315,319,344","95.8,91.2,98.3,96.9,96.6,98.7","96.8,92.1,98.8,98.2,98.1,98.9",96.245,91.16,97.15500000000002,92.12,0
A0AAJ6TLA8,ok,"169,190,199,320,324,354","97.9,95.5,98.8,97.5,97.2,98.9","97.8,97.0,98.9,98.6,98.5,98.9",97.63666666666667,95.47,98.29166666666667,97.0,0
A0A060X1G5,no_afdb,,,,,,,,
A0A7S2CAB6,ok,"141,154,163,311,315,446","96.8,96.0,98.2,97.2,98.0,98.5","97.9,94.7,98.1,94.9,93.2,98.2",97.43499999999999,96.0,96.17833333333333,93.19,0
A0ABD2M4S6,ok,"214,224,233,359,363,386","96.9,97.2,98.7,98.1,97.6,98.9","88.6,89.9,97.7,93.8,96.4,98.7",97.89333333333333,96.9,94.17833333333333,88.56,0
A0A507EJC1,ok,"71,79,88,215,219,245","96.8,88.7,98.3,93.6,96.0,98.6","84.9,79.1,96.7,85.4,88.2,98.6",95.34500000000001,88.72,88.82333333333334,79.12,0
A0ABN8CQB0,no_afdb,,,,,,,,
A0A2R6XDH9,ok,"119,140,149,289,293,316","98.8,98.0,98.9,98.5,98.2,98.9","98.4,96.6,98.8,97.9,98.0,98.8",98.575,98.0,98.07333333333334,96.56,0
L0N6P7,ok,"39,60,69,224,228,250","99.0,98.9,99.0,98.9,98.9,99.0","98.8,97.4,98.9,98.2,98.2,98.9",98.94,98.86,98.42833333333333,97.44,0
A0A8G1VJJ2,ok,"124,132,141,307,311,335","99.0,98.8,99.0,99.0,98.9,99.0","98.9,98.9,98.9,98.9,98.9,98.9",98.95166666666665,98.85,98.92,98.88,0
Q868D0,ok,"184,240,249,402,406,429","98.5,97.8,98.8,98.7,98.4,98.9","97.7,96.8,98.7,98.5,97.7,98.9",98.53666666666668,97.83,98.04333333333334,96.81,0
F4PBI8,ok,"75,83,92,216,220,243","96.9,94.9,98.5,97.9,98.0,98.7","95.5,93.4,98.3,92.2,93.3,98.7",97.48166666666667,94.91,95.24000000000001,92.19,0
A0A670ZW57,ok,"195,218,227,379,383,406","98.8,97.8,98.9,97.8,98.2,98.9","98.9,98.8,98.9,98.8,98.8,98.9",98.40666666666668,97.8,98.835,98.75,0
A0A9P7K585,ok,"67,75,84,211,215,238","98.8,98.7,99.0,99.0,99.0,99.0","98.3,96.9,98.9,98.2,98.4,98.9",98.89333333333332,98.65,98.29333333333334,96.88,0
A0A4Q4N7D9,ok,"80,88,97,242,246,272","99.0,98.5,99.0,98.8,98.8,99.0","98.8,98.3,98.9,98.6,98.6,98.9",98.82666666666667,98.46,98.68666666666667,98.31,0
A0ABR3QJQ9,no_afdb,,,,,,,,
A0ABR1S822,no_afdb,,,,,,,,
A0A010S6Q2,ok,"105,113,122,283,287,310","99.0,98.6,99.0,98.8,98.8,99.0","98.8,98.6,98.9,98.6,98.7,98.9",98.87166666666667,98.63,98.77,98.62,0
B6H6P3,ok,"93,101,110,270,274,297","98.8,93.8,98.7,96.0,96.8,98.8","98.8,95.8,98.9,97.1,97.5,98.9",97.14333333333333,93.8,97.83333333333333,95.81,0
A0A8I0HR42,ok,"38,62,71,210,214,236","98.2,98.5,98.9,98.9,98.9,99.0","98.1,98.4,98.9,98.9,98.9,98.9",98.74166666666667,98.17,98.67,98.06,0
A0AAW1NAD2,ok,"180,201,210,334,338,368","96.8,95.4,98.9,98.8,98.7,99.0","95.5,95.1,98.9,98.8,98.5,98.9",97.91666666666667,95.4,97.61500000000001,95.12,0
A0A0D2IUZ3,ok,"67,91,100,317,321,347","94.5,89.8,97.9,97.3,97.6,98.7","94.1,89.4,97.4,97.6,97.6,98.8",95.96166666666666,89.83,95.82166666666667,89.44,0
A0A2U1JE60,ok,"66,74,83,194,198,220","97.8,95.6,98.5,98.8,98.5,98.9","97.4,92.0,98.7,97.5,96.2,98.9",98.02,95.6,96.78333333333335,92.0,0
A0A9P3CPX6,ok,"102,126,135,303,307,332","98.0,96.5,98.9,98.6,98.6,98.9","98.3,94.7,98.8,98.4,97.8,98.9",98.24666666666667,96.54,97.83333333333333,94.69,0
A0A8H4KQ60,ok,"76,84,93,231,235,256","97.2,95.0,98.8,98.8,98.7,98.8","95.6,92.5,98.6,98.6,98.1,98.7",97.88166666666666,94.98,97.00833333333333,92.5,0
A0A7J6X8X7,ok,"169,190,199,322,326,355","98.8,98.5,98.9,98.8,98.8,98.9","97.2,96.9,98.8,98.1,98.2,98.9",98.79666666666667,98.53,98.03166666666668,96.88,0
A0A1E1MLZ3,ok,"133,141,150,271,275,298","98.8,97.7,99.0,98.8,98.5,99.0","98.8,97.6,98.9,98.8,98.8,98.9",98.61666666666667,97.68,98.625,97.62,0
A0A7J8VK94,ok,"160,181,190,314,318,348","97.3,96.8,98.9,98.8,98.5,99.0","97.8,97.7,98.9,98.8,98.7,98.9",98.22833333333334,96.76,98.46999999999998,97.69,0
A0ABY7EX19,no_afdb,,,,,,,,
A0A1Y1Y511,ok,"75,83,92,206,210,232","98.6,97.3,98.9,98.8,98.8,98.9","98.3,98.2,98.9,98.6,98.2,98.9",98.54,97.28,98.54166666666667,98.25,0
A0A260ZAA2,ok,"217,227,236,358,362,385","94.8,90.2,97.8,94.5,96.8,98.5","94.2,94.0,98.4,96.6,96.9,98.8",95.44666666666667,90.25,96.46999999999998,94.0,0
A0AAV9WQK5,ok,"98,106,115,259,263,289","98.7,98.5,98.9,98.5,98.7,98.9","98.8,98.4,98.9,97.7,97.8,98.9",98.7,98.45,98.40833333333335,97.69,0
A0A1Q8S0I1,ok,"39,47,56,172,176,199","98.5,98.6,98.0,98.7,98.7,97.4","97.8,98.1,98.9,98.6,98.5,98.9",98.295,97.41,98.46833333333332,97.81,0
A0ABR1VYM7,no_afdb,,,,,,,,
A0A397AP35,ok,"66,76,84,232,236,258","98.3,95.0,97.2,95.7,97.5,94.4","98.6,95.9,98.6,96.4,98.1,97.5",96.36833333333334,94.44,97.52,95.94,0
A0A3B3YLN6,ok,"204,227,236,389,393,416","98.8,98.8,99.0,99.0,98.9,99.0","98.8,98.8,98.9,98.8,98.7,98.9",98.91000000000001,98.83,98.81333333333333,98.69,0
A0AAV0YZZ9,ok,"176,197,206,328,332,362","98.1,97.2,99.0,98.8,98.7,99.0","98.0,97.9,98.9,98.9,98.8,98.9",98.45499999999998,97.21,98.575,97.94,0
A0ABT2D037,no_afdb,,,,,,,,
A0A4S2MMJ0,ok,"128,136,145,306,310,334","98.9,98.7,99.0,98.9,98.8,99.0","98.9,98.7,98.9,98.8,98.8,98.9",98.89166666666665,98.71,98.835,98.69,0
A0A7S4DDY2,ok,"134,147,156,307,311,432","95.2,87.7,95.5,94.6,96.5,96.8","96.1,90.9,96.2,91.9,92.8,96.2",94.375,87.74,94.03166666666668,90.88,0
A0ABR1KCA3,no_afdb,,,,,,,,
E9D1H2,ok,"123,131,140,314,318,344","96.3,86.8,95.0,96.8,97.6,97.9","97.3,89.0,98.1,95.9,96.7,98.8",95.06,86.75,95.96833333333332,89.0,0
A0AAD4EYT8,ok,"230,238,247,407,411,434","97.5,95.3,98.9,98.3,98.3,98.9","97.5,96.2,98.9,97.4,97.2,98.9",97.85333333333331,95.26,97.67999999999999,96.19,0
A0A6A6TBA0,ok,"89,116,125,302,306,330","96.0,94.6,98.6,98.0,98.0,98.8","96.8,92.4,98.2,97.9,96.8,98.9",97.335,94.56,96.815,92.38,0
A0ABR3PNQ2,no_afdb,,,,,,,,
A0A673W637,ok,"194,216,225,378,382,405","98.7,98.6,98.8,98.5,97.4,98.8","98.8,98.7,98.9,98.4,96.2,98.9",98.48666666666666,97.37,98.315,96.19,0
A0A8H5JGL4,ok,"80,88,97,243,247,269","99.0,98.4,99.0,99.0,99.0,99.0","96.8,97.1,98.9,98.6,97.2,98.9",98.86999999999999,98.38,97.91666666666667,96.75,0
A0A9W8R9U3,ok,"73,97,106,279,283,320","97.5,93.4,98.7,98.8,98.7,98.9","97.1,93.2,98.8,98.2,97.8,98.9",97.66833333333334,93.39,97.33333333333333,93.25,0
A0A9P7H0V2,ok,"113,121,130,290,294,317","99.0,98.8,99.0,98.9,98.9,99.0","98.9,98.6,98.9,98.6,98.6,98.9",98.915,98.81,98.77,98.56,0
A0AAE0HNM3,ok,"133,141,150,305,309,332","98.5,95.9,98.9,98.0,97.7,99.0","98.4,93.4,98.8,96.2,97.1,98.9",97.99833333333333,95.9,97.14666666666666,93.44,0
A0ABQ8N5F3,no_afdb,,,,,,,,
A0AAJ0EXH3,ok,"92,100,109,236,240,263","97.9,97.4,98.9,98.8,98.9,99.0","95.3,94.8,98.8,98.2,98.5,98.9",98.48333333333333,97.38,97.41666666666667,94.81,0
A0A368GCF5,ok,"153,159,168,296,300,323","98.9,97.7,99.0,98.8,98.3,99.0","96.6,92.1,98.6,94.8,95.8,98.9",98.59499999999998,97.68,96.11333333333334,92.06,0
