resnum	residue	match_state
1	M	
2	S	
3	N	
4	K	
5	Y	
6	R	
7	V	
8	R	
9	K	
10	N	
11	V	
12	L	
13	H	
14	L	
15	T	
16	D	
17	T	
18	E	
19	K	
20	R	
21	D	
22	F	
23	V	
24	R	
25	T	
26	V	
27	L	
28	I	
29	L	
30	K	
31	E	
32	K	
33	G	
34	I	3
35	Y	4
36	D	5
37	R	6
38	Y	7
39	I	8
40	A	9
41	W	10
42	H	11
43	G	12
44	A	13
45	A	14
46	G	15
47	K	16
48	F	17
49	H	18
50	T	19
51	P	20
52	P	21
53	G	22
54	S	
55	D	
56	R	
57	N	
58	A	23
59	A	24
60	H	25
61	M	26
62	S	27
63	S	28
64	A	29
65	F	30
66	L	31
67	P	32
68	W	33
69	H	34
70	R	35
71	E	36
72	Y	37
73	L	38
74	L	39
75	R	40
76	F	41
77	E	42
78	R	43
79	D	44
80	L	45
81	Q	46
82	S	47
83	I	48
84	N	52
85	P	53
86	E	54
87	V	55
88	T	56
89	L	57
90	P	58
91	Y	59
92	W	60
93	E	61
94	W	62
95	E	63
96	T	64
97	D	65
98	A	
99	Q	
100	M	
101	Q	
102	D	
103	P	66
104	S	67
105	Q	68
106	S	69
107	Q	70
108	I	71
109	W	72
110	S	73
111	A	74
112	D	75
113	F	76
114	M	77
115	G	78
116	G	79
117	N	80
118	G	81
119	N	82
120	P	83
121	I	84
122	K	85
123	D	86
124	F	87
125	I	88
126	V	89
127	D	90
128	T	96
129	G	97
130	P	98
131	F	99
132	A	100
133	A	101
134	G	102
135	R	103
136	W	104
137	T	105
138	T	
139	I	
140	D	
141	E	
142	Q	106
143	G	107
144	N	108
145	P	109
146	S	111
147	G	112
148	G	113
149	L	114
150	K	115
151	R	116
152	N	117
153	F	118
154	G	119
155	A	120
156	T	121
157	K	122
158	E	123
159	A	124
160	P	125
161	T	126
162	L	127
163	P	128
164	T	129
165	R	130
166	D	131
167	D	132
168	V	133
169	L	134
170	N	135
171	A	136
172	L	137
173	K	138
174	I	139
175	T	140
176	Q	141
177	Y	142
178	D	143
179	T	144
180	P	145
181	P	146
182	W	147
183	D	148
184	M	149
185	T	150
186	S	154
187	Q	155
188	N	156
189	S	157
190	F	158
191	R	159
192	N	160
193	Q	161
194	L	162
195	E	163
196	G	164
197	F	165
198	I	166
199	N	167
200	G	168
201	P	169
202	Q	170
203	L	173
204	H	174
205	N	175
206	R	176
207	V	177
208	H	178
209	R	179
210	W	180
211	V	181
212	G	182
213	G	183
214	Q	184
215	M	185
216	G	186
217	V	187
218	V	188
219	P	189
220	T	190
221	A	191
222	P	192
223	N	193
224	D	194
225	P	195
226	V	196
227	F	197
228	F	198
229	L	199
230	H	200
231	H	201
232	A	202
233	N	203
234	V	204
235	D	205
236	R	206
237	I	207
238	W	208
239	A	209
240	V	210
241	W	211
242	Q	212
243	I	
244	I	
245	H	
246	R	
247	N	
248	Q	
249	N	
250	Y	
251	Q	
252	P	
253	M	
254	K	
255	N	
256	G	
257	P	
258	F	
259	G	
260	Q	
261	N	
262	F	
263	R	
264	D	
265	P	
266	M	
267	Y	
268	P	
269	W	
270	N	
271	T	
272	T	
273	P	
274	E	
275	D	
276	V	
277	M	
278	N	
279	H	
280	R	
281	K	
282	L	
283	G	
284	Y	
285	V	
286	Y	
287	D	
288	I	
289	E	
290	L	
291	R	
292	K	
293	S	
294	K	
295	R	
296	S	
297	S	
