accession,best_ce_cov,best_ce_rmsd,best_ce_naln,best_ce_ref
A0A010RV53,0.889,3.37,256,ref_PmTYR
A0A010S1R5,0.855,4.28,224,ref_1JS8_squid
A0A014N831,0.861,3.17,248,ref_PmTYR
A0A016W215,0.889,3.08,256,ref_PmTYR
A0A016W324,0.889,3.06,256,ref_PmTYR
A0A023GU59,0.991,0.82,336,ref_5CE9_Jregia
A0A024UGQ1,0.916,4.73,240,ref_1JS8_squid
A0A061GFI2,0.905,0.97,304,ref_1BT3_Ibatatas
A0A066RUA7,0.885,3.31,232,ref_1JS8_squid
A0A066X3Q1,0.885,3.48,232,ref_1JS8_squid
A0A066XSE1,0.889,3.38,256,ref_PmTYR
A0A066Y1V3,0.916,3.38,240,ref_1JS8_squid
A0A067CT24,0.916,4.45,240,ref_1JS8_squid
A0A067CZT6,0.916,3.66,240,ref_1JS8_squid
A0A072Q6Y5,0.778,3.59,224,ref_PmTYR
A0A074RWE6,0.885,4.10,232,ref_1JS8_squid
A0A074S9M8,0.855,3.37,224,ref_1JS8_squid
A0A074SDG0,0.885,3.61,232,ref_1JS8_squid
A0A074VI76,0.548,5.28,184,ref_1BT3_Ibatatas
A0A074W682,0.889,3.29,256,ref_PmTYR
A0A074W6F3,0.667,4.49,192,ref_PmTYR
A0A074XND5,0.566,5.27,192,ref_5CE9_Jregia
A0A074YQS1,0.733,4.52,192,ref_1JS8_squid
A0A077YX65,0.833,3.29,240,ref_PmTYR
A0A077ZGT3,0.861,3.03,248,ref_PmTYR
A0A080ZC48,0.885,4.02,232,ref_1JS8_squid
A0A080ZC49,0.794,4.77,208,ref_1JS8_squid
A0A080ZVP9,0.916,4.07,240,ref_1JS8_squid
A0A084AJL7,0.885,4.13,232,ref_1JS8_squid
A0A084GDW0,0.885,3.46,232,ref_1JS8_squid
A0A084R1I5,0.885,3.51,232,ref_1JS8_squid
A0A085M8H3,0.861,3.06,248,ref_PmTYR
A0A086T0Z5,0.912,3.05,320,ref_2Y9W_Abisporus
A0A087UWG8,0.824,3.56,216,ref_1JS8_squid
A0A091EJM4,0.975,1.39,352,ref_5M8L_human
A0A091IY37,0.931,1.74,336,ref_5M8L_human
A0A091L9M2,0.931,1.77,336,ref_5M8L_human
A0A091TMG5,0.944,3.08,272,ref_PmTYR
A0A093CQX0,0.917,3.15,264,ref_PmTYR
A0A093H736,0.975,1.24,352,ref_5M8L_human
A0A093JA04,0.931,1.77,336,ref_5M8L_human
A0A093R256,0.944,2.92,272,ref_PmTYR
A0A099ZQM2,0.975,1.24,352,ref_5M8L_human
A0A0A2VDR5,0.885,4.01,232,ref_1JS8_squid
A0A0A2X4S5,0.885,4.85,232,ref_1JS8_squid
A0A0A7CM13,0.916,3.69,240,ref_1JS8_squid
A0A0A7CM93,0.916,4.44,240,ref_1JS8_squid
A0A0A7CMA7,0.916,3.64,240,ref_1JS8_squid
A0A0A7CN79,0.916,3.61,240,ref_1JS8_squid
A0A0A7CP65,0.885,3.98,232,ref_1JS8_squid
A0A0B2X1U6,0.947,4.45,248,ref_1JS8_squid
A0A0B7FL26,0.885,3.54,232,ref_1JS8_squid
A0A0C2HF86,0.672,4.94,176,ref_1JS8_squid
A0A0C2HHH6,0.824,3.81,216,ref_1JS8_squid
A0A0C2WPB2,0.917,4.04,264,ref_PmTYR
A0A0C2XCT6,0.855,5.02,224,ref_1JS8_squid
A0A0C3B6I5,0.947,4.02,248,ref_1JS8_squid
A0A0C4EEL6,0.672,4.18,176,ref_1JS8_squid
A0A0C4F9W5,0.667,3.45,192,ref_PmTYR
A0A0C9SL04,0.885,3.65,232,ref_1JS8_squid
A0A0C9SRH3,0.885,3.74,232,ref_1JS8_squid
A0A0D2EZH2,0.885,4.07,232,ref_1JS8_squid
A0A0D2FU82,0.934,4.32,328,ref_2Y9W_Abisporus
A0A0D2M1N4,0.889,3.26,256,ref_PmTYR
A0A0D2UIJ1,0.881,2.40,296,ref_1BT3_Ibatatas
A0A0D3HYU6,0.417,3.83,120,ref_PmTYR
A0A0D6LWG8,0.305,2.79,80,ref_1JS8_squid
A0A0D6LZL4,0.861,3.30,248,ref_PmTYR
A0A0D9NQW1,0.861,3.18,248,ref_PmTYR
A0A0E0C8Q1,0.929,1.87,312,ref_1BT3_Ibatatas
A0A0F4GBJ7,0.885,4.56,232,ref_1JS8_squid
A0A0F5VAR5,0.885,3.28,232,ref_1JS8_squid
A0A0F8A4E9,0.916,3.63,240,ref_1JS8_squid
A0A0G2GB29,0.843,3.84,296,ref_2Y9W_Abisporus
A0A0G4IUF0,0.824,3.54,216,ref_1JS8_squid
A0A0G4N7R0,0.889,3.60,256,ref_PmTYR
A0A0G4NU02,0.833,3.59,240,ref_PmTYR
A0A0K6G359,0.861,3.66,248,ref_PmTYR
A0A0K6G3H3,0.861,3.79,248,ref_PmTYR
A0A0K6GCM0,0.934,3.43,328,ref_2Y9W_Abisporus
A0A0K9PZE6,0.952,1.99,320,ref_1BT3_Ibatatas
A0A0L0NB41,0.885,3.63,232,ref_1JS8_squid
A0A0L0VSW2,0.855,3.80,224,ref_1JS8_squid
A0A0L0W3Q3,0.855,3.73,224,ref_1JS8_squid
A0A0L6VTF1,0.458,4.96,120,ref_1JS8_squid
A0A0L8FGF3,0.855,4.34,224,ref_1JS8_squid
A0A0L8G8M2,0.702,3.82,184,ref_1JS8_squid
A0A0L8ICD6,0.855,3.70,224,ref_1JS8_squid
A0A0L8IDI7,0.855,3.70,224,ref_1JS8_squid
A0A0M3IG66,0.889,3.23,256,ref_PmTYR
A0A0M3IJ33,0.889,3.26,256,ref_PmTYR
A0A0N4SWM8,0.889,3.26,256,ref_PmTYR
A0A0N4VKH8,0.806,4.99,232,ref_PmTYR
A0A0N4Y6D6,0.861,3.78,248,ref_PmTYR
A0A0P1ANE6,0.885,4.11,232,ref_1JS8_squid
A0A0R3PF75,0.861,4.06,248,ref_PmTYR
A0A0R3QQ18,0.889,3.41,256,ref_PmTYR
A0A0R3RX42,0.889,3.39,256,ref_PmTYR
A0A0U1M3F3,0.947,4.23,248,ref_1JS8_squid
A0A0U5GNJ7,0.947,4.58,248,ref_1JS8_squid
A0A0V0R8Y7,0.855,3.71,224,ref_1JS8_squid
A0A0V0S806,0.672,4.32,176,ref_1JS8_squid
A0A0V0TGR2,0.694,3.87,200,ref_PmTYR
A0A0V0YE73,0.861,3.08,248,ref_PmTYR
A0A0V1AAJ2,0.861,3.27,248,ref_PmTYR
A0A0V1ABN4,0.861,3.05,248,ref_PmTYR
A0A0V1BIN6,0.702,4.71,184,ref_1JS8_squid
A0A0V1DE70,0.861,3.06,248,ref_PmTYR
A0A0V1ESS6,0.861,3.05,248,ref_PmTYR
A0A0V1G4S3,0.861,3.05,248,ref_PmTYR
A0A0V1I3Y0,0.861,3.10,248,ref_PmTYR
A0A0V1JHS7,0.861,3.04,248,ref_PmTYR
A0A0V1KD92,0.861,3.06,248,ref_PmTYR
A0A0V1KR57,0.672,4.33,176,ref_1JS8_squid
A0A0V1MUW3,0.861,3.06,248,ref_PmTYR
A0A0W8AY19,0.885,4.05,232,ref_1JS8_squid
A0A0W8C3R7,0.824,4.44,216,ref_1JS8_squid
A0A0W8DAM1,0.885,4.33,232,ref_1JS8_squid
A0A0Y0DNT4,0.861,3.06,248,ref_PmTYR
A0A135SEP1,0.917,3.83,264,ref_PmTYR
A0A135TNR4,0.833,3.65,240,ref_PmTYR
A0A135TX30,0.885,3.98,232,ref_1JS8_squid
A0A135UY99,0.917,4.07,264,ref_PmTYR
A0A135V6V7,0.794,3.80,208,ref_1JS8_squid
A0A135V6Y1,0.855,4.17,224,ref_1JS8_squid
A0A135V8Q3,0.889,3.41,256,ref_PmTYR
A0A137NPX8,0.763,3.23,200,ref_1JS8_squid
A0A139HAY5,0.885,3.61,232,ref_1JS8_squid
A0A142I737,0.885,4.37,232,ref_1JS8_squid
A0A151TBD1,0.976,1.76,328,ref_1BT3_Ibatatas
A0A158RAT2,0.889,3.41,256,ref_PmTYR
A0A161VY89,0.861,3.27,248,ref_PmTYR
A0A161WK35,0.885,4.42,232,ref_1JS8_squid
A0A166M367,0.889,3.38,256,ref_PmTYR
A0A166TEN8,0.885,3.63,232,ref_1JS8_squid
A0A166TRG0,0.934,3.12,328,ref_2Y9W_Abisporus
A0A166U3J7,0.889,3.37,256,ref_PmTYR
A0A167AFV0,0.855,3.87,224,ref_1JS8_squid
A0A167BRG2,0.885,3.49,232,ref_1JS8_squid
A0A167GD15,0.866,2.72,304,ref_2Y9W_Abisporus
A0A167KGF5,0.885,4.18,232,ref_1JS8_squid
A0A168EXD0,0.885,3.66,232,ref_1JS8_squid
A0A168H3F0,0.866,3.27,304,ref_2Y9W_Abisporus
A0A175VYW1,0.889,3.58,256,ref_PmTYR
A0A175W3Y2,0.889,3.52,256,ref_PmTYR
A0A177CZG6,0.934,2.47,328,ref_2Y9W_Abisporus
A0A177DSJ1,0.889,3.42,256,ref_PmTYR
A0A177E0Q1,0.861,3.71,248,ref_PmTYR
A0A177F584,0.889,2.53,312,ref_2Y9W_Abisporus
A0A177T6E5,0.885,4.03,232,ref_1JS8_squid
A0A178D5B3,0.889,2.47,312,ref_2Y9W_Abisporus
A0A179I3R8,0.866,2.79,304,ref_2Y9W_Abisporus
A0A180GDP5,0.855,3.72,224,ref_1JS8_squid
A0A183I077,0.889,3.18,256,ref_PmTYR
A0A183IVQ9,0.861,2.97,248,ref_PmTYR
A0A194WE27,0.752,4.26,264,ref_2Y9W_Abisporus
A0A194XMC7,0.916,3.73,240,ref_1JS8_squid
A0A194XN12,0.885,3.41,232,ref_1JS8_squid
A0A194XSF1,0.855,3.54,224,ref_1JS8_squid
A0A1B7YR08,0.889,3.36,256,ref_PmTYR
A0A1E1JSY2,0.889,3.90,312,ref_2Y9W_Abisporus
A0A1G4AYJ9,0.889,3.38,256,ref_PmTYR
A0A1G4BKS1,0.885,3.54,232,ref_1JS8_squid
A0A1G6VNA4,0.794,5.36,208,ref_1JS8_squid
A0A1G8B6K0,0.889,2.66,256,ref_PmTYR
A0A1H1X1U7,0.763,4.52,200,ref_1JS8_squid
A0A1H7VPR3,0.855,4.58,224,ref_1JS8_squid
A0A1I4X2F3,0.763,4.14,200,ref_1JS8_squid
A0A1I5PK02,0.855,4.73,224,ref_1JS8_squid
A0A1I7VEA5,0.889,3.41,256,ref_PmTYR
A0A1I8I6W4,0.953,3.29,344,ref_5M8L_human
A0A1I8IJ91,0.953,3.69,344,ref_5M8L_human
A0A1I9G609,0.889,3.42,256,ref_PmTYR
A0A1I9G629,0.889,3.26,256,ref_PmTYR
A0A1J9R2U7,0.861,3.48,248,ref_PmTYR
A0A1L7T8U3,0.861,3.38,248,ref_PmTYR
A0A1L7V991,0.885,4.33,232,ref_1JS8_squid
A0A1L7XXI3,0.702,4.74,184,ref_1JS8_squid
A0A1L9PZT9,0.889,3.64,256,ref_PmTYR
A0A1L9S434,0.889,3.47,256,ref_PmTYR
A0A1L9T6V0,0.885,3.76,232,ref_1JS8_squid
A0A1L9WGB2,0.916,4.03,240,ref_1JS8_squid
A0A1N6ZK30,0.861,2.99,248,ref_PmTYR
A0A1Q8RT46,0.885,3.50,232,ref_1JS8_squid
A0A1R3RV41,0.855,3.70,224,ref_1JS8_squid
A0A1R3VBN3,0.824,5.33,216,ref_1JS8_squid
A0A1R4H6E4,0.885,4.42,232,ref_1JS8_squid
A0A1R4H727,0.885,4.97,232,ref_1JS8_squid
A0A1S8CTM4,0.916,4.79,240,ref_1JS8_squid
A0A1S8X904,0.953,3.26,344,ref_5M8L_human
A0A1U7LR42,0.916,3.75,240,ref_1JS8_squid
A0A1V4I1C4,0.794,4.86,208,ref_1JS8_squid
A0A1V6NT23,0.885,3.69,232,ref_1JS8_squid
A0A1V9YE51,0.885,3.66,232,ref_1JS8_squid
A0A1V9YSU1,0.824,4.20,216,ref_1JS8_squid
A0A1V9YYD2,0.916,3.65,240,ref_1JS8_squid
A0A1V9Z4B6,0.916,4.19,240,ref_1JS8_squid
A0A1X6NRK9,0.861,3.66,248,ref_PmTYR
A0A1X6PJ39,0.861,3.18,248,ref_PmTYR
A0A1X7RU91,0.861,3.19,248,ref_PmTYR
A0A1X7RVT3,0.885,3.49,232,ref_1JS8_squid
A0A1Y1VYU8,0.833,3.17,240,ref_PmTYR
A0A1Y1Z6J4,0.702,3.24,184,ref_1JS8_squid
A0A1Y1ZAQ2,0.861,2.89,248,ref_PmTYR
A0A1Y2DTS3,0.885,3.72,232,ref_1JS8_squid
A0A1Y2EAK7,0.833,5.22,240,ref_PmTYR
A0A1Y2HIE7,0.794,3.69,208,ref_1JS8_squid
A0A1Y2I4M2,0.336,3.49,88,ref_1JS8_squid
A0A1Y6LJW2,0.806,3.84,232,ref_PmTYR
A0A1Y6LLM1,0.885,3.49,232,ref_1JS8_squid
A0A210R2D2,0.824,3.42,216,ref_1JS8_squid
A0A218Z9Z9,0.889,3.78,256,ref_PmTYR
A0A225WZW1,0.916,4.56,240,ref_1JS8_squid
A0A232LQ58,0.916,4.30,240,ref_1JS8_squid
A0A232M3P4,0.957,3.25,336,ref_2Y9W_Abisporus
A0A238C4W2,0.889,3.18,256,ref_PmTYR
A0A2A2KWS8,0.889,2.97,256,ref_PmTYR
A0A2B7X1D4,0.947,3.95,248,ref_1JS8_squid
A0A2B7Y1Z4,0.798,3.64,280,ref_2Y9W_Abisporus
A0A2C9KDQ8,0.855,3.34,224,ref_1JS8_squid
A0A2G8L6J4,0.855,4.52,224,ref_1JS8_squid
A0A2G9GQP1,0.952,2.33,320,ref_1BT3_Ibatatas
A0A2G9H9E5,0.833,2.78,280,ref_1BT3_Ibatatas
A0A2H1GH96,0.861,3.18,248,ref_PmTYR
A0A2H3E8H0,0.889,3.36,256,ref_PmTYR
A0A2H3S6Y7,0.861,3.29,248,ref_PmTYR
A0A2H3SXS3,0.885,4.02,232,ref_1JS8_squid
A0A2H4SUB3,0.916,3.27,240,ref_1JS8_squid
A0A2I1CEB6,0.885,4.25,232,ref_1JS8_squid
A0A2J6PRK0,0.885,3.50,232,ref_1JS8_squid
A0A2J6QS19,0.885,3.56,232,ref_1JS8_squid
A0A2J6R1Z2,0.934,3.30,328,ref_2Y9W_Abisporus
A0A2J6S1F6,0.861,3.58,248,ref_PmTYR
A0A2J6S2Q8,0.889,3.96,256,ref_PmTYR
A0A2J6TC85,0.750,4.81,216,ref_PmTYR
A0A2J6TD48,0.885,3.55,232,ref_1JS8_squid
A0A2J8X8R4,0.975,1.69,352,ref_5M8L_human
A0A2L2SRY2,0.957,3.54,336,ref_2Y9W_Abisporus
A0A2L2TIX2,0.861,3.34,248,ref_PmTYR
A0A2N3MZ18,0.889,3.56,256,ref_PmTYR
A0A2N3N7R4,0.722,3.56,208,ref_PmTYR
A0A2N5SEN2,0.855,3.82,224,ref_1JS8_squid
A0A2N5SRB5,0.694,2.96,200,ref_PmTYR
A0A2N5SSF6,0.694,2.97,200,ref_PmTYR
A0A2N5TV63,0.855,3.71,224,ref_1JS8_squid
A0A2N5U4U9,0.750,3.56,216,ref_PmTYR
A0A2N5VYB1,0.694,2.96,200,ref_PmTYR
A0A2N6NRW3,0.855,3.74,224,ref_1JS8_squid
A0A2P7YDE6,0.917,4.50,264,ref_PmTYR
A0A2P7Z1M8,0.861,3.37,248,ref_PmTYR
A0A2P7ZE68,0.750,3.24,216,ref_PmTYR
A0A2S4L8N0,0.912,3.79,320,ref_2Y9W_Abisporus
A0A2S4UTV9,0.855,3.79,224,ref_1JS8_squid
A0A2S4VER1,0.855,3.55,224,ref_1JS8_squid
A0A2S4VEY7,0.855,3.79,224,ref_1JS8_squid
A0A2T2N6M0,0.947,3.68,248,ref_1JS8_squid
A0A2T2NJ62,0.813,4.19,248,ref_I3D139_archaea
A0A2T2PBL1,0.934,2.73,328,ref_2Y9W_Abisporus
A0A2T3ZXK1,0.889,3.95,256,ref_PmTYR
A0A2T4GS12,0.798,4.04,280,ref_2Y9W_Abisporus
A0A2T6BVL4,0.855,3.05,224,ref_1JS8_squid
A0A2T6ZWP4,0.947,4.24,248,ref_1JS8_squid
A0A2T9Y3X3,0.672,3.93,176,ref_1JS8_squid
A0A2U3E4P9,0.916,3.60,240,ref_1JS8_squid
A0A2V1D8S9,0.885,3.70,232,ref_1JS8_squid
A0A2V1EB40,0.934,3.00,328,ref_2Y9W_Abisporus
A0A2V5IDW1,0.885,3.62,232,ref_1JS8_squid
A0A2V5JDM1,0.917,3.56,264,ref_PmTYR
A0A2Z5HVJ6,0.991,1.34,336,ref_5CE9_Jregia
A0A317SGF7,0.855,4.23,224,ref_1JS8_squid
A0A317VMA5,0.885,3.53,232,ref_1JS8_squid
A0A319FJL1,0.917,3.48,264,ref_PmTYR
A0A329SB08,0.885,4.01,232,ref_1JS8_squid
A0A329SW91,0.916,4.11,240,ref_1JS8_squid
A0A365MY87,0.833,3.74,240,ref_PmTYR
A0A365NE95,0.861,3.74,248,ref_PmTYR
A0A368QNI6,0.881,2.50,296,ref_1BT3_Ibatatas
A0A384K0M5,0.885,3.59,232,ref_1JS8_squid
A0A384K4W6,0.885,3.45,232,ref_1JS8_squid
A0A395S427,0.885,4.25,232,ref_1JS8_squid
A0A395T2J9,0.917,4.11,264,ref_PmTYR
A0A397AHH6,0.556,5.51,160,ref_PmTYR
A0A3B6EKX7,0.885,4.24,232,ref_1JS8_squid
A0A3B6J0G9,0.855,4.10,224,ref_1JS8_squid
A0A3E2HCJ3,0.885,3.56,232,ref_1JS8_squid
A0A3F2RYX7,0.855,4.14,224,ref_1JS8_squid
A0A3F3PW89,0.889,3.21,256,ref_PmTYR
A0A3F3Q782,0.916,4.06,240,ref_1JS8_squid
A0A3M6VLC9,0.885,3.98,232,ref_1JS8_squid
A0A3M6XNY6,0.866,3.60,304,ref_2Y9W_Abisporus
A0A3M7C5D9,0.957,2.86,336,ref_2Y9W_Abisporus
A0A3M7J5F3,0.934,2.87,328,ref_2Y9W_Abisporus
A0A3M7MKX7,0.957,2.67,336,ref_2Y9W_Abisporus
A0A3N0CP77,0.861,3.02,248,ref_PmTYR
A0A3N4IPE1,0.912,3.40,320,ref_2Y9W_Abisporus
A0A3N4K3H4,0.861,4.05,248,ref_PmTYR
A0A3P3Y6K2,0.824,3.51,216,ref_1JS8_squid
A0A3P6S9E3,0.708,5.41,240,ref_5CE9_Jregia
A0A3P7DNC2,0.889,3.25,256,ref_PmTYR
A0A3P8DS39,0.855,3.80,224,ref_1JS8_squid
A0A3P8WHA0,0.931,1.88,336,ref_5M8L_human
A0A3P8WJV9,0.917,3.36,264,ref_PmTYR
A0A3P8WPJ5,0.917,3.34,264,ref_PmTYR
A0A3R7FX46,0.794,4.43,208,ref_1JS8_squid
A0A3S3Q853,0.855,4.78,224,ref_1JS8_squid
A0A401PX39,0.855,4.00,224,ref_1JS8_squid
A0A409WYM8,0.889,3.58,256,ref_PmTYR
A0A419QAV9,0.953,3.45,344,ref_5M8L_human
A0A420MD28,0.410,4.21,144,ref_2Y9W_Abisporus
A0A420TE23,0.806,3.90,232,ref_PmTYR
A0A421G844,0.916,4.44,240,ref_1JS8_squid
A0A425CLB8,0.885,3.99,232,ref_1JS8_squid
A0A430HE78,0.855,4.39,224,ref_1JS8_squid
A0A437ABU9,0.934,2.35,328,ref_2Y9W_Abisporus
A0A443HXX0,0.885,3.40,232,ref_1JS8_squid
A0A444RJX5,0.806,3.47,232,ref_PmTYR
A0A444UPP0,0.909,1.66,328,ref_5M8L_human
A0A447TAE7,0.763,4.69,200,ref_1JS8_squid
A0A484G057,0.889,3.39,256,ref_PmTYR
A0A485KPS2,0.916,4.21,240,ref_1JS8_squid
A0A485KPU0,0.916,4.37,240,ref_1JS8_squid
A0A485KQE4,0.916,4.47,240,ref_1JS8_squid
A0A485KTR0,0.778,4.27,224,ref_PmTYR
A0A498S2C2,0.889,3.42,256,ref_PmTYR
A0A4E9FIB1,0.889,3.28,256,ref_PmTYR
A0A4P9VZN9,0.861,3.68,248,ref_PmTYR
A0A4P9XG75,0.861,3.56,248,ref_PmTYR
A0A4P9XJ34,0.861,3.31,248,ref_PmTYR
A0A4P9XNA4,0.750,3.10,216,ref_PmTYR
A0A4Q4M2B0,0.778,3.22,224,ref_PmTYR
A0A4Q4NQ20,0.778,3.30,224,ref_PmTYR
A0A4R8PT74,0.806,3.56,232,ref_PmTYR
A0A4R8REE8,0.889,3.71,256,ref_PmTYR
A0A4R8RI59,0.861,3.68,248,ref_PmTYR
A0A4R8T272,0.806,4.14,232,ref_PmTYR
A0A4R8TI16,0.833,3.37,240,ref_PmTYR
A0A4S2LAY4,0.909,3.82,328,ref_5M8L_human
A0A4S2LBN1,0.953,3.31,344,ref_5M8L_human
A0A4S9F9F9,0.548,5.14,184,ref_1BT3_Ibatatas
A0A4S9LP12,0.571,5.09,192,ref_1BT3_Ibatatas
A0A4S9TP14,0.543,5.28,184,ref_5CE9_Jregia
A0A4S9V507,0.548,5.10,184,ref_1BT3_Ibatatas
A0A4S9Y8F5,0.543,5.01,184,ref_5CE9_Jregia
A0A4T0BL07,0.566,5.24,192,ref_5CE9_Jregia
A0A4T0EP09,0.543,5.22,184,ref_5CE9_Jregia
A0A4T0FMD4,0.694,3.01,200,ref_PmTYR
A0A4T0WAP6,0.889,3.37,256,ref_PmTYR
A0A4U0TXP9,0.885,3.63,232,ref_1JS8_squid
A0A4U0VC90,0.824,4.19,216,ref_1JS8_squid
A0A4U0VS63,0.750,2.75,216,ref_PmTYR
A0A4U0XT20,0.885,3.61,232,ref_1JS8_squid
A0A4U6X5Z4,0.889,3.86,256,ref_PmTYR
A0A4U7AY24,0.733,3.42,192,ref_1JS8_squid
A0A4U7B5J3,0.885,3.61,232,ref_1JS8_squid
A0A4U7BEM6,0.889,3.42,256,ref_PmTYR
A0A4U9EHQ3,0.957,2.45,336,ref_2Y9W_Abisporus
A0A4W4EZ83,0.917,2.62,264,ref_PmTYR
A0A4W4FK82,0.975,1.77,352,ref_5M8L_human
A0A4W4FKH2,0.975,1.75,352,ref_5M8L_human
A0A4W6F5R6,0.953,1.73,344,ref_5M8L_human
A0A4Y5U475,0.465,2.11,168,ref_5M8L_human
A0A4Y7SLE9,0.861,3.31,248,ref_PmTYR
A0A4Y8CCG2,0.885,4.10,232,ref_1JS8_squid
A0A4Y8D0D0,0.778,3.82,224,ref_PmTYR
A0A4Y8D0V3,0.885,3.40,232,ref_1JS8_squid
A0A4Y9L370,0.855,5.08,224,ref_1JS8_squid
A0A4Z0YK01,0.885,3.54,232,ref_1JS8_squid
A0A4Z1EV38,0.885,3.70,232,ref_1JS8_squid
A0A4Z1FR91,0.885,3.48,232,ref_1JS8_squid
A0A4Z1K5V5,0.885,3.62,232,ref_1JS8_squid
A0A4Z1NUI9,0.861,3.29,248,ref_PmTYR
A0A4Z1PB68,0.917,4.02,264,ref_PmTYR
A0A507BI78,0.957,2.66,336,ref_2Y9W_Abisporus
A0A507BMG0,0.889,3.57,256,ref_PmTYR
A0A507BNL8,0.912,2.60,320,ref_2Y9W_Abisporus
A0A507F691,0.917,3.77,264,ref_PmTYR
A0A507F697,0.861,3.01,248,ref_PmTYR
A0A544XUX3,0.861,2.98,248,ref_PmTYR
A0A562PHQ5,0.794,4.39,208,ref_1JS8_squid
A0A5B0PE42,0.855,3.74,224,ref_1JS8_squid
A0A5B0S431,0.855,3.71,224,ref_1JS8_squid
A0A5C3QBW9,0.861,3.23,248,ref_PmTYR
A0A5C6MG15,0.931,1.90,336,ref_5M8L_human
A0A5C6SKB8,0.824,3.85,216,ref_1JS8_squid
A0A5C6SLG5,0.794,4.45,208,ref_1JS8_squid
A0A5D2CAK1,0.920,1.38,312,ref_5CE9_Jregia
A0A5D2Q415,0.786,2.60,264,ref_1BT3_Ibatatas
A0A5J5NCV8,0.920,1.43,312,ref_5CE9_Jregia
A0A5J6HY91,0.855,3.36,224,ref_1JS8_squid
A0A5M8PS01,0.885,3.59,232,ref_1JS8_squid
A0A5N5DLD5,0.833,3.57,240,ref_PmTYR
A0A5N5DM31,0.861,3.46,248,ref_PmTYR
A0A5N5QEZ6,0.889,3.17,256,ref_PmTYR
A0A5N6BWN4,0.855,3.43,224,ref_1JS8_squid
A0A5N7CL84,0.916,3.68,240,ref_1JS8_squid
A0A5N7DKE9,0.885,3.70,232,ref_1JS8_squid
A0A5Q4BTC4,0.885,3.18,232,ref_1JS8_squid
A0A5Q4BZL7,0.861,3.34,248,ref_PmTYR
A0A5S6QIU3,0.861,3.13,248,ref_PmTYR
A0A5S6QUR5,0.833,3.27,240,ref_PmTYR
A0A654M5U9,0.885,4.03,232,ref_1JS8_squid
A0A667G1E1,0.886,1.47,320,ref_5M8L_human
A0A672MGC5,0.909,1.42,328,ref_5M8L_human
A0A672ML46,0.909,1.46,328,ref_5M8L_human
A0A673AVA6,0.931,2.12,336,ref_5M8L_human
A0A6A3EYQ9,0.885,4.36,232,ref_1JS8_squid
A0A6A3FBU7,0.885,4.03,232,ref_1JS8_squid
A0A6A3HLB0,0.855,4.16,224,ref_1JS8_squid
A0A6A3L3S8,0.916,4.30,240,ref_1JS8_squid
A0A6A3MUA3,0.885,4.34,232,ref_1JS8_squid
A0A6A3NDJ9,0.916,4.30,240,ref_1JS8_squid
A0A6A3Q4B5,0.855,4.17,224,ref_1JS8_squid
A0A6A4E140,0.916,4.30,240,ref_1JS8_squid
A0A6A4G489,0.885,4.02,232,ref_1JS8_squid
A0A6A4ZE36,0.787,5.27,240,ref_I3D139_archaea
A0A6A5TIJ7,0.934,2.49,328,ref_2Y9W_Abisporus
A0A6A5TLY8,0.889,3.58,256,ref_PmTYR
A0A6A5VK30,0.934,2.44,328,ref_2Y9W_Abisporus
A0A6A5XM88,0.833,4.23,240,ref_PmTYR
A0A6A5YJL3,0.885,4.17,232,ref_1JS8_squid
A0A6A5ZPV6,0.889,3.56,256,ref_PmTYR
A0A6A6BKX9,0.885,3.62,232,ref_1JS8_squid
A0A6A6C2M9,0.885,3.61,232,ref_1JS8_squid
A0A6A6CAJ8,0.885,3.58,232,ref_1JS8_squid
A0A6A6CBF1,0.885,3.52,232,ref_1JS8_squid
A0A6A6D3V8,0.957,2.83,336,ref_2Y9W_Abisporus
A0A6A6H4U9,0.885,3.46,232,ref_1JS8_squid
A0A6A6HHK4,0.885,3.60,232,ref_1JS8_squid
A0A6A6IDS4,0.934,2.36,328,ref_2Y9W_Abisporus
A0A6A6JAY1,0.885,3.64,232,ref_1JS8_squid
A0A6A6JN94,0.934,2.94,328,ref_2Y9W_Abisporus
A0A6A6TSU5,0.889,3.83,256,ref_PmTYR
A0A6A6V9C0,0.957,2.58,336,ref_2Y9W_Abisporus
A0A6A6VF46,0.885,3.69,232,ref_1JS8_squid
A0A6A6VMY9,0.947,3.71,248,ref_1JS8_squid
A0A6A6VU64,0.885,3.54,232,ref_1JS8_squid
A0A6A6XLR7,0.889,3.93,256,ref_PmTYR
A0A6A6YIL2,0.889,2.54,312,ref_2Y9W_Abisporus
A0A6A7BLX6,0.885,3.47,232,ref_1JS8_squid
A0A6G0JRR3,0.833,4.11,240,ref_PmTYR
A0A6G0LHA8,0.885,4.34,232,ref_1JS8_squid
A0A6G0QFF2,0.885,5.01,232,ref_1JS8_squid
A0A6G0S364,0.885,4.38,232,ref_1JS8_squid
A0A6G0WB52,0.916,4.58,240,ref_1JS8_squid
A0A6G0XI62,0.916,4.01,240,ref_1JS8_squid
A0A6G1IEP5,0.806,5.00,232,ref_PmTYR
A0A6G1KGG9,0.861,3.78,248,ref_PmTYR
A0A6H0Y3Z6,0.885,3.51,232,ref_1JS8_squid
A0A6I3X362,0.794,4.72,208,ref_1JS8_squid
A0A6J1BLU4,0.905,2.98,304,ref_1BT3_Ibatatas
A0A6J8AZI7,0.885,3.99,232,ref_1JS8_squid
A0A6J8CJF7,0.833,3.25,240,ref_PmTYR
A0A6J8CNM0,0.733,3.86,192,ref_1JS8_squid
A0A6J8CZL5,0.885,3.30,232,ref_1JS8_squid
A0A6J8EAN0,0.885,3.62,232,ref_1JS8_squid
A0A6P4ZCR3,0.931,2.16,336,ref_5M8L_human
A0A6P8I208,0.861,3.01,248,ref_PmTYR
A0A6V7WY80,0.641,4.40,168,ref_1JS8_squid
A0A7C8I7T2,0.885,3.50,232,ref_1JS8_squid
A0A7C8IE08,0.957,2.22,336,ref_2Y9W_Abisporus
A0A7C8J1E6,0.839,5.03,256,ref_I3D139_archaea
A0A7C8M1Q1,0.912,3.88,320,ref_2Y9W_Abisporus
A0A7C8MC86,0.885,3.56,232,ref_1JS8_squid
A0A7C9LY48,0.824,4.50,216,ref_1JS8_squid
A0A7C9M494,0.855,4.97,224,ref_1JS8_squid
A0A7D5Z0B1,0.861,3.24,248,ref_PmTYR
A0A7E6EGY5,0.947,2.27,248,ref_1JS8_squid
A0A7H8RBQ9,0.855,3.96,224,ref_1JS8_squid
A0A7J6IXY4,0.889,3.91,256,ref_PmTYR
A0A7J6J5I0,0.889,3.38,256,ref_PmTYR
A0A7J6JPL9,0.947,3.95,248,ref_1JS8_squid
A0A7J6UTM6,0.991,0.94,336,ref_5CE9_Jregia
A0A7J7J2C8,0.833,2.72,240,ref_PmTYR
A0A7J9CIK1,0.897,2.68,304,ref_5CE9_Jregia
A0A7K7RZM1,0.975,1.39,352,ref_5M8L_human
A0A7M5V4K9,0.843,4.31,296,ref_2Y9W_Abisporus
A0A7M5WXX0,0.843,4.07,296,ref_2Y9W_Abisporus
A0A7M5XIS8,0.889,3.60,312,ref_2Y9W_Abisporus
A0A7M6DQE2,0.889,4.25,312,ref_2Y9W_Abisporus
A0A7R8ARR0,0.885,3.64,232,ref_1JS8_squid
A0A7R9UNI4,0.821,3.83,288,ref_2Y9W_Abisporus
A0A7S0FYS9,0.855,3.41,224,ref_1JS8_squid
A0A7S1T762,0.763,3.55,200,ref_1JS8_squid
A0A7S1T768,0.763,3.46,200,ref_1JS8_squid
A0A7S2D0S4,0.667,3.73,192,ref_PmTYR
A0A7S2EUW0,0.885,3.65,232,ref_1JS8_squid
A0A7S2JHL4,0.861,3.35,248,ref_PmTYR
A0A7S2JHQ4,0.861,3.27,248,ref_PmTYR
A0A7S3EYR7,0.750,4.71,216,ref_PmTYR
A0A7S4QPD7,0.794,5.23,208,ref_1JS8_squid
A0A7S4QRZ1,0.763,4.07,200,ref_1JS8_squid
A0A7U2F198,0.611,4.83,176,ref_PmTYR
A0A7W5H8K5,0.824,4.53,216,ref_1JS8_squid
A0A7W8KIV5,0.885,4.22,232,ref_1JS8_squid
A0A7X5ASN3,0.885,3.30,232,ref_1JS8_squid
A0A7Y7WSX0,0.778,4.48,224,ref_PmTYR
A0A7Y7X987,0.763,4.77,200,ref_1JS8_squid
A0A7Y8BLA6,0.778,4.49,224,ref_PmTYR
A0A812BCK9,0.885,3.92,232,ref_1JS8_squid
A0A812PC05,0.855,4.04,224,ref_1JS8_squid
A0A812V664,0.855,4.08,224,ref_1JS8_squid
A0A812XIJ6,0.855,4.09,224,ref_1JS8_squid
A0A830B0I8,0.929,2.17,312,ref_1BT3_Ibatatas
A0A833WLV2,0.885,4.02,232,ref_1JS8_squid
A0A858R6E5,0.855,5.20,224,ref_1JS8_squid
A0A8A3PKD0,0.947,3.96,248,ref_1JS8_squid
A0A8B6E8R8,0.733,3.86,192,ref_1JS8_squid
A0A8B6FI79,0.885,3.65,232,ref_1JS8_squid
A0A8B8D4J3,0.885,4.05,232,ref_1JS8_squid
A0A8B9AG70,0.897,3.63,304,ref_5CE9_Jregia
A0A8B9GJT5,0.944,3.04,272,ref_PmTYR
A0A8H2VQV0,0.885,3.40,232,ref_1JS8_squid
A0A8H2XQY6,0.885,3.59,232,ref_1JS8_squid
A0A8H3A459,0.798,4.05,280,ref_2Y9W_Abisporus
A0A8H3ANG7,0.885,3.52,232,ref_1JS8_squid
A0A8H3BNH7,0.861,3.68,248,ref_PmTYR
A0A8H3CDA8,0.861,3.67,248,ref_PmTYR
A0A8H3CUW5,0.916,4.22,240,ref_1JS8_squid
A0A8H3CZ20,0.861,3.53,248,ref_PmTYR
A0A8H3DH08,0.934,3.51,328,ref_2Y9W_Abisporus
A0A8H3DKS2,0.934,3.71,328,ref_2Y9W_Abisporus
A0A8H3DR34,0.861,3.68,248,ref_PmTYR
A0A8H3FNM0,0.885,3.66,232,ref_1JS8_squid
A0A8H3FR24,0.934,3.56,328,ref_2Y9W_Abisporus
A0A8H3FVH9,0.763,4.53,200,ref_1JS8_squid
A0A8H3GJI1,0.861,3.65,248,ref_PmTYR
A0A8H3HGU7,0.917,3.73,264,ref_PmTYR
A0A8H3I335,0.885,3.50,232,ref_1JS8_squid
A0A8H3I9E9,0.889,3.24,312,ref_2Y9W_Abisporus
A0A8H3IAU0,0.885,3.54,232,ref_1JS8_squid
A0A8H3IDD5,0.885,3.53,232,ref_1JS8_squid
A0A8H3UFY5,0.885,4.39,232,ref_1JS8_squid
A0A8H3VC67,0.861,3.36,248,ref_PmTYR
A0A8H3W2Z1,0.889,3.39,256,ref_PmTYR
A0A8H3W909,0.889,3.98,256,ref_PmTYR
A0A8H4CJG9,0.889,2.71,312,ref_2Y9W_Abisporus
A0A8H4CPR6,0.889,3.38,256,ref_PmTYR
A0A8H4CUC1,0.917,4.09,264,ref_PmTYR
A0A8H4FHG1,0.885,4.51,232,ref_1JS8_squid
A0A8H4IVL2,0.861,3.53,248,ref_PmTYR
A0A8H4JDQ9,0.763,3.63,200,ref_1JS8_squid
A0A8H4JHW9,0.861,3.54,248,ref_PmTYR
A0A8H4QR39,0.885,3.43,232,ref_1JS8_squid
A0A8H4RK75,0.885,3.58,232,ref_1JS8_squid
A0A8H4RXM0,0.885,3.55,232,ref_1JS8_squid
A0A8H4VJZ4,0.778,3.22,224,ref_PmTYR
A0A8H4Z0P3,0.861,3.33,248,ref_PmTYR
A0A8H4ZIX0,0.957,3.72,336,ref_2Y9W_Abisporus
A0A8H5AS67,0.934,2.12,328,ref_2Y9W_Abisporus
A0A8H5ATU2,0.889,3.40,256,ref_PmTYR
A0A8H5EAG2,0.885,3.79,232,ref_1JS8_squid
A0A8H5GBV2,0.761,5.44,232,ref_I3D139_archaea
A0A8H5JRL3,0.821,3.91,288,ref_2Y9W_Abisporus
A0A8H5MQC7,0.778,3.97,224,ref_PmTYR
A0A8H5N7B6,0.855,3.95,224,ref_1JS8_squid
A0A8H5PBB3,0.763,4.06,200,ref_1JS8_squid
A0A8H5PBF2,0.778,4.48,224,ref_PmTYR
A0A8H5TQU7,0.957,4.19,336,ref_2Y9W_Abisporus
A0A8H5UC91,0.861,3.37,248,ref_PmTYR
A0A8H5V6E6,0.861,3.45,248,ref_PmTYR
A0A8H5WCB4,0.855,3.80,224,ref_1JS8_squid
A0A8H5XW17,0.889,4.02,256,ref_PmTYR
A0A8H6A0W2,0.916,3.59,240,ref_1JS8_squid
A0A8H6CZQ6,0.833,4.09,240,ref_PmTYR
A0A8H6FIQ4,0.889,3.55,256,ref_PmTYR
A0A8H6HT48,0.889,4.18,256,ref_PmTYR
A0A8H6JVW5,0.917,3.80,264,ref_PmTYR
A0A8H6JY07,0.934,3.92,328,ref_2Y9W_Abisporus
A0A8H6K3D9,0.885,3.05,232,ref_1JS8_squid
A0A8H6KE22,0.824,3.22,216,ref_1JS8_squid
A0A8H6L0G3,0.885,3.52,232,ref_1JS8_squid
A0A8H6MKC6,0.917,4.59,264,ref_PmTYR
A0A8H6MX70,0.889,3.37,256,ref_PmTYR
A0A8H6N0D2,0.912,3.85,320,ref_2Y9W_Abisporus
A0A8H6N7U5,0.861,3.33,248,ref_PmTYR
A0A8H6NYW2,0.912,3.90,320,ref_2Y9W_Abisporus
A0A8H6S8I0,0.917,3.19,264,ref_PmTYR
A0A8H6VAE7,0.694,2.98,200,ref_PmTYR
A0A8H6YHY9,0.947,4.52,248,ref_1JS8_squid
A0A8H7BB98,0.889,3.49,256,ref_PmTYR
A0A8H7H065,0.916,4.61,240,ref_1JS8_squid
A0A8H7H0A0,0.885,3.70,232,ref_1JS8_squid
A0A8H7HFI3,0.861,3.46,248,ref_PmTYR
A0A8H7I333,0.855,3.52,224,ref_1JS8_squid
A0A8H7IC95,0.750,3.53,216,ref_PmTYR
A0A8H7K265,0.889,3.62,256,ref_PmTYR
A0A8H7LY65,0.824,3.91,216,ref_1JS8_squid
A0A8H7LYZ4,0.861,3.42,248,ref_PmTYR
A0A8H7M1F4,0.916,4.52,240,ref_1JS8_squid
A0A8H7MHY0,0.861,3.80,248,ref_PmTYR
A0A8H7W0M8,0.885,3.50,232,ref_1JS8_squid
A0A8H7Y763,0.889,3.39,256,ref_PmTYR
A0A8H8P4P0,0.885,4.07,232,ref_1JS8_squid
A0A8H8RL10,0.885,3.51,232,ref_1JS8_squid
A0A8H8RRA0,0.861,3.44,248,ref_PmTYR
A0A8H8SYG4,0.667,4.17,192,ref_PmTYR
A0A8H8U2D2,0.885,3.42,232,ref_1JS8_squid
A0A8H9LF69,0.855,3.43,224,ref_1JS8_squid
A0A8J1TDZ8,0.611,6.97,160,ref_1JS8_squid
A0A8J4W827,0.794,4.43,208,ref_1JS8_squid
A0A8J5IZX1,0.885,4.01,232,ref_1JS8_squid
A0A8J5M7S4,0.916,4.11,240,ref_1JS8_squid
A0A8J5UAU7,0.694,2.87,200,ref_PmTYR
A0A8J5UIE6,0.916,3.91,240,ref_1JS8_squid
A0A8J5XMZ9,0.821,3.85,288,ref_2Y9W_Abisporus
A0A8J5YYR4,0.826,2.96,280,ref_5CE9_Jregia
A0A8J7L7N4,0.885,4.94,232,ref_1JS8_squid
A0A8J9R8H5,0.885,4.48,232,ref_1JS8_squid
A0A8K0E3G2,0.931,2.34,336,ref_5M8L_human
A0A8K0IA90,0.952,2.93,320,ref_1BT3_Ibatatas
A0A8K0R3D6,0.885,3.47,232,ref_1JS8_squid
A0A8K0SEI0,0.806,4.00,232,ref_PmTYR
A0A8K0T8Y5,0.885,3.50,232,ref_1JS8_squid
A0A8R1TKI8,0.889,3.39,256,ref_PmTYR
A0A8S3QCE6,0.885,4.44,232,ref_1JS8_squid
A0A8S3RVL9,0.855,3.89,224,ref_1JS8_squid
A0A8S3S028,0.885,3.34,232,ref_1JS8_squid
A0A8S3S1J4,0.885,3.33,232,ref_1JS8_squid
A0A8S3THZ3,0.885,3.59,232,ref_1JS8_squid
A0A8T1MS49,0.953,3.32,344,ref_5M8L_human
A0A8T1W4C6,0.916,4.30,240,ref_1JS8_squid
A0A8T1W6M6,0.885,4.13,232,ref_1JS8_squid
A0A8T1WU85,0.885,4.04,232,ref_1JS8_squid
A0A8T9AZC4,0.855,3.76,224,ref_1JS8_squid
A0A8U0BYH4,0.861,3.47,248,ref_PmTYR
A0A8U0BYU8,0.861,3.69,248,ref_PmTYR
A0A8U0BZ64,0.861,3.73,248,ref_PmTYR
A0A8U0BZL2,0.855,3.79,224,ref_1JS8_squid
A0A8U0C0J3,0.855,3.77,224,ref_1JS8_squid
A0A8W8J4S3,0.824,3.78,216,ref_1JS8_squid
A0A8W8K432,0.750,4.37,216,ref_PmTYR
A0A8X6KWP2,0.824,3.50,216,ref_1JS8_squid
A0A8X7N2K2,0.885,4.03,232,ref_1JS8_squid
A0A913XYY6,0.833,3.21,240,ref_PmTYR
A0A914DIV0,0.806,3.33,232,ref_PmTYR
A0A914L211,0.889,3.12,256,ref_PmTYR
A0A914L5B1,0.889,4.20,256,ref_PmTYR
A0A914S644,0.794,4.61,208,ref_1JS8_squid
A0A914VGJ7,0.794,3.81,208,ref_1JS8_squid
A0A914XEE1,0.794,4.05,208,ref_1JS8_squid
A0A915AZH0,0.889,3.36,256,ref_PmTYR
A0A915C5Q4,0.889,3.26,256,ref_PmTYR
A0A915C6W5,0.889,3.24,256,ref_PmTYR
A0A915JK17,0.861,3.16,248,ref_PmTYR
A0A915KQR7,0.366,4.10,96,ref_1JS8_squid
A0A915M8S0,0.861,2.70,248,ref_PmTYR
A0A915Q146,0.861,3.47,248,ref_PmTYR
A0A917QDB2,0.855,3.49,224,ref_1JS8_squid
A0A918SV45,0.855,5.24,224,ref_1JS8_squid
A0A918T1K9,0.855,5.02,224,ref_1JS8_squid
A0A918W4Y4,0.824,4.41,216,ref_1JS8_squid
A0A918Z2Y2,0.855,5.28,224,ref_1JS8_squid
A0A919DDV5,0.855,5.22,224,ref_1JS8_squid
A0A919RHA1,0.794,4.03,208,ref_1JS8_squid
A0A934SPS7,0.794,3.75,208,ref_1JS8_squid
A0A976IE71,0.885,3.97,232,ref_1JS8_squid
A0A9D3URW0,0.920,1.80,312,ref_5CE9_Jregia
A0A9D4DVG4,0.861,3.38,248,ref_PmTYR
A0A9D4DW49,0.861,3.32,248,ref_PmTYR
A0A9D4EB14,0.861,3.33,248,ref_PmTYR
A0A9D4GX75,0.861,3.12,248,ref_PmTYR
A0A9D4IDS9,0.861,3.38,248,ref_PmTYR
A0A9D4JUB0,0.861,3.13,248,ref_PmTYR
A0A9D4V2I4,0.968,2.30,328,ref_5CE9_Jregia
A0A9D4Z585,0.952,1.66,320,ref_1BT3_Ibatatas
A0A9D5CUK6,0.833,3.03,280,ref_1BT3_Ibatatas
A0A9E7H3J2,0.952,2.00,320,ref_1BT3_Ibatatas
A0A9J7MSC3,0.944,3.11,272,ref_PmTYR
A0A9N8JDS5,0.889,3.78,256,ref_PmTYR
A0A9N9KL52,0.885,3.60,232,ref_1JS8_squid
A0A9N9LFQ9,0.912,3.92,320,ref_2Y9W_Abisporus
A0A9N9LHE3,0.934,2.66,328,ref_2Y9W_Abisporus
A0A9N9PT18,0.885,3.47,232,ref_1JS8_squid
A0A9N9TUY4,0.889,4.56,312,ref_2Y9W_Abisporus
A0A9N9YKH8,0.778,3.72,224,ref_PmTYR
A0A9P4H2P0,0.889,3.24,256,ref_PmTYR
A0A9P4IEM6,0.912,3.49,320,ref_2Y9W_Abisporus
A0A9P4JTW6,0.885,3.67,232,ref_1JS8_squid
A0A9P4NM41,0.794,3.77,208,ref_1JS8_squid
A0A9P4NQG6,0.889,3.82,256,ref_PmTYR
A0A9P4PM19,0.889,3.67,256,ref_PmTYR
A0A9P4PTR1,0.957,2.39,336,ref_2Y9W_Abisporus
A0A9P4QMU1,0.885,3.98,232,ref_1JS8_squid
A0A9P4U804,0.889,3.63,256,ref_PmTYR
A0A9P4YYF2,0.889,3.38,256,ref_PmTYR
A0A9P5BFG7,0.833,3.36,240,ref_PmTYR
A0A9P5EZI0,0.934,3.43,328,ref_2Y9W_Abisporus
A0A9P5F1P8,0.889,3.37,256,ref_PmTYR
A0A9P5IJI5,0.885,3.48,232,ref_1JS8_squid
A0A9P6DJR5,0.861,3.81,248,ref_PmTYR
A0A9P6EYF3,0.916,3.38,240,ref_1JS8_squid
A0A9P6HYB5,0.889,3.37,256,ref_PmTYR
A0A9P6LG06,0.861,3.31,248,ref_PmTYR
A0A9P7ECI6,0.866,3.89,304,ref_2Y9W_Abisporus
A0A9P7H959,0.750,4.07,216,ref_PmTYR
A0A9P7HU99,0.861,3.27,248,ref_PmTYR
A0A9P7QPY3,0.885,3.53,232,ref_1JS8_squid
A0A9P7R1E3,0.889,4.75,256,ref_PmTYR
A0A9P7R9D2,0.889,3.38,256,ref_PmTYR
A0A9P8DKY9,0.861,3.30,248,ref_PmTYR
A0A9P8EVR0,0.667,4.72,192,ref_PmTYR
A0A9P8G211,0.571,5.49,192,ref_1BT3_Ibatatas
A0A9P8G4G9,0.794,4.27,208,ref_1JS8_squid
A0A9P8GH40,0.794,4.05,208,ref_1JS8_squid
A0A9P8JBW6,0.694,3.90,200,ref_PmTYR
A0A9P8MUU1,0.702,3.65,184,ref_1JS8_squid
A0A9P8S6I3,0.694,4.15,200,ref_PmTYR
A0A9P8SF21,0.916,3.38,240,ref_1JS8_squid
A0A9P9AG59,0.885,3.45,232,ref_1JS8_squid
A0A9P9IM25,0.947,3.83,248,ref_1JS8_squid
A0A9P9KNI3,0.861,3.48,248,ref_PmTYR
A0A9P9X1G2,0.912,4.07,320,ref_2Y9W_Abisporus
A0A9Q0B5F6,0.763,4.26,200,ref_1JS8_squid
A0A9Q0B6Y1,0.889,3.38,256,ref_PmTYR
A0A9Q0QJI7,0.833,2.22,280,ref_1BT3_Ibatatas
A0A9Q1JNS3,0.952,1.65,320,ref_1BT3_Ibatatas
A0A9Q3GXD1,0.750,3.17,216,ref_PmTYR
A0A9Q3H9V3,0.672,3.86,176,ref_1JS8_squid
A0A9Q8LKP3,0.885,3.55,232,ref_1JS8_squid
A0A9Q8T2R4,0.889,3.42,256,ref_PmTYR
A0A9Q8WCM4,0.889,3.37,256,ref_PmTYR
A0A9Q8WG05,0.833,3.47,240,ref_PmTYR
A0A9R0TD02,0.991,1.49,336,ref_5CE9_Jregia
A0A9R0VMT2,0.885,4.30,232,ref_1JS8_squid
A0A9R1KF29,0.855,4.10,224,ref_1JS8_squid
A0A9R1N0A3,0.885,4.24,232,ref_1JS8_squid
A0A9R1RCW5,0.952,1.45,320,ref_1BT3_Ibatatas
A0A9W3BB61,0.885,3.67,232,ref_1JS8_squid
A0A9W4KMZ8,0.824,3.97,216,ref_1JS8_squid
A0A9W4W8U2,0.889,3.39,256,ref_PmTYR
A0A9W6AV28,0.824,4.02,216,ref_1JS8_squid
A0A9W6BT77,0.861,4.69,248,ref_PmTYR
A0A9W6TPR0,0.916,4.05,240,ref_1JS8_squid
A0A9W6UBD6,0.824,4.35,216,ref_1JS8_squid
A0A9W6XBY7,0.580,4.11,152,ref_1JS8_squid
A0A9W7T0I7,0.806,4.06,232,ref_PmTYR
A0A9W8VAU3,0.794,3.49,208,ref_1JS8_squid
A0A9W9AER9,0.855,3.83,224,ref_1JS8_squid
A0A9W9IRY5,0.885,3.65,232,ref_1JS8_squid
A0A9W9LNB7,0.667,3.34,192,ref_PmTYR
A0A9W9T4Q6,0.885,3.63,232,ref_1JS8_squid
A0A9W9WQE3,0.916,3.67,240,ref_1JS8_squid
A0A9X0AKU8,0.885,3.52,232,ref_1JS8_squid
A0A9X0AXG5,0.885,3.65,232,ref_1JS8_squid
A0AA35M0Q8,0.775,4.04,272,ref_2Y9W_Abisporus
A0AA35MIP6,0.885,3.94,232,ref_1JS8_squid
A0AA37GRR7,0.889,3.38,256,ref_PmTYR
A0AA37LBJ4,0.694,4.53,200,ref_PmTYR
A0AA37LRM6,0.885,3.96,232,ref_1JS8_squid
A0AA37P8W3,0.889,3.59,256,ref_PmTYR
A0AA38RAI0,0.806,4.23,232,ref_PmTYR
A0AA38XVF3,0.855,3.42,224,ref_1JS8_squid
A0AA38ZJU6,0.976,1.14,328,ref_1BT3_Ibatatas
A0AA39CFY0,0.821,3.91,288,ref_2Y9W_Abisporus
A0AA39GKR5,0.885,3.58,232,ref_1JS8_squid
A0AA39J8P7,0.889,3.64,256,ref_PmTYR
A0AA39K704,0.889,3.29,256,ref_PmTYR
A0AA39NTJ8,0.889,3.80,256,ref_PmTYR
A0AA39Q9J3,0.861,3.17,248,ref_PmTYR
A0AA39T9Y6,0.917,3.50,264,ref_PmTYR
A0AA39WFD7,0.855,3.69,224,ref_1JS8_squid
A0AA39WNN7,0.798,4.14,280,ref_2Y9W_Abisporus
A0AA39YZL0,0.861,3.62,248,ref_PmTYR
A0AA39ZVR3,0.778,3.59,224,ref_PmTYR
A0AA40K7X1,0.794,4.75,208,ref_1JS8_squid
A0AA41U5V3,0.855,3.29,224,ref_1JS8_squid
A0AA42B2P4,0.810,1.86,272,ref_1BT3_Ibatatas
A0AA43QLN8,0.889,3.42,256,ref_PmTYR
A0AA87Y286,0.794,4.70,208,ref_1JS8_squid
A0AA88U0R7,0.397,4.27,104,ref_1JS8_squid
A0AA88XTS7,0.750,3.18,216,ref_PmTYR
A0AA89B2U6,0.833,1.16,280,ref_1BT3_Ibatatas
A0AA97NUK3,0.889,4.12,256,ref_PmTYR
A0AA97P016,0.889,2.66,312,ref_2Y9W_Abisporus
A0AAD3DIW9,0.885,4.41,232,ref_1JS8_squid
A0AAD4BGZ0,0.916,3.81,240,ref_1JS8_squid
A0AAD4NRB5,0.778,3.45,224,ref_PmTYR
A0AAD5CAK5,0.976,2.48,328,ref_1BT3_Ibatatas
A0AAD5M387,0.916,4.33,240,ref_1JS8_squid
A0AAD5T3C3,0.916,3.80,240,ref_1JS8_squid
A0AAD5U3C8,0.885,3.46,232,ref_1JS8_squid
A0AAD5V4M1,0.885,4.37,232,ref_1JS8_squid
A0AAD5VMH3,0.916,3.72,240,ref_1JS8_squid
A0AAD5WPZ9,0.916,3.70,240,ref_1JS8_squid
A0AAD5XR56,0.794,3.98,208,ref_1JS8_squid
A0AAD6E0P8,0.885,3.69,232,ref_1JS8_squid
A0AAD6ZH33,0.611,4.12,176,ref_PmTYR
A0AAD7J5J2,0.957,2.40,336,ref_2Y9W_Abisporus
A0AAD8FEX8,0.977,2.66,256,ref_1JS8_squid
A0AAD8PIW8,0.885,3.62,232,ref_1JS8_squid
A0AAD8PLZ0,0.885,3.56,232,ref_1JS8_squid
A0AAD8PVJ5,0.861,3.85,248,ref_PmTYR
A0AAD8UFY3,0.889,3.37,256,ref_PmTYR
A0AAD9ARY9,0.889,3.58,256,ref_PmTYR
A0AAD9AZ26,0.885,3.50,232,ref_1JS8_squid
A0AAD9ECK1,0.889,3.74,256,ref_PmTYR
A0AAD9GMI7,0.885,4.05,232,ref_1JS8_squid
A0AAD9HBC0,0.885,3.48,232,ref_1JS8_squid
A0AAD9HKI6,0.889,3.38,256,ref_PmTYR
A0AAD9KZ40,0.855,4.26,224,ref_1JS8_squid
A0AAD9L024,0.855,4.04,224,ref_1JS8_squid
A0AAD9M015,0.885,3.46,232,ref_1JS8_squid
A0AAD9PC82,0.519,5.01,136,ref_1JS8_squid
A0AAD9QB69,0.861,3.72,248,ref_PmTYR
A0AAD9YE83,0.889,3.94,256,ref_PmTYR
A0AAE0CWK9,0.889,2.42,312,ref_2Y9W_Abisporus
A0AAE0D8U4,0.889,3.38,256,ref_PmTYR
A0AAE0HTN1,0.916,3.68,240,ref_1JS8_squid
A0AAE0LXM5,0.934,2.16,328,ref_2Y9W_Abisporus
A0AAE0LYH8,0.733,4.83,192,ref_1JS8_squid
A0AAE0M077,0.778,3.81,224,ref_PmTYR
A0AAE0MG27,0.722,4.32,208,ref_PmTYR
A0AAE0MYQ7,0.889,3.92,312,ref_2Y9W_Abisporus
A0AAE0NPZ1,0.750,4.60,216,ref_PmTYR
A0AAE0U1Q5,0.912,4.12,320,ref_2Y9W_Abisporus
A0AAE0WXT6,0.885,3.65,232,ref_1JS8_squid
A0AAE0X2E2,0.778,3.92,224,ref_PmTYR
A0AAE1CE31,0.866,4.45,304,ref_2Y9W_Abisporus
A0AAE8MN78,0.641,4.28,168,ref_1JS8_squid
A0AAE8STA2,0.855,4.57,224,ref_1JS8_squid
A0AAF5PZK9,0.889,3.26,256,ref_PmTYR
A0AAI8YW60,0.885,3.72,232,ref_1JS8_squid
A0AAI8YWT9,0.778,3.49,224,ref_PmTYR
A0AAI8YZG9,0.885,3.62,232,ref_1JS8_squid
A0AAI9UCA0,0.778,3.79,224,ref_PmTYR
A0AAI9UWB9,0.843,4.11,296,ref_2Y9W_Abisporus
A0AAI9XI30,0.916,3.89,240,ref_1JS8_squid
A0AAI9XMR1,0.889,3.14,256,ref_PmTYR
A0AAI9XNV3,0.889,3.61,256,ref_PmTYR
A0AAI9XSF2,0.889,3.38,256,ref_PmTYR
A0AAI9XYD0,0.889,3.44,256,ref_PmTYR
A0AAI9YQA0,0.889,3.65,256,ref_PmTYR
A0AAJ0A0G4,0.889,3.36,256,ref_PmTYR
A0AAJ0A9B9,0.866,3.51,304,ref_2Y9W_Abisporus
A0AAJ0DBW4,0.885,3.70,232,ref_1JS8_squid
A0AAJ0DVU7,0.889,3.37,256,ref_PmTYR
A0AAJ0EU37,0.806,3.89,232,ref_PmTYR
A0AAJ0HSA6,0.885,3.72,232,ref_1JS8_squid
A0AAJ8BCI9,0.824,3.60,216,ref_1JS8_squid
A0AAJ8BW86,0.885,4.04,232,ref_1JS8_squid
A0AAN5Z3W8,0.957,2.45,336,ref_2Y9W_Abisporus
A0AAN6E594,0.889,3.72,256,ref_PmTYR
A0AAN6F7R2,0.885,3.63,232,ref_1JS8_squid
A0AAN6G1Z6,0.885,3.61,232,ref_1JS8_squid
A0AAN6H7M5,0.885,3.62,232,ref_1JS8_squid
A0AAN6K752,0.885,3.60,232,ref_1JS8_squid
A0AAN6KA23,0.885,3.62,232,ref_1JS8_squid
A0AAN6LYU1,0.934,2.61,328,ref_2Y9W_Abisporus
A0AAN6N1G2,0.889,3.38,256,ref_PmTYR
A0AAN7GQ08,0.885,3.48,232,ref_1JS8_squid
A0AAN7VN59,0.885,3.64,232,ref_1JS8_squid
A0AAN8HSE1,0.931,1.23,336,ref_5M8L_human
A0AAN8ZF79,0.885,4.79,232,ref_1JS8_squid
A0AAN9UQ80,0.889,3.56,256,ref_PmTYR
A0AAN9YIB4,0.889,3.43,256,ref_PmTYR
A0AAQ3M852,0.980,2.70,344,ref_2Y9W_Abisporus
A0AAU9KU22,0.885,4.05,232,ref_1JS8_squid
A0AAV0UD10,0.885,4.01,232,ref_1JS8_squid
A0AAV0UFB5,0.885,4.00,232,ref_1JS8_squid
A0AAV0UHU3,0.885,4.04,232,ref_1JS8_squid
A0AAV0V041,0.806,4.27,232,ref_PmTYR
A0AAV1T0B6,0.885,4.04,232,ref_1JS8_squid
A0AAV2QBX0,0.733,3.61,192,ref_1JS8_squid
A0AAV2QDB1,0.722,3.68,208,ref_PmTYR
A0AAV2VYF3,0.885,3.26,232,ref_1JS8_squid
A0AAV2YQR1,0.885,3.95,232,ref_1JS8_squid
A0AAV2Z9U8,0.916,4.28,240,ref_1JS8_squid
A0AAV4IQ38,0.824,3.58,216,ref_1JS8_squid
A0AAV4JTX0,0.833,3.22,240,ref_PmTYR
A0AAV4PYT2,0.305,4.04,80,ref_1JS8_squid
A0AAV6LBV0,0.929,1.39,312,ref_1BT3_Ibatatas
A0AAV7NZD3,0.944,2.52,272,ref_PmTYR
A0AAV9FIQ9,0.873,3.29,296,ref_5CE9_Jregia
A0AAV9J8F3,0.885,3.91,232,ref_1JS8_squid
A0AAV9LU83,0.905,2.17,304,ref_1BT3_Ibatatas
A0AAV9N1J6,0.778,3.32,224,ref_PmTYR
A0AAV9SY11,0.889,3.36,256,ref_PmTYR
A0AAV9VIS4,0.947,3.67,248,ref_1JS8_squid
A0AAV9WSZ8,0.934,2.36,328,ref_2Y9W_Abisporus
A0AAW0DCV9,0.889,3.43,256,ref_PmTYR
A0AAW0GI35,0.934,2.98,328,ref_2Y9W_Abisporus
A0AAW0R484,0.833,3.52,240,ref_PmTYR
A0AAW2WSM8,0.885,4.13,232,ref_1JS8_squid
A0AAX4I0H5,0.889,3.37,256,ref_PmTYR
A0AAX4IJG7,0.885,3.54,232,ref_1JS8_squid
A0AAX6MJK2,0.855,3.88,224,ref_1JS8_squid
A0AB74JLQ5,0.543,5.19,184,ref_5CE9_Jregia
A0ABD1WHD2,0.810,1.90,272,ref_1BT3_Ibatatas
A0ABD3FTY2,0.885,3.89,232,ref_1JS8_squid
A0ABD3FX43,0.885,4.03,232,ref_1JS8_squid
A0ABD3I4U1,0.968,2.42,328,ref_5CE9_Jregia
A0ABD6GFY7,0.855,4.35,224,ref_1JS8_squid
A0ABM0MAQ4,0.975,2.40,352,ref_5M8L_human
A0ABM1B806,0.855,4.14,224,ref_1JS8_squid
A0ABM1VVY2,0.855,4.28,224,ref_1JS8_squid
A0ABM4UF39,0.810,2.55,272,ref_1BT3_Ibatatas
A0ABM7Q8T6,0.885,4.75,232,ref_1JS8_squid
A0ABM7QH35,0.885,4.75,232,ref_1JS8_squid
A0ABN3U7S0,0.861,2.52,248,ref_PmTYR
A0ABN8C0W3,0.885,3.99,232,ref_1JS8_squid
A0ABN8CNH4,0.855,5.09,224,ref_1JS8_squid
A0ABN8LS46,0.833,2.85,240,ref_PmTYR
A0ABN8LUS6,0.861,3.63,248,ref_PmTYR
A0ABN8LVE4,0.861,3.65,248,ref_PmTYR
A0ABN8LXN0,0.861,3.65,248,ref_PmTYR
A0ABN8MSS7,0.855,3.78,224,ref_1JS8_squid
A0ABN8MVN3,0.861,3.29,248,ref_PmTYR
A0ABN8MVN6,0.861,3.53,248,ref_PmTYR
A0ABN8MVQ8,0.833,2.53,240,ref_PmTYR
A0ABN8MXH6,0.833,2.61,240,ref_PmTYR
A0ABN8MXX5,0.861,3.51,248,ref_PmTYR
A0ABN8MY60,0.861,3.54,248,ref_PmTYR
A0ABN8MZV7,0.861,3.47,248,ref_PmTYR
A0ABN8N4G6,0.833,2.62,240,ref_PmTYR
A0ABN8PCP7,0.833,3.56,240,ref_PmTYR
A0ABN8PTR8,0.855,3.75,224,ref_1JS8_squid
A0ABN8PUI2,0.833,2.61,240,ref_PmTYR
A0ABN8Q7Y1,0.833,2.54,240,ref_PmTYR
A0ABN8SLK2,0.861,3.66,248,ref_PmTYR
A0ABP0CGC6,0.889,2.82,312,ref_2Y9W_Abisporus
A0ABP2BNE3,0.824,4.42,216,ref_1JS8_squid
A0ABP3EMV2,0.833,2.87,240,ref_PmTYR
A0ABQ0GAI5,0.889,3.48,256,ref_PmTYR
A0ABQ0GL05,0.889,3.55,256,ref_PmTYR
A0ABQ0LKN2,0.885,3.98,232,ref_1JS8_squid
A0ABQ0M8A7,0.861,3.39,248,ref_PmTYR
A0ABQ4GGN2,0.861,2.99,248,ref_PmTYR
A0ABQ6N7K7,0.835,3.30,344,ref_A0A9N8ELP9_oomycota
A0ABQ7J1C5,0.885,3.50,232,ref_1JS8_squid
A0ABQ8FQ07,0.806,3.62,232,ref_PmTYR
A0ABQ8R1M6,0.934,3.94,328,ref_2Y9W_Abisporus
A0ABQ9EDE6,0.855,4.02,224,ref_1JS8_squid
A0ABQ9PEH4,0.684,4.82,240,ref_2Y9W_Abisporus
A0ABQ9PMC0,0.934,3.59,328,ref_2Y9W_Abisporus
A0ABQ9PND2,0.889,3.38,256,ref_PmTYR
A0ABQ9Q197,0.889,3.66,256,ref_PmTYR
A0ABQ9QHE7,0.889,3.38,256,ref_PmTYR
A0ABQ9S7H6,0.778,4.01,224,ref_PmTYR
A0ABQ9T229,0.889,3.38,256,ref_PmTYR
A0ABR0EHV5,0.885,3.49,232,ref_1JS8_squid
A0ABR0H9K2,0.885,4.07,232,ref_1JS8_squid
A0ABR0HD85,0.866,3.00,304,ref_2Y9W_Abisporus
A0ABR0I6B4,0.885,4.07,232,ref_1JS8_squid
A0ABR0IA35,0.866,3.00,304,ref_2Y9W_Abisporus
A0ABR0JJU7,0.889,3.66,256,ref_PmTYR
A0ABR0ML46,0.929,2.50,312,ref_1BT3_Ibatatas
A0ABR0S881,0.861,3.35,248,ref_PmTYR
A0ABR0TFM8,0.763,4.05,200,ref_1JS8_squid
A0ABR1D605,0.389,6.75,112,ref_PmTYR
A0ABR1D606,0.389,5.29,112,ref_PmTYR
A0ABR1FHI7,0.667,3.29,192,ref_PmTYR
A0ABR1QFP3,0.885,4.47,232,ref_1JS8_squid
A0ABR1RNS4,0.855,3.39,224,ref_1JS8_squid
A0ABR1T514,0.861,3.68,248,ref_PmTYR
A0ABR1TI72,0.833,4.72,240,ref_PmTYR
A0ABR1U9F9,0.957,3.99,336,ref_2Y9W_Abisporus
A0ABR1VP59,0.580,6.13,152,ref_1JS8_squid
A0ABR1X4W4,0.885,4.18,232,ref_1JS8_squid
A0ABR1X726,0.833,3.95,240,ref_PmTYR
A0ABR1YMI8,0.889,3.72,256,ref_PmTYR
A0ABR1YVN4,0.917,3.80,264,ref_PmTYR
A0ABR2MME6,0.702,4.64,184,ref_1JS8_squid
A0ABR2VB08,0.778,4.02,224,ref_PmTYR
A0ABR2VUU4,0.806,2.95,232,ref_PmTYR
A0ABR2W3C9,0.833,3.51,240,ref_PmTYR
A0ABR2W3S2,0.861,3.19,248,ref_PmTYR
A0ABR2W902,0.855,4.21,224,ref_1JS8_squid
A0ABR3CFI6,0.861,3.56,248,ref_PmTYR
A0ABR3D6M0,0.861,3.90,248,ref_PmTYR
A0ABR3QSB3,0.916,3.51,240,ref_1JS8_squid
A0ABR3SXQ6,0.824,4.23,216,ref_1JS8_squid
A0ABR3TFZ3,0.861,3.89,248,ref_PmTYR
A0ABR3U3E6,0.861,3.64,248,ref_PmTYR
A0ABR3UTG0,0.778,3.50,224,ref_PmTYR
A0ABR3WSQ8,0.643,5.22,232,ref_5M8L_human
A0ABR4BR18,0.885,3.65,232,ref_1JS8_squid
A0ABR4C2T6,0.885,3.55,232,ref_1JS8_squid
A0ABR4CF27,0.885,3.39,232,ref_1JS8_squid
A0ABR4ES42,0.824,4.23,216,ref_1JS8_squid
A0ABR4K145,0.916,4.11,240,ref_1JS8_squid
A0ABR4NDE5,0.885,4.04,232,ref_1JS8_squid
A0ABR7QDC1,0.855,3.39,224,ref_1JS8_squid
A0ABR7X9J7,0.885,4.86,232,ref_1JS8_squid
A0ABR8L1I5,0.855,3.41,224,ref_1JS8_squid
A0ABR9BSA8,0.885,3.30,232,ref_1JS8_squid
A0ABS8JIA8,0.885,4.72,232,ref_1JS8_squid
A0ABS8JID1,0.794,4.64,208,ref_1JS8_squid
A0ABT9CR60,0.824,4.99,216,ref_1JS8_squid
A0ABV0AFJ4,0.855,3.42,224,ref_1JS8_squid
A0ABV6RIB9,0.855,5.38,224,ref_1JS8_squid
A0ABV6RUK0,0.855,5.17,224,ref_1JS8_squid
A0ABV9FV84,0.855,4.60,224,ref_1JS8_squid
A0ABV9I266,0.855,3.09,224,ref_1JS8_squid
A0ABW1EV91,0.855,3.83,224,ref_1JS8_squid
A0ABW2RRB3,0.855,4.52,224,ref_1JS8_squid
A0ABW9S031,0.885,4.66,232,ref_1JS8_squid
A0ABX5RWM9,0.794,4.67,208,ref_1JS8_squid
A0ABX5UDS5,0.824,4.55,216,ref_1JS8_squid
A0ABX6FJC2,0.763,5.01,200,ref_1JS8_squid
A0ABY0G5N1,0.778,3.21,224,ref_PmTYR
A0ABY2H0D1,0.889,2.90,312,ref_2Y9W_Abisporus
A0ABY2RLZ4,0.855,4.56,224,ref_1JS8_squid
A0ABY7EU49,0.833,3.39,240,ref_PmTYR
A0ABZ1SYY9,0.861,2.98,248,ref_PmTYR
A0ACB5RUX0,0.912,2.58,320,ref_2Y9W_Abisporus
A0ACB6QFG3,0.861,3.22,248,ref_PmTYR
A0ACB6RB87,0.833,4.31,240,ref_PmTYR
A0ACB8HCS0,0.889,3.39,256,ref_PmTYR
A0ACC0W512,0.889,4.50,256,ref_PmTYR
A0ACC0XMJ2,0.881,1.58,296,ref_1BT3_Ibatatas
A0ACC1A5Y2,0.881,1.53,296,ref_1BT3_Ibatatas
A0ACC1QNQ0,0.861,3.18,248,ref_PmTYR
A0ACC1QU05,0.866,2.75,304,ref_2Y9W_Abisporus
A0ACC1SFB7,0.889,3.36,312,ref_2Y9W_Abisporus
A0ACC2HR65,0.889,3.71,256,ref_PmTYR
A0ACC2ID33,0.885,3.82,232,ref_1JS8_squid
A0ACC2JBL3,0.861,3.04,248,ref_PmTYR
A0ACC2S0P5,0.885,3.69,232,ref_1JS8_squid
A0ACC2S7C6,0.722,5.15,208,ref_PmTYR
A0ACC2T2P1,0.763,5.08,200,ref_1JS8_squid
A0ACC2T3L9,0.794,4.49,208,ref_1JS8_squid
A0ACC2T4I7,0.855,3.64,224,ref_1JS8_squid
A0ACC2TJ92,0.824,4.30,216,ref_1JS8_squid
A0ACC2TJW4,0.806,3.54,232,ref_PmTYR
A0ACC2U0B8,0.885,3.57,232,ref_1JS8_squid
A0ACC2U405,0.722,4.76,208,ref_PmTYR
A0ACC2U767,0.885,3.79,232,ref_1JS8_squid
A0ACC2U7B3,0.885,3.51,232,ref_1JS8_squid
A0ACC2USR9,0.336,3.07,88,ref_1JS8_squid
A0ACC3CBK0,0.824,3.54,216,ref_1JS8_squid
A0ACC3CBV5,0.855,3.33,224,ref_1JS8_squid
A0ACC3CEB8,0.702,3.90,184,ref_1JS8_squid
A0ACC3D5K5,0.458,5.68,120,ref_1JS8_squid
A0ACC3DNN8,0.885,3.89,232,ref_1JS8_squid
A0ACC3NIQ5,0.855,3.63,224,ref_1JS8_squid
A0ACC3SCJ8,0.885,3.65,232,ref_1JS8_squid
A0ACC3YJX9,0.889,3.38,256,ref_PmTYR
A0ACC3ZAS3,0.866,4.43,304,ref_2Y9W_Abisporus
A0ACD1IG11,0.824,4.23,216,ref_1JS8_squid
A0ACD3ADA0,0.525,4.69,160,ref_I3D139_archaea
A0ACD3YVM0,0.889,3.47,256,ref_PmTYR
A2RBK8,0.885,4.04,232,ref_1JS8_squid
A3K3J4,0.824,4.69,216,ref_1JS8_squid
A7RKE4,0.855,3.89,224,ref_1JS8_squid
A7RWK6,0.489,5.78,128,ref_1JS8_squid
A8N3S0,0.861,3.33,248,ref_PmTYR
A8N4B1,0.806,2.86,232,ref_PmTYR
B2WH32,0.806,3.58,232,ref_PmTYR
B9VU65,0.595,3.26,200,ref_1BT3_Ibatatas
B9XQZ3,0.855,4.80,224,ref_1JS8_squid
C3YG81,0.944,3.03,272,ref_PmTYR
D0NAA1,0.639,4.54,184,ref_PmTYR
D0ND81,0.639,3.78,184,ref_PmTYR
E3L5F5,0.885,3.62,232,ref_1JS8_squid
E3Q7T1,0.861,3.84,248,ref_PmTYR
E3QWQ8,0.885,3.54,232,ref_1JS8_squid
E3VXB9,0.548,0.95,184,ref_1BT3_Ibatatas
E5Q8T0,0.991,0.80,336,ref_5CE9_Jregia
E9FAB7,0.861,3.15,248,ref_PmTYR
F0XF66,0.889,4.05,256,ref_PmTYR
F0Y382,0.885,3.93,232,ref_1JS8_squid
F0YI85,0.639,3.39,184,ref_PmTYR
F0YJP7,0.639,3.24,184,ref_PmTYR
F1KXG5,0.889,3.24,256,ref_PmTYR
F6G5J6,0.855,3.91,224,ref_1JS8_squid
F9X2G9,0.861,3.40,248,ref_PmTYR
F9XBE5,0.861,3.20,248,ref_PmTYR
F9XCV9,0.885,3.49,232,ref_1JS8_squid
G1S3C9,0.975,1.60,352,ref_5M8L_human
G2QVS9,0.778,3.23,224,ref_PmTYR
G2YP57,0.885,3.50,232,ref_1JS8_squid
G2YS45,0.855,3.85,224,ref_1JS8_squid
G3JPN7,0.885,3.67,232,ref_1JS8_squid
G4Z7X0,0.611,4.68,176,ref_PmTYR
G5A9J7,0.885,4.18,232,ref_1JS8_squid
G5AB92,0.702,4.22,184,ref_1JS8_squid
G5ABA8,0.916,4.32,240,ref_1JS8_squid
G5B168,0.975,1.30,352,ref_5M8L_human
H1UWR0,0.889,3.37,256,ref_PmTYR
H1V8W0,0.806,3.69,232,ref_PmTYR
H1VZE2,0.885,3.74,232,ref_1JS8_squid
H2KPL1,0.953,3.44,344,ref_5M8L_human
H3CJD0,0.944,3.26,272,ref_PmTYR
H3CJD3,0.889,3.09,256,ref_PmTYR
H3GEM4,0.885,4.05,232,ref_1JS8_squid
I7CCR9,0.991,1.51,336,ref_5CE9_Jregia
J5J6Y4,0.501,3.89,176,ref_2Y9W_Abisporus
K1P4E2,0.763,4.65,200,ref_1JS8_squid
K1RLR4,0.750,4.39,216,ref_PmTYR
K2RLK6,0.889,3.34,256,ref_PmTYR
K3WBN0,0.885,4.22,232,ref_1JS8_squid
K3Y687,0.929,1.38,312,ref_1BT3_Ibatatas
L2FID8,0.889,3.95,256,ref_PmTYR
L2FNV4,0.917,3.40,264,ref_PmTYR
L2G8K6,0.866,2.81,304,ref_2Y9W_Abisporus
L2GEI1,0.806,3.55,232,ref_PmTYR
L7IUI4,0.889,2.66,312,ref_2Y9W_Abisporus
L7J0V9,0.889,4.16,256,ref_PmTYR
L8WW92,0.806,3.80,232,ref_PmTYR
M1R095,0.953,3.45,344,ref_5M8L_human
M2MQZ6,0.885,3.55,232,ref_1JS8_squid
M2YMY9,0.885,3.50,232,ref_1JS8_squid
M3C9Q8,0.980,2.87,344,ref_2Y9W_Abisporus
M4C6D4,0.855,4.95,224,ref_1JS8_squid
M7UN52,0.885,3.60,232,ref_1JS8_squid
N1RKC9,0.861,4.07,248,ref_PmTYR
N1S2R4,0.855,4.01,224,ref_1JS8_squid
N1S3E0,0.855,4.55,224,ref_1JS8_squid
N1S8Q1,0.885,4.15,232,ref_1JS8_squid
N4TKR4,0.833,3.57,240,ref_PmTYR
P55022,0.917,2.39,264,ref_PmTYR
Q0UNZ8,0.947,3.80,248,ref_1JS8_squid
Q33CJ6,0.944,2.69,272,ref_PmTYR
R1D043,0.417,3.83,120,ref_PmTYR
R1EXG5,0.855,4.08,224,ref_1JS8_squid
R1GBN1,0.912,2.42,320,ref_2Y9W_Abisporus
R7UB97,0.885,3.92,232,ref_1JS8_squid
R7YGC4,0.889,3.34,256,ref_PmTYR
S0DQZ0,0.861,3.55,248,ref_PmTYR
S0EA40,0.885,4.03,232,ref_1JS8_squid
S3D1Q3,0.885,3.59,232,ref_1JS8_squid
T0KJ59,0.806,3.56,232,ref_PmTYR
T0KXU6,0.889,3.09,256,ref_PmTYR
T0PKY7,0.916,4.32,240,ref_1JS8_squid
T0PU14,0.916,3.80,240,ref_1JS8_squid
T0QXV8,0.824,4.32,216,ref_1JS8_squid
T0S9R0,0.916,3.67,240,ref_1JS8_squid
T5A6R2,0.885,3.76,232,ref_1JS8_squid
U3AIJ7,0.855,4.02,224,ref_1JS8_squid
U4K751,0.885,3.26,232,ref_1JS8_squid
V5FME0,0.885,3.61,232,ref_1JS8_squid
V9E917,0.885,4.02,232,ref_1JS8_squid
V9EB77,0.794,4.77,208,ref_1JS8_squid
V9EVI6,0.916,4.08,240,ref_1JS8_squid
W2I6U4,0.885,4.02,232,ref_1JS8_squid
W2I6Y9,0.794,4.77,208,ref_1JS8_squid
W2IN56,0.916,4.08,240,ref_1JS8_squid
W2KB90,0.885,4.03,232,ref_1JS8_squid
W2MH14,0.794,4.75,208,ref_1JS8_squid
W2PMT3,0.824,4.74,216,ref_1JS8_squid
W2PPJ1,0.885,4.03,232,ref_1JS8_squid
W2PY30,0.916,4.32,240,ref_1JS8_squid
W2TFB2,0.397,7.00,104,ref_1JS8_squid
W2W5P6,0.885,4.02,232,ref_1JS8_squid
W2W6T1,0.794,4.77,208,ref_1JS8_squid
W2WMR4,0.916,4.08,240,ref_1JS8_squid
W2YEN6,0.885,4.03,232,ref_1JS8_squid
W2YF51,0.794,4.75,208,ref_1JS8_squid
W2YZ31,0.916,4.08,240,ref_1JS8_squid
W3WIK4,0.885,3.91,232,ref_1JS8_squid
W3XGL4,0.833,4.02,240,ref_PmTYR
W4GC36,0.916,4.79,240,ref_1JS8_squid
W7F1D8,0.855,3.94,224,ref_1JS8_squid
W7M987,0.861,3.35,248,ref_PmTYR
W7MLF2,0.855,3.89,224,ref_1JS8_squid
W9CSJ2,0.912,2.62,320,ref_2Y9W_Abisporus
W9I5K7,0.889,3.72,256,ref_PmTYR
W9KFT0,0.912,4.30,320,ref_2Y9W_Abisporus
X0BGB2,0.694,2.90,200,ref_PmTYR
X0JGY5,0.885,3.68,232,ref_1JS8_squid
X8JBW1,0.885,3.61,232,ref_1JS8_squid
X8JFG5,0.889,3.47,256,ref_PmTYR
X8JFZ0,0.806,3.83,232,ref_PmTYR
