file	accession	best_ref	best_qtm	n_gaps	worst_gap_A	recovered_at	saved_residues
1_3.5Årescue_A0A177T6E5.cif	A0A177T6E5	ref_PmTYR	0.529	1	3.01	3.5	CuA3:TYR140@3.01
2_3.5Årescue_A0A161WK35.cif	A0A161WK35	ref_2Y9W_Abisporus	0.499	1	3.03	3.5	CuA1:GLN99@3.03
3_4.0Årescue_A0A074W6F3.cif	A0A074W6F3	ref_PmTYR	0.491	1	3.54	4.0	CuB3:ILE246@3.54
4_4.0Årescue_A0A9R1RCW5.cif	A0A9R1RCW5	ref_5CE9_Jregia	0.558	1	3.51	4.0	CuA1:PRO182@3.51
5_4.5Årescue_A0A0D2UIJ1.cif	A0A0D2UIJ1	ref_1BT3_Ibatatas	0.505	1	4.01	4.5	CuA3:VAL281@4.01
6_4.5Årescue_A0A3P8DS39.cif	A0A3P8DS39	ref_PmTYR	0.524	1	4.03	4.5	CuB3:TRP286@4.03
7_5.0Årescue_A0A8H6K3D9.cif	A0A8H6K3D9	ref_2Y9W_Abisporus	0.507	1	4.53	5.0	CuA2:PRO266@4.53
8_5.0Årescue_A0A3P3Y6K2.cif	A0A3P3Y6K2	ref_1JS8_squid	0.392	1	4.60	5.0	CuA1:GLY65@4.6
9_notsaved5Å_A0A5C6SLG5.cif	A0A5C6SLG5	ref_PmTYR	0.578	1	7.85	none(>5)	CuA3:ILE258@7.85
10_notsaved5Å_A0A8H8SYG4.cif	A0A8H8SYG4	ref_PmTYR	0.639	2	7.24	none(>5)	CuA2:VAL66@3.33;CuA3:LYS248@7.24
