A0A0B2P669	A0A0B2P669
A0A0B2P669	A0A9W7ISR7
A0A498JTL7	A0A498JTL7
A0A498JVN7	A0A498JVN7
A0A6P5XY90	A0A6P5XY90
A0A6P5XY90	A0AAD5GSN4
A0A6P5XY90	A0A6A2ZER6
A0A6V7QWY4	A0A6V7QWY4
A0ABC8SYL7	A0ABC8SYL7
A0AAD5CKI6	A0AAD5CKI6
A0AAD8QVW5	A0AAD8QVW5
A0AAE1YP42	A0AAE1YP42
D8T5K2	D8T5K2
A0A834SG87	A0A834SG87
A0A834SG87	A0A2G3AGB1
A0A834SG87	A0A2I0A3U6
A0A834SG87	A0A2I0A3T7
A0A834SG87	A0A2I0A3U1
A0A834SG87	A0A6A4LX91
A0A834SG87	A0A7I8JD17
A0A834SG87	A0A8D7FBP1
A0A834SG87	A0AAD4P7G4
A0A834SG87	A0A834ZVC3
A0A834SG87	A0A9E7HAB4
A0A834SG87	A0A9E7H9Q8
A0A834SG87	A0A9R1LQH9
A0A834SG87	A0A3B6R7S3
A0A834SG87	A0AAD4IPP4
A0A834SG87	A0AAE2BIM0
A0A834SG87	A0AAP0PRA1
A0A834SG87	A0AAV1C080
A0A834SG87	A0A0K9NMQ6
A0A834SG87	A0A0K9Q3U4
A0A834SG87	A0AAV1BW24
A0A834SG87	A0A0C9S6R6
A0A834SG87	A0A0D4D5X8
A0A834SG87	A0A0E0FUB6
A0A834SG87	A0A0K9P7U4
A0A834SG87	A0A0K9PZY4
A0A834SG87	A0A0K9NTB7
A0A834SG87	A0A0L9U315
A0A834SG87	A0A0U2D7M5
A0A834SG87	A0A176WHM5
A0A834SG87	A0A176VDF6
A0A834SG87	A0A176VEH7
A0A834SG87	A0A176W6H1
A0A834SG87	A0A176WCD1
A0A834SG87	A0A176WCF4
A0A834SG87	A0A176WCM7
A0A834SG87	A0A176WD67
A0A834SG87	A0A176WJD7
A0A834SG87	A0A2R6VXF9
A0A834SG87	A0A2R6VYW6
A0A834SG87	A0A2R6VZK5
A0A834SG87	A0A2R6VZL5
A0A834SG87	A0A2R6W0C7
A0A834SG87	A0A2R6W5V6
A0A834SG87	A0A2R6W5W2
A0A834SG87	A0A2R6W5W5
A0A834SG87	A0A2R6W5W8
A0A834SG87	A0A2R6WAX7
A0A834SG87	A0A2R6WDA8
A0A834SG87	A0A2R6WH64
A0A834SG87	A0A2R6WJJ9
A0A834SG87	A0A2R6WNN9
A0A834SG87	A0A2R6X3F1
A0A834SG87	A0A2R6X3F7
A0A834SG87	A0A2R6X3G4
A0A834SG87	A0A2R6X3H0
A0A834SG87	A0A2R6X3H8
A0A834SG87	A0A2R6X3Y2
A0A834SG87	A0A2R6X796
A0A834SG87	A0A2R6X7A4
A0A834SG87	A0A2R6XBI1
A0A834SG87	A0AAF6B3I4
A0A834SG87	A0AAF6BIC0
A0A834SG87	A0AAF6BIC2
A0A834SG87	A0AAF6BIM1
A0A834SG87	A0AAF6BIZ6
A0A834SG87	A0AAF6BJQ2
A0A834SG87	A0AAF6BK96
A0A834SG87	A0AAF6BKA0
A0A834SG87	A0AAF6BKR9
A0A834SG87	A0AAF6BKS1
A0A834SG87	A0AAF6BKV4
A0A834SG87	A0AAF6BT57
A0A834SG87	A0AAF6BT59
A0A834SG87	A0AAF6BT60
A0A834SG87	A0AAF6BT62
A0A834SG87	A0AAF6BT70
A0A834SG87	A0AAF6BT71
A0A834SG87	A0AAF6BT73
A0A834SG87	A0AAF6BT74
A0A834SG87	A0AAF6BT75
A0A834SG87	A0AAF6BT76
A0A834SG87	A0AAF6BTN3
A0A834SG87	A0AAF6BTN4
A0A834SG87	A0AAF6BTN5
A0A834SG87	A0AAF6BUE6
A0A834SG87	A0A1R3I1N9
A0A834SG87	A0A1Y1HVY3
A0A834SG87	A0A200Q9B4
A0A834SG87	A0AA41RPS2
A0A834SG87	A0AAD4SF23
A0A834SG87	A0A2K1JC20
A0A834SG87	A0A2K1KIQ0
A0A834SG87	A0A2P1JJ69
A0A834SG87	A0A2P5AGU1
A0A834SG87	A0A2P5FE91
A0A834SG87	A0A388KKC2
A0A834SG87	A0A388KRG2
A0A834SG87	A0A388KR59
A0A834SG87	A0A388LJ84
A0A834SG87	A0A388L198
A0A834SG87	A0A388L1E1
A0A834SG87	A0A388LJF6
A0A834SG87	A0A388LJI5
A0A834SG87	A0A388LXR0
A0A834SG87	A0A388LXT2
A0A834SG87	A0A3S3QC21
A0A834SG87	A0A4Y7JW71
A0A834SG87	A0A4Y7IJ39
A0A834SG87	A0A5A7QMF6
A0A834SG87	A0A6A2YCC7
A0A834SG87	A0A7J7GVH6
A0A834SG87	A0A022QC39
A0A834SG87	A0A022QE60
A0A834SG87	A0A022QG63
A0A834SG87	A0A022QL39
A0A834SG87	A0A022R0C6
A0A834SG87	A0A022R0D6
A0A834SG87	A0A022R1L2
A0A834SG87	A0A022R1L7
A0A834SG87	A0A022R3H9
A0A834SG87	A0A022R5P3
A0A834SG87	A0A023GU59
A0A834SG87	A0A023PMD2
A0A834SG87	A0A023PN01
A0A834SG87	A0A023PNV8
A0A834SG87	A0A023PP81
A0A834SG87	A0A024FR46
A0A834SG87	A0A024FS61
A0A834SG87	A0A058ZW33
A0A834SG87	A0A059CCV1
A0A834SG87	A0A059CDE4
A0A834SG87	A0A059UAM0
A0A834SG87	A0A061DZ45
A0A834SG87	A0A061E0X0
A0A834SG87	A0A061E6S7
A0A834SG87	A0A061GEN3
A0A834SG87	A0A061GFI2
A0A834SG87	A0A061GFY3
A0A834SG87	A0A061GFY7
A0A834SG87	A0A061GMJ6
A0A834SG87	A0A067GK93
A0A834SG87	A0A067JAU2
A0A834SG87	A0A068TU86
A0A834SG87	A0A068UD36
A0A834SG87	A0A068UEN7
A0A834SG87	A0A068UEP3
A0A834SG87	A0A068VNV4
A0A834SG87	A0A075BWS7
A0A834SG87	A0A075BX21
A0A834SG87	A0A075DN54
A0A834SG87	A0A076FRB3
A0A834SG87	A0A076FRN6
A0A834SG87	A0A076FRP2
A0A834SG87	A0A076FT34
A0A834SG87	A0A076FX85
A0A834SG87	A0A076FX88
A0A834SG87	A0A077S4H3
A0A834SG87	A0A097ZQG6
A0A834SG87	A0A097ZQG8
A0A834SG87	A0A097ZQH0
A0A834SG87	A0A097ZQH2
A0A834SG87	A0A097ZQH9
A0A834SG87	A0A097ZQI2
A0A834SG87	A0A0A0LUI1
A0A834SG87	A0A0A0LXD0
A0A834SG87	A0A0A9H6D8
A0A834SG87	A0A0B2P1N0
A0A834SG87	A0A0B2RGX4
A0A834SG87	A0A0B2SNE1
A0A834SG87	A0A0B2SNW5
A0A834SG87	A0A0B2SP68
A0A834SG87	A0A0D2NI02
A0A834SG87	A0A0D2R8B0
A0A834SG87	A0A0D2R8B7
A0A834SG87	A0A0D2RZ91
A0A834SG87	A0A0D2TW57
A0A834SG87	A0A0D2UGD8
A0A834SG87	A0A0D2VFA6
A0A834SG87	A0A0D3EUY4
A0A834SG87	A0A0D3QE84
A0A834SG87	A0A0D3QEA5
A0A834SG87	A0A0D3QEB3
A0A834SG87	A0A0D3QEC2
A0A834SG87	A0A0D9W9R3
A0A834SG87	A0A0D9YG01
A0A834SG87	A0A0D9ZQY1
A0A834SG87	A0A0E0C8Q0
A0A834SG87	A0A0E0DIL3
A0A834SG87	A0A0E0FUB3
A0A834SG87	A0A0E0JPQ3
A0A834SG87	A0A0E0JPQ4
A0A834SG87	A0A0E0KVG9
A0A834SG87	A0A0E0N3H7
A0A834SG87	A0A0E0N3I2
A0A834SG87	A0A0F7G9W3
A0A834SG87	A0A0G3EXV0
A0A834SG87	A0A0K0NPU9
A0A834SG87	A0A0K9PD68
A0A834SG87	A0A0K9PZE6
A0A834SG87	A0A0L9VFM6
A0A834SG87	A0A0L9VFW5
A0A834SG87	A0A0N7EI22
A0A834SG87	A0A0N9DV50
A0A834SG87	A0A0N9DV65
A0A834SG87	A0A0N9HGV8
A0A834SG87	A0A0N9HQF2
A0A834SG87	A0A0N9LXU7
A0A834SG87	A0A0P0WEZ4
A0A834SG87	A0A0Q3N0S9
A0A834SG87	A0A0R0GQB4
A0A834SG87	A0A0R0GYN5
A0A834SG87	A0A0R0JBC8
A0A834SG87	A0A0R0JCW2
A0A834SG87	A0A0S2SVY3
A0A834SG87	A0A0S3Q2G5
A0A834SG87	A0A0S3RT48
A0A834SG87	A0A0S3RT50
A0A834SG87	A0A0S3S2K2
A0A834SG87	A0A0U1TTF5
A0A834SG87	A0A0U1VG68
A0A834SG87	A0A0U2DXN3
A0A834SG87	A0A0V0IHG3
A0A834SG87	A0A103PWC4
A0A834SG87	A0A118JXA6
A0A834SG87	A0A118K103
A0A834SG87	A0A118K104
A0A834SG87	A0A124SHT3
A0A834SG87	A0A140KXU8
A0A834SG87	A0A141PG56
A0A834SG87	A0A150TIY7
A0A834SG87	A0A151R8K1
A0A834SG87	A0A151R8P6
A0A834SG87	A0A151T7G3
A0A834SG87	A0A162A591
A0A834SG87	A0A164WC69
A0A834SG87	A0A164ZTV5
A0A834SG87	A0A166F148
A0A834SG87	A0A172DC01
A0A834SG87	A0A172MLG4
A0A834SG87	A0A173DSG7
A0A834SG87	A0A173DSH2
A0A834SG87	A0A176W8I4
A0A834SG87	A0A176WB99
A0A834SG87	A0A199VCW6
A0A834SG87	A0A199VDI5
A0A834SG87	A0A199VDJ0
A0A834SG87	A0A199VDT9
A0A834SG87	A0A1B6Q6C0
A0A834SG87	A0A1D1Z645
A0A834SG87	A0A1D6JCC2
A0A834SG87	A0A1D6JET7
A0A834SG87	A0A1D6N9K8
A0A834SG87	A0A1E5UM04
A0A834SG87	A0A1E5UXN7
A0A834SG87	A0A1E5V3L3
A0A834SG87	A0A1E5VN09
A0A834SG87	A0A1E5WH95
A0A834SG87	A0A1E5WJW0
A0A834SG87	A0A1E5WNI9
A0A834SG87	A0A1J6IKE9
A0A834SG87	A0A1J6IR06
A0A834SG87	A0A1J6JLI9
A0A834SG87	A0A1J7H1D4
A0A834SG87	A0A1L5JHU3
A0A834SG87	A0A1Q3B9T6
A0A834SG87	A0A1R3I1W8
A0A834SG87	A0A1S2XCB4
A0A834SG87	A0A1S3B632
A0A834SG87	A0A1S3BFJ5
A0A834SG87	A0A1S3T8Z8
A0A834SG87	A0A1S3T903
A0A834SG87	A0A1S3T908
A0A834SG87	A0A1S3UVG6
A0A834SG87	A0A1S3UW74
A0A834SG87	A0A1S3VFN6
A0A834SG87	A0A1S3VGI9
A0A834SG87	A0A1S3X216
A0A834SG87	A0A1S3XNC2
A0A834SG87	A0A1S3Y7P7
A0A834SG87	A0A1S3YVF2
A0A834SG87	A0A1S3ZGA9
A0A834SG87	A0A1S3ZJN1
A0A834SG87	A0A1S3ZQP6
A0A834SG87	A0A1S4AY85
A0A834SG87	A0A1S4BPI1
A0A834SG87	A0A1S4BPJ1
A0A834SG87	A0A1S4BS14
A0A834SG87	A0A1S4BS42
A0A834SG87	A0A1S4D1N7
A0A834SG87	A0A1S6GLX1
A0A834SG87	A0A1U7VU91
A0A834SG87	A0A1U7VZE2
A0A834SG87	A0A1U7W3J9
A0A834SG87	A0A1U7WEV2
A0A834SG87	A0A1U7WR83
A0A834SG87	A0A1U7XN75
A0A834SG87	A0A1U7YXM0
A0A834SG87	A0A1U7Z3Y9
A0A834SG87	A0A1U8ADQ1
A0A834SG87	A0A1U8HXV2
A0A834SG87	A0A1U8LIV3
A0A834SG87	A0A1U8MR36
A0A834SG87	A0A1U8MV00
A0A834SG87	A0A1W0VTX0
A0A834SG87	A0A1W0VZT6
A0A834SG87	A0A1Y0B6P0
A0A834SG87	A0A1Z5R8F8
A0A834SG87	A0A200PQQ4
A0A834SG87	A0A200PQT6
A0A834SG87	A0A200Q9D2
A0A834SG87	A0A200R7R5
A0A834SG87	A0A218WZL2
A0A834SG87	A0A238GSN3
A0A834SG87	A0A238GSS3
A0A834SG87	A0A238GT27
A0A834SG87	A0A251PFJ6
A0A834SG87	A0A251S095
A0A834SG87	A0A251SBY7
A0A834SG87	A0A251SCL8
A0A834SG87	A0A251T8E6
A0A834SG87	A0A251T9H9
A0A834SG87	A0A251TAZ6
A0A834SG87	A0A251TBX0
A0A834SG87	A0A251TCC9
A0A834SG87	A0A251TE56
A0A834SG87	A0A251TYX0
A0A834SG87	A0A270R4T3
A0A834SG87	A0A270R4U3
A0A834SG87	A0A286MEA3
A0A834SG87	A0A2C9U520
A0A834SG87	A0A2G2W2T9
A0A834SG87	A0A2G2XEY0
A0A834SG87	A0A2G2XHP8
A0A834SG87	A0A2G2XM38
A0A834SG87	A0A2G2XM40
A0A834SG87	A0A2G2XMF4
A0A834SG87	A0A2G2XMG1
A0A834SG87	A0A2G3A8M1
A0A834SG87	A0A2G3ABT2
A0A834SG87	A0A2G3AGB2
A0A834SG87	A0A2G3AGD2
A0A834SG87	A0A2G3AGJ6
A0A834SG87	A0A2G3AP27
A0A834SG87	A0A2G5C0J9
A0A834SG87	A0A2G5CHA6
A0A834SG87	A0A2G5CHC6
A0A834SG87	A0A2G5CHD7
A0A834SG87	A0A2G5CHD9
A0A834SG87	A0A2G5D3X8
A0A834SG87	A0A2G5D408
A0A834SG87	A0A2G5DWL0
A0A834SG87	A0A2G5DX59
A0A834SG87	A0A2G5EY05
A0A834SG87	A0A2G9G4W6
A0A834SG87	A0A2G9G757
A0A834SG87	A0A2G9GF61
A0A834SG87	A0A2G9H164
A0A834SG87	A0A2G9H9F0
A0A834SG87	A0A2I0AD88
A0A834SG87	A0A2I0AD91
A0A834SG87	A0A2I0ADC5
A0A834SG87	A0A2I0VD26
A0A834SG87	A0A2I0VPI4
A0A834SG87	A0A2I4DDQ0
A0A834SG87	A0A2I4HRS7
A0A834SG87	A0A2K1IGC8
A0A834SG87	A0A2K1IK82
A0A834SG87	A0A2K1IZ55
A0A834SG87	A0A2K1J0S4
A0A834SG87	A0A2K1J162
A0A834SG87	A0A2K1JC22
A0A834SG87	A0A2K1K1L4
A0A834SG87	A0A2K1R840
A0A834SG87	A0A2K1R853
A0A834SG87	A0A2K2AV86
A0A834SG87	A0A2K2CAK1
A0A834SG87	A0A2K2CAK3
A0A834SG87	A0A2K2CAL3
A0A834SG87	A0A2K2CAL5
A0A834SG87	A0A2K2CAM1
A0A834SG87	A0A2K2CAM6
A0A834SG87	A0A2K2CIP6
A0A834SG87	A0A2K3L6D9
A0A834SG87	A0A2K3LF60
A0A834SG87	A0A2N9GS78
A0A834SG87	A0A2P2INC1
A0A834SG87	A0A2P5A5C5
A0A834SG87	A0A2P5BPK0
A0A834SG87	A0A2P5BPR9
A0A834SG87	A0A2P5CT40
A0A834SG87	A0A2P5CT50
A0A834SG87	A0A2P5E1P9
A0A834SG87	A0A2P5EKE8
A0A834SG87	A0A2P5FE69
A0A834SG87	A0A2P5XN45
A0A834SG87	A0A2P5YE33
A0A834SG87	A0A2P5YK08
A0A834SG87	A0A2P6Q3W0
A0A834SG87	A0A2P6Q3W8
A0A834SG87	A0A2R6PXU1
A0A834SG87	A0A2R6QA44
A0A834SG87	A0A2R6RAS2
A0A834SG87	A0A2R6WA01
A0A834SG87	A0A2R6WA03
A0A834SG87	A0A2S3HRC1
A0A834SG87	A0A2S3I0S4
A0A834SG87	A0A2S3I0S5
A0A834SG87	A0A2S3I0W2
A0A834SG87	A0A2S3IAG1
A0A834SG87	A0A2S3IB66
A0A834SG87	A0A2T7D022
A0A834SG87	A0A2T7D080
A0A834SG87	A0A2T7D4A1
A0A834SG87	A0A2T7D4A3
A0A834SG87	A0A2T7D4B7
A0A834SG87	A0A2T7D4E6
A0A834SG87	A0A2T7D4G1
A0A834SG87	A0A2T7DFQ8
A0A834SG87	A0A2T7DG84
A0A834SG87	A0A2U1KUF4
A0A834SG87	A0A2U1LPB1
A0A834SG87	A0A2U1MGY2
A0A834SG87	A0A2U1MTB0
A0A834SG87	A0A2U1NJZ8
A0A834SG87	A0A2U1NLY5
A0A834SG87	A0A2U1P4Z6
A0A834SG87	A0A2U1PEX4
A0A834SG87	A0A2U1PFS0
A0A834SG87	A0A2U1PHG2
A0A834SG87	A0A2U1PHI4
A0A834SG87	A0A2U8ZU88
A0A834SG87	A0A2Z5DH85
A0A834SG87	A0A2Z5DH90
A0A834SG87	A0A2Z5DH91
A0A834SG87	A0A2Z5DHA8
A0A834SG87	A0A2Z6NBK5
A0A834SG87	A0A2Z6NU82
A0A834SG87	A0A2Z6P106
A0A834SG87	A0A2Z6PCC2
A0A834SG87	A0A2Z6PM85
A0A834SG87	A0A2Z7B5F7
A0A834SG87	A0A2Z7B6W4
A0A834SG87	A0A2Z7BP29
A0A834SG87	A0A2Z7CFT7
A0A834SG87	A0A2Z7D498
A0A834SG87	A0A314KSU1
A0A834SG87	A0A314KT37
A0A834SG87	A0A314Y566
A0A834SG87	A0A314Y8T2
A0A834SG87	A0A314Y973
A0A834SG87	A0A314YBQ0
A0A834SG87	A0A314YDU2
A0A834SG87	A0A314YKM6
A0A834SG87	A0A314YLB5
A0A834SG87	A0A314YNG3
A0A834SG87	A0A314YQK6
A0A834SG87	A0A314ZJR6
A0A834SG87	A0A328CYV5
A0A834SG87	A0A328DHA3
A0A834SG87	A0A368RZ19
A0A834SG87	A0A371E471
A0A834SG87	A0A371EU45
A0A834SG87	A0A371F2C3
A0A834SG87	A0A396I1V4
A0A834SG87	A0A396J9Q7
A0A834SG87	A0A3B6B4P3
A0A834SG87	A0A3B6B569
A0A834SG87	A0A3B6CD88
A0A834SG87	A0A3B6CFK7
A0A834SG87	A0A3B6DJU5
A0A834SG87	A0A3B6DN86
A0A834SG87	A0A3B6EKX7
A0A834SG87	A0A3B6J0G9
A0A834SG87	A0A3B6JP55
A0A834SG87	A0A3B6JQG2
A0A834SG87	A0A3B6KV74
A0A834SG87	A0A3B6NJI8
A0A834SG87	A0A3B6PD51
A0A834SG87	A0A3B6PH25
A0A834SG87	A0A3B6QBL1
A0A834SG87	A0A3G1HI34
A0A834SG87	A0A3L6DCY5
A0A834SG87	A0A3L6F3L3
A0A834SG87	A0A3L6FL93
A0A834SG87	A0A3L6G4A8
A0A834SG87	A0A3L6GAT2
A0A834SG87	A0A3L6GDN9
A0A834SG87	A0A3L6PNQ0
A0A834SG87	A0A3L6PS56
A0A834SG87	A0A3L6PXE9
A0A834SG87	A0A3L6PYM7
A0A834SG87	A0A3L6QAQ2
A0A834SG87	A0A3L6QXL5
A0A834SG87	A0A3L6QZX3
A0A834SG87	A0A3L6RH28
A0A834SG87	A0A3L6RKW2
A0A834SG87	A0A3L6SQI5
A0A834SG87	A0A3P3ZKL1
A0A834SG87	A0A3P3ZL83
A0A834SG87	A0A3Q7F625
A0A834SG87	A0A3Q7HSQ3
A0A834SG87	A0A3Q9TBL6
A0A834SG87	A0A3S3MQX4
A0A834SG87	A0A3S3NIU4
A0A834SG87	A0A3S3QFY6
A0A834SG87	A0A3S4NW51
A0A834SG87	A0A3S6R1C3
A0A834SG87	A0A411JIB8
A0A834SG87	A0A426XES5
A0A834SG87	A0A426YRJ6
A0A834SG87	A0A426YWH1
A0A834SG87	A0A438JHV9
A0A834SG87	A0A438JHW3
A0A834SG87	A0A438JHW6
A0A834SG87	A0A443PIW9
A0A834SG87	A0A444WYG1
A0A834SG87	A0A444ZUR5
A0A834SG87	A0A444ZWU6
A0A834SG87	A0A444ZWV1
A0A834SG87	A0A445DCE3
A0A834SG87	A0A445DCG3
A0A834SG87	A0A445DP80
A0A834SG87	A0A445DRA1
A0A834SG87	A0A445DRB1
A0A834SG87	A0A445FXG1
A0A834SG87	A0A445FXH7
A0A834SG87	A0A445GQH9
A0A834SG87	A0A445GQM4
A0A834SG87	A0A445I6J5
A0A834SG87	A0A445I6L6
A0A834SG87	A0A445I9A8
A0A834SG87	A0A445JYU3
A0A834SG87	A0A445JYV4
A0A834SG87	A0A445JYW6
A0A834SG87	A0A451EZK6
A0A834SG87	A0A453D018
A0A834SG87	A0A453D098
A0A834SG87	A0A453JCH2
A0A834SG87	A0A453MVS1
A0A834SG87	A0A484K842
A0A834SG87	A0A484KTH3
A0A834SG87	A0A484M5W6
A0A834SG87	A0A484M936
A0A834SG87	A0A484MKM2
A0A834SG87	A0A484ML06
A0A834SG87	A0A498IS04
A0A834SG87	A0A498IS85
A0A834SG87	A0A498IVH3
A0A834SG87	A0A498IWF2
A0A834SG87	A0A498IXV7
A0A834SG87	A0A498JWA5
A0A834SG87	A0A498JYY9
A0A834SG87	A0A4D6KM86
A0A834SG87	A0A4D6KQ19
A0A834SG87	A0A4D6NET5
A0A834SG87	A0A4P1QPT6
A0A834SG87	A0A4P1QPT7
A0A834SG87	A0A4P1QPU4
A0A834SG87	A0A4P1QQ10
A0A834SG87	A0A4P8L6C8
A0A834SG87	A0A4S4EP73
A0A834SG87	A0A4S4ERL3
A0A834SG87	A0A4S4F0S3
A0A834SG87	A0A4S8IT13
A0A834SG87	A0A4S8IVY2
A0A834SG87	A0A4S8JI25
A0A834SG87	A0A4S8K2B6
A0A834SG87	A0A4S8K2E1
A0A834SG87	A0A4S8K8H3
A0A834SG87	A0A4U5MWK7
A0A834SG87	A0A4U5MY05
A0A834SG87	A0A4U5MY48
A0A834SG87	A0A4U5NQ50
A0A834SG87	A0A4U5NSP7
A0A834SG87	A0A4U5PQE5
A0A834SG87	A0A4U5Q1X0
A0A834SG87	A0A4U6U3D2
A0A834SG87	A0A4U6URN3
A0A834SG87	A0A4U6V645
A0A834SG87	A0A4V6D4I5
A0A834SG87	A0A4Y1R9H2
A0A834SG87	A0A4Y7I3R4
A0A834SG87	A0A4Y7I4A1
A0A834SG87	A0A4Y7I7H2
A0A834SG87	A0A4Y7IA41
A0A834SG87	A0A4Y7IC16
A0A834SG87	A0A4Y7IG79
A0A834SG87	A0A4Y7IJU3
A0A834SG87	A0A4Y7IKI8
A0A834SG87	A0A4Y7IW07
A0A834SG87	A0A4Y7J089
A0A834SG87	A0A4Y7JE12
A0A834SG87	A0A4Y7JG44
A0A834SG87	A0A4Y7JVY5
A0A834SG87	A0A4Y7K6N0
A0A834SG87	A0A4Y7KL70
A0A834SG87	A0A540LP38
A0A834SG87	A0A540LP61
A0A834SG87	A0A540LPK5
A0A834SG87	A0A540LPR7
A0A834SG87	A0A540M014
A0A834SG87	A0A540M063
A0A834SG87	A0A5A7P8F5
A0A834SG87	A0A5A7P8R8
A0A834SG87	A0A5A7PUF0
A0A834SG87	A0A5A7QKU5
A0A834SG87	A0A5A7R9H3
A0A834SG87	A0A5A7UM24
A0A834SG87	A0A5A7UM88
A0A834SG87	A0A5A7UTU0
A0A834SG87	A0A5B6YVS2
A0A834SG87	A0A5B6ZD77
A0A834SG87	A0A5B7BMB1
A0A834SG87	A0A5B7BMP7
A0A834SG87	A0A5B7BQI1
A0A834SG87	A0A5C7GS05
A0A834SG87	A0A5D2A6I2
A0A834SG87	A0A5D2BAD1
A0A834SG87	A0A5D2C767
A0A834SG87	A0A5D2C8N1
A0A834SG87	A0A5D2C929
A0A834SG87	A0A5D2CAK1
A0A834SG87	A0A5D2CDW6
A0A834SG87	A0A5D2DKS4
A0A834SG87	A0A5D2E4Z0
A0A834SG87	A0A5D2F8S6
A0A834SG87	A0A5D2G6E6
A0A834SG87	A0A5D2G6V9
A0A834SG87	A0A5D2G8C9
A0A834SG87	A0A5D2GA62
A0A834SG87	A0A5D2H9S9
A0A834SG87	A0A5D2JG00
A0A834SG87	A0A5D2KJP6
A0A834SG87	A0A5D2KKA0
A0A834SG87	A0A5D2KN98
A0A834SG87	A0A5D2MRV4
A0A834SG87	A0A5D2P014
A0A834SG87	A0A5D2Q415
A0A834SG87	A0A5D2Q517
A0A834SG87	A0A5D2Q7P1
A0A834SG87	A0A5D2QA30
A0A834SG87	A0A5D2RA93
A0A834SG87	A0A5D2SC93
A0A834SG87	A0A5D2TJG1
A0A834SG87	A0A5D2UJV9
A0A834SG87	A0A5D2ULC9
A0A834SG87	A0A5D2ULX1
A0A834SG87	A0A5D2UQB3
A0A834SG87	A0A5D2UR16
A0A834SG87	A0A5D2WPH5
A0A834SG87	A0A5D2YVG9
A0A834SG87	A0A5D2YXF4
A0A834SG87	A0A5D2YY36
A0A834SG87	A0A5D3A2L0
A0A834SG87	A0A5D3DS75
A0A834SG87	A0A5E4EEC0
A0A834SG87	A0A5E4F653
A0A834SG87	A0A5E4F6A6
A0A834SG87	A0A5E4F824
A0A834SG87	A0A5E4FD61
A0A834SG87	A0A5J4ZC26
A0A834SG87	A0A5J5BFK8
A0A834SG87	A0A5J5NCV8
A0A834SG87	A0A5J5NXK0
A0A834SG87	A0A5J5R3V5
A0A834SG87	A0A5J5R4H1
A0A834SG87	A0A5J5R643
A0A834SG87	A0A5J5R8V0
A0A834SG87	A0A5J5SM20
A0A834SG87	A0A5J5VEA7
A0A834SG87	A0A5J5VGF5
A0A834SG87	A0A5J5WIE0
A0A834SG87	A0A5J9TTZ2
A0A834SG87	A0A5J9TUB7
A0A834SG87	A0A5J9TVE7
A0A834SG87	A0A5J9UPM8
A0A834SG87	A0A5J9VEU1
A0A834SG87	A0A5J9VH37
A0A834SG87	A0A5N5FDI3
A0A834SG87	A0A5N5FSB9
A0A834SG87	A0A5N5IB49
A0A834SG87	A0A5N5IC87
A0A834SG87	A0A5N5ICV1
A0A834SG87	A0A5N5IE94
A0A834SG87	A0A5N5JTD4
A0A834SG87	A0A5N5JVN5
A0A834SG87	A0A5N5KU71
A0A834SG87	A0A5N5KVT2
A0A834SG87	A0A5N5N1V0
A0A834SG87	A0A5N6LXI7
A0A834SG87	A0A5N6LXI8
A0A834SG87	A0A5N6LXJ2
A0A834SG87	A0A5N6LXJ7
A0A834SG87	A0A5N6LXU0
A0A834SG87	A0A5N6LYM1
A0A834SG87	A0A5N6LYM3
A0A834SG87	A0A5N6LYM4
A0A834SG87	A0A5N6LYR8
A0A834SG87	A0A5N6LZ00
A0A834SG87	A0A5N6LZG6
A0A834SG87	A0A5N6M088
A0A834SG87	A0A5N6NPH8
A0A834SG87	A0A5N6Q8R4
A0A834SG87	A0A5N6Q8R6
A0A834SG87	A0A5N6Q8X3
A0A834SG87	A0A6A1UJ49
A0A834SG87	A0A6A2Z3X8
A0A834SG87	A0A6A2ZDM7
A0A834SG87	A0A6A3C8W3
A0A834SG87	A0A6A3CHA3
A0A834SG87	A0A6A3CU56
A0A834SG87	A0A6A4NRZ3
A0A834SG87	A0A6A5NZT8
A0A834SG87	A0A6A6LPJ9
A0A834SG87	A0A6A6LUP7
A0A834SG87	A0A6B7JF49
A0A834SG87	A0A6B7JGJ4
A0A834SG87	A0A6B7JI39
A0A834SG87	A0A6F8Z1C0
A0A834SG87	A0A6F8Z1G5
A0A834SG87	A0A6F8Z1L8
A0A834SG87	A0A6F8Z1U3
A0A834SG87	A0A6F8Z232
A0A834SG87	A0A6G1BWY8
A0A834SG87	A0A6G1E2C8
A0A834SG87	A0A6G6B0Q9
A0A834SG87	A0A6I9QIW5
A0A834SG87	A0A6I9QKC4
A0A834SG87	A0A6I9QKJ4
A0A834SG87	A0A6I9RDH9
A0A834SG87	A0A6I9RIE5
A0A834SG87	A0A6I9SZN0
A0A834SG87	A0A6I9TD70
A0A834SG87	A0A6I9TFW5
A0A834SG87	A0A6I9TH13
A0A834SG87	A0A6I9TIN4
A0A834SG87	A0A6I9UDT3
A0A834SG87	A0A6I9UDU9
A0A834SG87	A0A6I9UES7
A0A834SG87	A0A6I9UJ96
A0A834SG87	A0A6J1AGY1
A0A834SG87	A0A6J1AIX9
A0A834SG87	A0A6J1B4U6
A0A834SG87	A0A6J1B6E3
A0A834SG87	A0A6J1B6Y7
A0A834SG87	A0A6J1B7B5
A0A834SG87	A0A6J1CGK8
A0A834SG87	A0A6J1EGP5
A0A834SG87	A0A6J1EMV7
A0A834SG87	A0A6J1GRK5
A0A834SG87	A0A6J1K2N9
A0A834SG87	A0A6J1KJD3
A0A834SG87	A0A6J1KRC0
A0A834SG87	A0A6J5UL59
A0A834SG87	A0A6J5VMN1
A0A834SG87	A0A6J5WXB6
A0A834SG87	A0A6J5X158
A0A834SG87	A0A6J5X2R9
A0A834SG87	A0A6J5X364
A0A834SG87	A0A6J5X5P2
A0A834SG87	A0A6J5X623
A0A834SG87	A0A6L2KES0
A0A834SG87	A0A6M2EWV4
A0A834SG87	A0A6M2F2L3
A0A834SG87	A0A6M2F4W8
A0A834SG87	A0A6N2AKH8
A0A834SG87	A0A6N2ALI0
A0A834SG87	A0A6N2ALR9
A0A834SG87	A0A6N2ANX6
A0A834SG87	A0A6N2B2V5
A0A834SG87	A0A6N2CBM7
A0A834SG87	A0A6N2KGZ7
A0A834SG87	A0A6N2KNK4
A0A834SG87	A0A6N2NH22
A0A834SG87	A0A6P3YXQ8
A0A834SG87	A0A6P3YY59
A0A834SG87	A0A6P4C4R2
A0A834SG87	A0A6P4CRV9
A0A834SG87	A0A6P4CY22
A0A834SG87	A0A6P4CZR3
A0A834SG87	A0A6P4D463
A0A834SG87	A0A6P4D7K5
A0A834SG87	A0A6P5G1C1
A0A834SG87	A0A6P5GAN2
A0A834SG87	A0A6P5MV04
A0A834SG87	A0A6P5TSP4
A0A834SG87	A0A6P5TUG1
A0A834SG87	A0A6P5TUS8
A0A834SG87	A0A6P5TUU8
A0A834SG87	A0A6P5TUV6
A0A834SG87	A0A6P5TVH0
A0A834SG87	A0A6P5WWI1
A0A834SG87	A0A6P5WYD0
A0A834SG87	A0A6P5XCY6
A0A834SG87	A0A6P6ABN5
A0A834SG87	A0A6P6BJY7
A0A834SG87	A0A6P6S967
A0A834SG87	A0A6P6SCZ9
A0A834SG87	A0A6P6SD00
A0A834SG87	A0A6P6SDP1
A0A834SG87	A0A6P6SDQ3
A0A834SG87	A0A6P6SDS1
A0A834SG87	A0A6P6SDS2
A0A834SG87	A0A6P6SFS2
A0A834SG87	A0A6P6VKZ6
A0A834SG87	A0A6P6VQA2
A0A834SG87	A0A6P6W324
A0A834SG87	A0A6P6W329
A0A834SG87	A0A6P6W8K5
A0A834SG87	A0A6P8DXG6
A0A834SG87	A0A6V7QUF5
A0A834SG87	A0A6V7QWC5
A0A834SG87	A0A7C8Z0D2
A0A834SG87	A0A7D5GHP5
A0A834SG87	A0A7D5JZ45
A0A834SG87	A0A7D5KJK5
A0A834SG87	A0A7D5L2D4
A0A834SG87	A0A7I4A3E3
A0A834SG87	A0A7I8ITR4
A0A834SG87	A0A7I8JAS3
A0A834SG87	A0A7I8JAZ3
A0A834SG87	A0A7I8KKF5
A0A834SG87	A0A7I8L253
A0A834SG87	A0A7I8L3A4
A0A834SG87	A0A7I8L486
A0A834SG87	A0A7J0E088
A0A834SG87	A0A7J6EUI4
A0A834SG87	A0A7J6EZF1
A0A834SG87	A0A7J6HFJ2
A0A834SG87	A0A7J6HTX3
A0A834SG87	A0A7J6UTM6
A0A834SG87	A0A7J6V6N7
A0A834SG87	A0A7J6VBU9
A0A834SG87	A0A7J6VGC8
A0A834SG87	A0A7J6VK32
A0A834SG87	A0A7J6WFH5
A0A834SG87	A0A7J7GUX9
A0A834SG87	A0A7J7MFK5
A0A834SG87	A0A7J7MG66
A0A834SG87	A0A7J7MGC1
A0A834SG87	A0A7J7N7M0
A0A834SG87	A0A7J7NY73
A0A834SG87	A0A7J7NY85
A0A834SG87	A0A7J7NY94
A0A834SG87	A0A7J8LXC4
A0A834SG87	A0A7J8LZG0
A0A834SG87	A0A7J8MVB0
A0A834SG87	A0A7J8MVH9
A0A834SG87	A0A7J8MXJ5
A0A834SG87	A0A7J8PC25
A0A834SG87	A0A7J8RKV6
A0A834SG87	A0A7J8RMV1
A0A834SG87	A0A7J8SL55
A0A834SG87	A0A7J8SLW2
A0A834SG87	A0A7J8SNY0
A0A834SG87	A0A7J8TIT6
A0A834SG87	A0A7J8UG10
A0A834SG87	A0A7J8UIR6
A0A834SG87	A0A7J8VIL6
A0A834SG87	A0A7J8VJI4
A0A834SG87	A0A7J8VK94
A0A834SG87	A0A7J8WDB2
A0A834SG87	A0A7J8Y4W9
A0A834SG87	A0A7J8Y5R6
A0A834SG87	A0A7J8Y631
A0A834SG87	A0A7J8Y6I9
A0A834SG87	A0A7J8ZL86
A0A834SG87	A0A7J8ZMH4
A0A834SG87	A0A7J9AH22
A0A834SG87	A0A7J9AH80
A0A834SG87	A0A7J9AIA0
A0A834SG87	A0A7J9BSD6
A0A834SG87	A0A7J9BUD6
A0A834SG87	A0A7J9CHP9
A0A834SG87	A0A7J9CHS6
A0A834SG87	A0A7J9CIK1
A0A834SG87	A0A7J9E2S8
A0A834SG87	A0A7J9EF70
A0A834SG87	A0A7J9EYM6
A0A834SG87	A0A7J9EZV1
A0A834SG87	A0A7J9F0I4
A0A834SG87	A0A7J9F1T9
A0A834SG87	A0A7J9GNT4
A0A834SG87	A0A7J9GRC7
A0A834SG87	A0A7J9HNL9
A0A834SG87	A0A7J9HPH0
A0A834SG87	A0A7J9HQ07
A0A834SG87	A0A7J9JIE7
A0A834SG87	A0A7J9JZ04
A0A834SG87	A0A7J9JZ70
A0A834SG87	A0A7J9K117
A0A834SG87	A0A7J9LVA7
A0A834SG87	A0A7J9MAI5
A0A834SG87	A0A7J9MC20
A0A834SG87	A0A7J9MDZ8
A0A834SG87	A0A7J9MF11
A0A834SG87	A0A7J9NBA3
A0A834SG87	A0A7N2MTV1
A0A834SG87	A0A7N2R4S9
A0A834SG87	A0A7N2RCI0
A0A834SG87	A0A7S6HUY0
A0A834SG87	A0A7T0MI32
A0A834SG87	A0A803LLC7
A0A834SG87	A0A803LLC8
A0A834SG87	A0A803LPT1
A0A834SG87	A0A803LPT2
A0A834SG87	A0A803NZB7
A0A834SG87	A0A803NZB8
A0A834SG87	A0A803Q7X0
A0A834SG87	A0A803QVW1
A0A834SG87	A0A804JMC8
A0A834SG87	A0A804JRR5
A0A834SG87	A0A804JRS7
A0A834SG87	A0A804K4K6
A0A834SG87	A0A804K4K8
A0A834SG87	A0A804KE62
A0A834SG87	A0A804KYE1
A0A834SG87	A0A804RIY3
A0A834SG87	A0A804ULR4
A0A834SG87	A0A804UML8
A0A834SG87	A0A811NTG6
A0A834SG87	A0A811PLT5
A0A834SG87	A0A811PN71
A0A834SG87	A0A811PWB5
A0A834SG87	A0A811R0U8
A0A834SG87	A0A811S8X4
A0A834SG87	A0A822XHC0
A0A834SG87	A0A830B0I8
A0A834SG87	A0A830BJL4
A0A834SG87	A0A830CHU2
A0A834SG87	A0A830CU19
A0A834SG87	A0A833QIW2
A0A834SG87	A0A833R0A1
A0A834SG87	A0A833RJ43
A0A834SG87	A0A833XZ93
A0A834SG87	A0A834D1R3
A0A834SG87	A0A834FXG3
A0A834SG87	A0A834SH60
A0A834SG87	A0A834Y6U4
A0A834SG87	A0A834Y8S0
A0A834SG87	A0A834ZDT5
A0A834SG87	A0A834ZKX7
A0A834SG87	A0A834ZNS4
A0A834SG87	A0A835ADC5
A0A834SG87	A0A835AE92
A0A834SG87	A0A835AGD2
A0A834SG87	A0A835AMR0
A0A834SG87	A0A835ANI8
A0A834SG87	A0A835ARW6
A0A834SG87	A0A835DM91
A0A834SG87	A0A835DNV5
A0A834SG87	A0A835DS09
A0A834SG87	A0A835DUN7
A0A834SG87	A0A835DYY3
A0A834SG87	A0A835E2N8
A0A834SG87	A0A835E410
A0A834SG87	A0A835E5D7
A0A834SG87	A0A835E634
A0A834SG87	A0A835FLY5
A0A834SG87	A0A835FSB9
A0A834SG87	A0A835H2U5
A0A834SG87	A0A835INJ6
A0A834SG87	A0A835JDS2
A0A834SG87	A0A835JKP2
A0A834SG87	A0A835KFP6
A0A834SG87	A0A835KQU2
A0A834SG87	A0A835KRV3
A0A834SG87	A0A835KTA7
A0A834SG87	A0A835LFJ4
A0A834SG87	A0A835LHW4
A0A834SG87	A0A835MHI1
A0A834SG87	A0A835MQH1
A0A834SG87	A0A835MR89
A0A834SG87	A0A835MWN7
A0A834SG87	A0A835P8D1
A0A834SG87	A0A835QDT6
A0A834SG87	A0A835QFD3
A0A834SG87	A0A835U586
A0A834SG87	A0A835USU2
A0A834SG87	A0A835V5C5
A0A834SG87	A0A835V7X0
A0A834SG87	A0A843VRT1
A0A834SG87	A0A843WKM3
A0A834SG87	A0A843X9J2
A0A834SG87	A0A843XW89
A0A834SG87	A0A8A8E2Y6
A0A834SG87	A0A8A8E350
A0A834SG87	A0A8A8E3F3
A0A834SG87	A0A8B7BJK9
A0A834SG87	A0A8B7BKB2
A0A834SG87	A0A8B7CKL8
A0A834SG87	A0A8B7CZQ9
A0A834SG87	A0A8B7CZR0
A0A834SG87	A0A8B8K2X2
A0A834SG87	A0A8B8KQK3
A0A834SG87	A0A8B8MFA9
A0A834SG87	A0A8B8P1N5
A0A834SG87	A0A8B9A045
A0A834SG87	A0A8B9AG70
A0A834SG87	A0A8D7EVW3
A0A834SG87	A0A8D7EWJ4
A0A834SG87	A0A8E6HRF2
A0A834SG87	A0A8E6HRF3
A0A834SG87	A0A8I6XAM2
A0A834SG87	A0A8I6XVQ0
A0A834SG87	A0A8J4R1C7
A0A834SG87	A0A8J4RCB2
A0A834SG87	A0A8J4RG28
A0A834SG87	A0A8J4VBG9
A0A834SG87	A0A8J5F0X4
A0A834SG87	A0A8J5F3I4
A0A834SG87	A0A8J5F4W5
A0A834SG87	A0A8J5HRF1
A0A834SG87	A0A8J5LJA9
A0A834SG87	A0A8J5RBS7
A0A834SG87	A0A8J5SQH5
A0A834SG87	A0A8J5YHH3
A0A834SG87	A0A8J5YW30
A0A834SG87	A0A8J5Z0Y9
A0A834SG87	A0A8J5ZKV7
A0A834SG87	A0A8J9SJ80
A0A834SG87	A0A8J9T919
A0A834SG87	A0A8K0GST7
A0A834SG87	A0A8K0HX05
A0A834SG87	A0A8K0MMK9
A0A834SG87	A0A8R7TMK7
A0A834SG87	A0A8R7ULZ0
A0A834SG87	A0A8S0Q4H7
A0A834SG87	A0A8S0R4R5
A0A834SG87	A0A8S0RWT1
A0A834SG87	A0A8S0RZ97
A0A834SG87	A0A8S0S8L4
A0A834SG87	A0A8S0T1Q9
A0A834SG87	A0A8S0T6Q7
A0A834SG87	A0A8S0TLT4
A0A834SG87	A0A8S0UBA7
A0A834SG87	A0A8S0UK52
A0A834SG87	A0A8S0VBW7
A0A834SG87	A0A8S0VGL2
A0A834SG87	A0A8S0VGT0
A0A834SG87	A0A8S0VIH9
A0A834SG87	A0A8S0VIP0
A0A834SG87	A0A8T0G656
A0A834SG87	A0A8T0GM20
A0A834SG87	A0A8T0H1H9
A0A834SG87	A0A8T0H2S1
A0A834SG87	A0A8T0H337
A0A834SG87	A0A8T0H8D7
A0A834SG87	A0A8T0HHE6
A0A834SG87	A0A8T0IHE8
A0A834SG87	A0A8T0KZW1
A0A834SG87	A0A8T0Q992
A0A834SG87	A0A8T0QF67
A0A834SG87	A0A8T0QVW6
A0A834SG87	A0A8T0QWH8
A0A834SG87	A0A8T0R8L8
A0A834SG87	A0A8T0RAJ4
A0A834SG87	A0A8T0RB58
A0A834SG87	A0A8T0S260
A0A834SG87	A0A8T0S3N5
A0A834SG87	A0A8T0SP29
A0A834SG87	A0A8T0SV49
A0A834SG87	A0A8T1PHH5
A0A834SG87	A0A8T1PJE0
A0A834SG87	A0A8T2PYR0
A0A834SG87	A0A8T2PZB3
A0A834SG87	A0A8T2PZL3
A0A834SG87	A0A8T2S7I0
A0A834SG87	A0A8T2S9A6
A0A834SG87	A0A8T2S9I7
A0A834SG87	A0A8T2SAK0
A0A834SG87	A0A8T2SAR2
A0A834SG87	A0A8T2SU62
A0A834SG87	A0A8T2SVT2
A0A834SG87	A0A8T2SWZ4
A0A834SG87	A0A8T2SXV3
A0A834SG87	A0A8T2SYA7
A0A834SG87	A0A8T2SYB5
A0A834SG87	A0A8T2T4A0
A0A834SG87	A0A8T2UP64
A0A834SG87	A0A8T2URK9
A0A834SG87	A0A8T2UTL7
A0A834SG87	A0A8T2UVE0
A0A834SG87	A0A8T2UW48
A0A834SG87	A0A8T2UWW7
A0A834SG87	A0A8T2V3V4
A0A834SG87	A0A8T2VFM8
A0A834SG87	A0A8T2WH79
A0A834SG87	A0A8T2XJE5
A0A834SG87	A0A8T2XL47
A0A834SG87	A0A8T2XMC2
A0A834SG87	A0A8T2XQF3
A0A834SG87	A0A8T2ZMP1
A0A834SG87	A0A8T2ZMY6
A0A834SG87	A0A8T2ZN37
A0A834SG87	A0A8T2ZN39
A0A834SG87	A0A8T2ZN40
A0A834SG87	A0A8T2ZN72
A0A834SG87	A0A8T3AJ54
A0A834SG87	A0A8T3B9N1
A0A834SG87	A0A8T3BDL3
A0A834SG87	A0A8T3BS23
A0A834SG87	A0A8X7YP15
A0A834SG87	A0A8X7YPD5
A0A834SG87	A0A8X7YR61
A0A834SG87	A0A8X8APH5
A0A834SG87	A0A8X8ATI9
A0A834SG87	A0A8X8CIW2
A0A834SG87	A0A8X8DG05
A0A834SG87	A0A8X8DKR1
A0A834SG87	A0A8X8DKR6
A0A834SG87	A0A8X8DKU9
A0A834SG87	A0A8X8IY06
A0A834SG87	A0A8X8WDM5
A0A834SG87	A0A8X8WEZ9
A0A834SG87	A0A8X8WKR7
A0A834SG87	A0A8X8WNL1
A0A834SG87	A0A8X8WP78
A0A834SG87	A0A8X8WPY0
A0A834SG87	A0A8X8WQB3
A0A834SG87	A0A8X8Y5G6
A0A834SG87	A0A8X8Z6G6
A0A834SG87	A0A8X8Z7E5
A0A834SG87	A0A8X8Z920
A0A834SG87	A0A8X8ZAI8
A0A834SG87	A0A8X8ZB35
A0A834SG87	A0A8X8ZB44
A0A834SG87	A0A921QIX1
A0A834SG87	A0A921QJC7
A0A834SG87	A0A921QLV1
A0A834SG87	A0A921QRZ4
A0A834SG87	A0A921QUI8
A0A834SG87	A0A921RJ57
A0A834SG87	A0A921U1Z9
A0A834SG87	A0A921UPE6
A0A834SG87	A0A978USF4
A0A834SG87	A0A978W1X4
A0A834SG87	A0A978W1X5
A0A834SG87	A0A9D3UPU6
A0A834SG87	A0A9D3URJ5
A0A834SG87	A0A9D3URU8
A0A834SG87	A0A9D3VPP9
A0A834SG87	A0A9D3VZL2
A0A834SG87	A0A9D3ZPE9
A0A834SG87	A0A9D4U2J2
A0A834SG87	A0A9D4U2Z4
A0A834SG87	A0A9D4U427
A0A834SG87	A0A9D4U4J8
A0A834SG87	A0A9D4UYP8
A0A834SG87	A0A9D4V1Q8
A0A834SG87	A0A9D4V2I4
A0A834SG87	A0A9D4V2P6
A0A834SG87	A0A9D4V772
A0A834SG87	A0A9D4V7B7
A0A834SG87	A0A9D4V7R6
A0A834SG87	A0A9D4XYU4
A0A834SG87	A0A9D4ZGH9
A0A834SG87	A0A9D5CK20
A0A834SG87	A0A9D5CK28
A0A834SG87	A0A9D5CKA6
A0A834SG87	A0A9D5CL78
A0A834SG87	A0A9D5CSB4
A0A834SG87	A0A9D5CTA3
A0A834SG87	A0A9D5CTY2
A0A834SG87	A0A9D5CTZ2
A0A834SG87	A0A9D5CTZ9
A0A834SG87	A0A9D5CUK6
A0A834SG87	A0A9D5CV19
A0A834SG87	A0A9D5D0G0
A0A834SG87	A0A9D5H103
A0A834SG87	A0A9D5H280
A0A834SG87	A0A9D5H2D2
A0A834SG87	A0A9D5HJP8
A0A834SG87	A0A9D5HJZ8
A0A834SG87	A0A9D5HNL2
A0A834SG87	A0A9E7GN76
A0A834SG87	A0A9E7GUK2
A0A834SG87	A0A9E7GUQ1
A0A834SG87	A0A9E7GVT7
A0A834SG87	A0A9E7H250
A0A834SG87	A0A9E7H3I3
A0A834SG87	A0A9E7H3J2
A0A834SG87	A0A9E7H7C1
A0A834SG87	A0A9E7H7D2
A0A834SG87	A0A9E7H9J3
A0A834SG87	A0A9E7H9V6
A0A834SG87	A0A9E7I6L4
A0A834SG87	A0A9E7I915
A0A834SG87	A0A9E7KNX5
A0A834SG87	A0A9E7KSN5
A0A834SG87	A0A9J5XX44
A0A834SG87	A0A9J5XX52
A0A834SG87	A0A9J5XYA1
A0A834SG87	A0A9J5XZC6
A0A834SG87	A0A9J5XZD3
A0A834SG87	A0A9J6ADY7
A0A834SG87	A0A9K3HLL2
A0A834SG87	A0A9K3N4Y3
A0A834SG87	A0A9N7MW10
A0A834SG87	A0A9N7MW86
A0A834SG87	A0A9N7R3T9
A0A834SG87	A0A9P0ZDA3
A0A834SG87	A0A9P0ZL29
A0A834SG87	A0A9P1EGP5
A0A834SG87	A0A9Q0G5V1
A0A834SG87	A0A9Q0GKV4
A0A834SG87	A0A9Q0J471
A0A834SG87	A0A9Q0KS29
A0A834SG87	A0A9Q0KTY2
A0A834SG87	A0A9Q0KU96
A0A834SG87	A0A9Q0KUV1
A0A834SG87	A0A9Q0QXM2
A0A834SG87	A0A9Q0UDV3
A0A834SG87	A0A9Q0VNT9
A0A834SG87	A0A9Q0VRW4
A0A834SG87	A0A9Q0WG28
A0A834SG87	A0A9Q0WM22
A0A834SG87	A0A9Q0ZYT7
A0A834SG87	A0A9Q1A0N7
A0A834SG87	A0A9Q1A0U0
A0A834SG87	A0A9Q1A0Z0
A0A834SG87	A0A9Q1AGG0
A0A834SG87	A0A9Q1AMB4
A0A834SG87	A0A9Q1GIZ7
A0A834SG87	A0A9Q1GQE0
A0A834SG87	A0A9Q1GRA5
A0A834SG87	A0A9Q1JHX7
A0A834SG87	A0A9Q1JNS3
A0A834SG87	A0A9Q1JQ73
A0A834SG87	A0A9Q1JQC5
A0A834SG87	A0A9Q1L1Q6
A0A834SG87	A0A9Q1L3G5
A0A834SG87	A0A9Q1L3R3
A0A834SG87	A0A9Q1M9T0
A0A834SG87	A0A9Q1MCW5
A0A834SG87	A0A9Q1MD85
A0A834SG87	A0A9Q1R9Z5
A0A834SG87	A0A9Q1RG09
A0A834SG87	A0A9Q1RGR7
A0A834SG87	A0A9Q1RGX2
A0A834SG87	A0A9R0IY42
A0A834SG87	A0A9R0JDF9
A0A834SG87	A0A9R0JWR5
A0A834SG87	A0A9R0K4G1
A0A834SG87	A0A9R0TD02
A0A834SG87	A0A9R0UMH3
A0A834SG87	A0A9R0VMT2
A0A834SG87	A0A9R0YEI1
A0A834SG87	A0A9R1AFE9
A0A834SG87	A0A9R1B6K4
A0A834SG87	A0A9R1B6K6
A0A834SG87	A0A9R1B6K8
A0A834SG87	A0A9R1E5C8
A0A834SG87	A0A9R1EIN1
A0A834SG87	A0A9R1EJ93
A0A834SG87	A0A9R1EY78
A0A834SG87	A0A9R1GYY0
A0A834SG87	A0A9R1HB81
A0A834SG87	A0A9R1I418
A0A834SG87	A0A9R1J4H2
A0A834SG87	A0A9R1JIN1
A0A834SG87	A0A9R1KF29
A0A834SG87	A0A9R1KJB3
A0A834SG87	A0A9R1L8W7
A0A834SG87	A0A9R1L9B2
A0A834SG87	A0A9R1LFS0
A0A834SG87	A0A9R1N0A3
A0A834SG87	A0A9R1PYR0
A0A834SG87	A0A9R1QY75
A0A834SG87	A0A9R1RCW1
A0A834SG87	A0A9R1RCW5
A0A834SG87	A0A9R1RCX2
A0A834SG87	A0A9R1UC94
A0A834SG87	A0A9R1UJQ2
A0A834SG87	A0A9R1UL28
A0A834SG87	A0A9R1VK83
A0A834SG87	A0A9R1VMH5
A0A834SG87	A0A9R1VSG5
A0A834SG87	A0A9R1VVV1
A0A834SG87	A0A9R1X4K9
A0A834SG87	A0A9W7GT20
A0A834SG87	A0A9W7H895
A0A834SG87	A0A9W7H930
A0A834SG87	A0A9W7H9J2
A0A834SG87	A0A9W7HAY0
A0A834SG87	A0A9W7HBI0
A0A834SG87	A0A9W7IEX3
A0A834SG87	A0A9W7IQQ8
A0A834SG87	A0A9W7JII4
A0A834SG87	A0A9W7MUS4
A0A834SG87	A0AA35Z755
A0A834SG87	A0AA35ZVF9
A0A834SG87	A0AA36A3D3
A0A834SG87	A0AA36A4X1
A0A834SG87	A0AA36E1F1
A0A834SG87	A0AA36E2Q3
A0A834SG87	A0AA36EFV6
A0A834SG87	A0AA36EPQ4
A0A834SG87	A0AA38TB77
A0A834SG87	A0AA38WAD9
A0A834SG87	A0AA38WJC1
A0A834SG87	A0AA38ZJU6
A0A834SG87	A0AA38ZJU9
A0A834SG87	A0AA38ZLG5
A0A834SG87	A0AA39ABW5
A0A834SG87	A0AA39RRG0
A0A834SG87	A0AA41UWM5
A0A834SG87	A0AA41UY65
A0A834SG87	A0AA41V7W0
A0A834SG87	A0AA41VNM2
A0A834SG87	A0AA41VZ49
A0A834SG87	A0AA42AU58
A0A834SG87	A0AA42AWF5
A0A834SG87	A0AA42B2I3
A0A834SG87	A0AA49H8A3
A0A834SG87	A0AA51NGA5
A0A834SG87	A0AA51NGI9
A0A834SG87	A0AA51REH5
A0A834SG87	A0AA51RF15
A0A834SG87	A0AA51RHR0
A0A834SG87	A0AA51RHZ2
A0A834SG87	A0AA86RZU0
A0A834SG87	A0AA86V8T9
A0A834SG87	A0AA86VG20
A0A834SG87	A0AA86VNM7
A0A834SG87	A0AA86VS17
A0A834SG87	A0AA88ACS8
A0A834SG87	A0AA88AE32
A0A834SG87	A0AA88AEL2
A0A834SG87	A0AA88AFA7
A0A834SG87	A0AA88ATJ8
A0A834SG87	A0AA88AXG2
A0A834SG87	A0AA88D1Q6
A0A834SG87	A0AA88EDJ5
A0A834SG87	A0AA88JFY6
A0A834SG87	A0AA88QE56
A0A834SG87	A0AA88QHD6
A0A834SG87	A0AA88VWZ6
A0A834SG87	A0AA88WMM6
A0A834SG87	A0AA89AGQ4
A0A834SG87	A0AAD1YTC7
A0A834SG87	A0AAD1YYP5
A0A834SG87	A0AAD1YZ47
A0A834SG87	A0AAD1Z1H3
A0A834SG87	A0AAD1Z3P8
A0A834SG87	A0AAD1ZQL5
A0A834SG87	A0AAD2A9U3
A0A834SG87	A0AAD2AA08
A0A834SG87	A0AAD2ABD7
A0A834SG87	A0AAD2AE30
A0A834SG87	A0AAD2AFA4
A0A834SG87	A0AAD2DM26
A0A834SG87	A0AAD2DMV8
A0A834SG87	A0AAD2EDD1
A0A834SG87	A0AAD4ILF4
A0A834SG87	A0AAD4IQ84
A0A834SG87	A0AAD4IQC4
A0A834SG87	A0AAD4IUR5
A0A834SG87	A0AAD4IZZ2
A0A834SG87	A0AAD4JP50
A0A834SG87	A0AAD4JP52
A0A834SG87	A0AAD4JP69
A0A834SG87	A0AAD4JQU6
A0A834SG87	A0AAD4NY41
A0A834SG87	A0AAD4NYG2
A0A834SG87	A0AAD4P6L0
A0A834SG87	A0AAD4P7X2
A0A834SG87	A0AAD4PDJ4
A0A834SG87	A0AAD4PDX8
A0A834SG87	A0AAD4PER2
A0A834SG87	A0AAD4RUT1
A0A834SG87	A0AAD4S1I2
A0A834SG87	A0AAD4S284
A0A834SG87	A0AAD4S8V4
A0A834SG87	A0AAD4SAU9
A0A834SG87	A0AAD4SEM3
A0A834SG87	A0AAD4SG83
A0A834SG87	A0AAD4SKW1
A0A834SG87	A0AAD4SLC9
A0A834SG87	A0AAD4SLZ7
A0A834SG87	A0AAD4SQ07
A0A834SG87	A0AAD4T1W2
A0A834SG87	A0AAD4T715
A0A834SG87	A0AAD4VUZ6
A0A834SG87	A0AAD4W9U7
A0A834SG87	A0AAD4X8V1
A0A834SG87	A0AAD4X8X7
A0A834SG87	A0AAD4XM21
A0A834SG87	A0AAD4XRV4
A0A834SG87	A0AAD4XRV8
A0A834SG87	A0AAD4ZQD0
A0A834SG87	A0AAD5CAK5
A0A834SG87	A0AAD5CIW7
A0A834SG87	A0AAD5CM03
A0A834SG87	A0AAD5CP55
A0A834SG87	A0AAD5CPE9
A0A834SG87	A0AAD5D5M7
A0A834SG87	A0AAD5D6F1
A0A834SG87	A0AAD5D7S3
A0A834SG87	A0AAD5GKH5
A0A834SG87	A0AAD5ZJG2
A0A834SG87	A0AAD6K405
A0A834SG87	A0AAD6K590
A0A834SG87	A0AAD6KH97
A0A834SG87	A0AAD6KHA9
A0A834SG87	A0AAD6KJ34
A0A834SG87	A0AAD6M6F5
A0A834SG87	A0AAD6NRH3
A0A834SG87	A0AAD6Q4K3
A0A834SG87	A0AAD6RT00
A0A834SG87	A0AAD6W6T7
A0A834SG87	A0AAD6WJW1
A0A834SG87	A0AAD7KXI9
A0A834SG87	A0AAD7M215
A0A834SG87	A0AAD7P935
A0A834SG87	A0AAD7P997
A0A834SG87	A0AAD7P9Q6
A0A834SG87	A0AAD8GRL6
A0A834SG87	A0AAD8GSQ3
A0A834SG87	A0AAD8K2A0
A0A834SG87	A0AAD8KND7
A0A834SG87	A0AAD8KWV4
A0A834SG87	A0AAD8LC48
A0A834SG87	A0AAD8LDY8
A0A834SG87	A0AAD8LF67
A0A834SG87	A0AAD8MJ69
A0A834SG87	A0AAD8MXX1
A0A834SG87	A0AAD8NWV8
A0A834SG87	A0AAD8NX90
A0A834SG87	A0AAD8P3Q0
A0A834SG87	A0AAD8P9N9
A0A834SG87	A0AAD8PAL3
A0A834SG87	A0AAD8PBK4
A0A834SG87	A0AAD8TMW1
A0A834SG87	A0AAD8TPJ5
A0A834SG87	A0AAD8TPT5
A0A834SG87	A0AAD9TYI2
A0A834SG87	A0AAD9ZP93
A0A834SG87	A0AAE1JNI8
A0A834SG87	A0AAE1JP02
A0A834SG87	A0AAE1QRR6
A0A834SG87	A0AAE1QTQ8
A0A834SG87	A0AAE1S085
A0A834SG87	A0AAE1S7S4
A0A834SG87	A0AAE1S9E0
A0A834SG87	A0AAE1VLZ1
A0A834SG87	A0AAE1W5T8
A0A834SG87	A0AAE1W5W8
A0A834SG87	A0AAE1WRJ5
A0A834SG87	A0AAE1WRU9
A0A834SG87	A0AAE1WRW1
A0A834SG87	A0AAE1XYV3
A0A834SG87	A0AAE1XZ90
A0A834SG87	A0AAE1YQE7
A0A834SG87	A0AAE1YYH9
A0A834SG87	A0AAE1YYL3
A0A834SG87	A0AAE1YZL2
A0A834SG87	A0AAE1Z025
A0A834SG87	A0AAE1Z0Y7
A0A834SG87	A0AAE2BIM2
A0A834SG87	A0AAE2BUG2
A0A834SG87	A0AAE2BUQ3
A0A834SG87	A0AAE2CFT5
A0A834SG87	A0AAE2CY97
A0A834SG87	A0AAF0TDD2
A0A834SG87	A0AAF0UBK8
A0A834SG87	A0AAF0UBS5
A0A834SG87	A0AAF0UBS9
A0A834SG87	A0AAF0UC14
A0A834SG87	A0AAF0UC23
A0A834SG87	A0AAF0UCJ6
A0A834SG87	A0AAF0WKE1
A0A834SG87	A0AAF0ZNA3
A0A834SG87	A0AAF6B470
A0A834SG87	A0AAF6B471
A0A834SG87	A0AAJ6TLA8
A0A834SG87	A0AAJ6TPD5
A0A834SG87	A0AAJ6TT78
A0A834SG87	A0AAJ6X2A6
A0A834SG87	A0AAJ6Y006
A0A834SG87	A0AAJ6Y9V6
A0A834SG87	A0AAN7E990
A0A834SG87	A0AAN7FGG6
A0A834SG87	A0AAN7I6D0
A0A834SG87	A0AAN7IA05
A0A834SG87	A0AAN7JUN2
A0A834SG87	A0AAN7KDK7
A0A834SG87	A0AAN7KGJ9
A0A834SG87	A0AAN7KT67
A0A834SG87	A0AAN7PZX2
A0A834SG87	A0AAN7QDT1
A0A834SG87	A0AAN8T6H5
A0A834SG87	A0AAN8T8Y8
A0A834SG87	A0AAN8VMB9
A0A834SG87	A0AAN8VVM5
A0A834SG87	A0AAN8YM84
A0A834SG87	A0AAN8ZA55
A0A834SG87	A0AAN8ZBX9
A0A834SG87	A0AAN8ZF79
A0A834SG87	A0AAN8ZTY5
A0A834SG87	A0AAN9E508
A0A834SG87	A0AAN9E5N1
A0A834SG87	A0AAN9E787
A0A834SG87	A0AAN9EAI4
A0A834SG87	A0AAN9EB69
A0A834SG87	A0AAN9HSN5
A0A834SG87	A0AAN9IJ24
A0A834SG87	A0AAN9JNX2
A0A834SG87	A0AAN9L4D8
A0A834SG87	A0AAN9L9I4
A0A834SG87	A0AAN9L9Z6
A0A834SG87	A0AAN9MXK2
A0A834SG87	A0AAN9NAV6
A0A834SG87	A0AAN9RK18
A0A834SG87	A0AAN9SMX2
A0A834SG87	A0AAN9SN00
A0A834SG87	A0AAN9SNT0
A0A834SG87	A0AAN9SPT9
A0A834SG87	A0AAN9T2S7
A0A834SG87	A0AAN9T4X3
A0A834SG87	A0AAP0AZN8
A0A834SG87	A0AAP0BZ22
A0A834SG87	A0AAP0C5I0
A0A834SG87	A0AAP0CDX7
A0A834SG87	A0AAP0CHD7
A0A834SG87	A0AAP0CKY6
A0A834SG87	A0AAP0CMG0
A0A834SG87	A0AAP0CMQ2
A0A834SG87	A0AAP0GHC6
A0A834SG87	A0AAP0GPG4
A0A834SG87	A0AAP0GRN9
A0A834SG87	A0AAP0H761
A0A834SG87	A0AAP0H8T4
A0A834SG87	A0AAP0I586
A0A834SG87	A0AAP0ICX1
A0A834SG87	A0AAP0JDS4
A0A834SG87	A0AAP0JEU7
A0A834SG87	A0AAP0K4D0
A0A834SG87	A0AAP0KCC9
A0A834SG87	A0AAP0KDK4
A0A834SG87	A0AAP0KJ39
A0A834SG87	A0AAP0N8E7
A0A834SG87	A0AAP0N8Z7
A0A834SG87	A0AAP0P8Q6
A0A834SG87	A0AAP0PN27
A0A834SG87	A0AAP0PN32
A0A834SG87	A0AAP0PTR3
A0A834SG87	A0AAP0PTR8
A0A834SG87	A0AAP0PUP6
A0A834SG87	A0AAP0Q1Z6
A0A834SG87	A0AAP0Q6Z2
A0A834SG87	A0AAP0QZG8
A0A834SG87	A0AAP0R6Z3
A0A834SG87	A0AAQ3K6R0
A0A834SG87	A0AAQ3K708
A0A834SG87	A0AAQ3KAM4
A0A834SG87	A0AAQ3KYK2
A0A834SG87	A0AAQ3KZE2
A0A834SG87	A0AAQ3L442
A0A834SG87	A0AAQ3L592
A0A834SG87	A0AAQ3MLN9
A0A834SG87	A0AAQ3QB23
A0A834SG87	A0AAQ3QBY4
A0A834SG87	A0AAQ3QRJ2
A0A834SG87	A0AAQ3RI32
A0A834SG87	A0AAQ3RJ02
A0A834SG87	A0AAQ3T7W2
A0A834SG87	A0AAQ3U8A2
A0A834SG87	A0AAQ3UA72
A0A834SG87	A0AAQ3UL81
A0A834SG87	A0AAQ3UM95
A0A834SG87	A0AAQ3UN37
A0A834SG87	A0AAQ3UQQ0
A0A834SG87	A0AAQ3XCG4
A0A834SG87	A0AAQ3XDA6
A0A834SG87	A0AAQ3XEA2
A0A834SG87	A0AAU9LQV9
A0A834SG87	A0AAU9MCZ0
A0A834SG87	A0AAU9NEQ9
A0A834SG87	A0AAU9NMM9
A0A834SG87	A0AAU9NNJ2
A0A834SG87	A0AAU9P2X6
A0A834SG87	A0AAU9P300
A0A834SG87	A0AAU9P3F3
A0A834SG87	A0AAU9PIY2
A0A834SG87	A0AAU9PK05
A0A834SG87	A0AAV0D8C6
A0A834SG87	A0AAV0DC65
A0A834SG87	A0AAV0DDY2
A0A834SG87	A0AAV0E6W5
A0A834SG87	A0AAV0EUW0
A0A834SG87	A0AAV0F653
A0A834SG87	A0AAV0F674
A0A834SG87	A0AAV0GYJ1
A0A834SG87	A0AAV0GYJ9
A0A834SG87	A0AAV0KGU5
A0A834SG87	A0AAV0KGU8
A0A834SG87	A0AAV0KH15
A0A834SG87	A0AAV0KHB9
A0A834SG87	A0AAV0KHF7
A0A834SG87	A0AAV0KHJ9
A0A834SG87	A0AAV0KID9
A0A834SG87	A0AAV0KIE9
A0A834SG87	A0AAV0KIG3
A0A834SG87	A0AAV0KIW7
A0A834SG87	A0AAV0KJ21
A0A834SG87	A0AAV0KJ97
A0A834SG87	A0AAV0KJN7
A0A834SG87	A0AAV0KKR9
A0A834SG87	A0AAV0KKU9
A0A834SG87	A0AAV0KL44
A0A834SG87	A0AAV0KL84
A0A834SG87	A0AAV0KL96
A0A834SG87	A0AAV0LWL0
A0A834SG87	A0AAV0PBF5
A0A834SG87	A0AAV0PBK9
A0A834SG87	A0AAV0PBZ6
A0A834SG87	A0AAV0PC46
A0A834SG87	A0AAV0PCB3
A0A834SG87	A0AAV0PCK7
A0A834SG87	A0AAV0PCN1
A0A834SG87	A0AAV0PCS3
A0A834SG87	A0AAV0PD83
A0A834SG87	A0AAV0PD89
A0A834SG87	A0AAV0PD91
A0A834SG87	A0AAV0PDA9
A0A834SG87	A0AAV0PDB0
A0A834SG87	A0AAV0PDF8
A0A834SG87	A0AAV0PE40
A0A834SG87	A0AAV0PE66
A0A834SG87	A0AAV0PE72
A0A834SG87	A0AAV0PE99
A0A834SG87	A0AAV0YYA1
A0A834SG87	A0AAV0YYV2
A0A834SG87	A0AAV0YZF1
A0A834SG87	A0AAV0YZZ9
A0A834SG87	A0AAV0Z014
A0A834SG87	A0AAV0Z1G0
A0A834SG87	A0AAV0Z2H5
A0A834SG87	A0AAV0Z3C4
A0A834SG87	A0AAV1ATB2
A0A834SG87	A0AAV1AVH4
A0A834SG87	A0AAV1DR03
A0A834SG87	A0AAV1RPP7
A0A834SG87	A0AAV1SH10
A0A834SG87	A0AAV1SIL4
A0A834SG87	A0AAV1SJN9
A0A834SG87	A0AAV1SKZ2
A0A834SG87	A0AAV1WJ01
A0A834SG87	A0AAV1WJ15
A0A834SG87	A0AAV1WJ25
A0A834SG87	A0AAV1WJ98
A0A834SG87	A0AAV1WJU8
A0A834SG87	A0AAV1WJY0
A0A834SG87	A0AAV1WK00
A0A834SG87	A0AAV1WK02
A0A834SG87	A0AAV1WK21
A0A834SG87	A0AAV2CAH3
A0A834SG87	A0AAV2CAH8
A0A834SG87	A0AAV2CCA7
A0A834SG87	A0AAV2DU16
A0A834SG87	A0AAV2DUU7
A0A834SG87	A0AAV2EGR3
A0A834SG87	A0AAV2FHY5
A0A834SG87	A0AAV2FI49
A0A834SG87	A0AAV2FI73
A0A834SG87	A0AAV2FIX1
A0A834SG87	A0AAV2FJC1
A0A834SG87	A0AAV2FJU7
A0A834SG87	A0AAV3PS78
A0A834SG87	A0AAV3Q0Z4
A0A834SG87	A0AAV3QTV2
A0A834SG87	A0AAV3RBK1
A0A834SG87	A0AAV3RC73
A0A834SG87	A0AAV5C2Y6
A0A834SG87	A0AAV5C461
A0A834SG87	A0AAV5C4W7
A0A834SG87	A0AAV5CUA3
A0A834SG87	A0AAV5D8P6
A0A834SG87	A0AAV5DGW2
A0A834SG87	A0AAV5E484
A0A834SG87	A0AAV5EZW6
A0A834SG87	A0AAV5FUW4
A0A834SG87	A0AAV5IQU0
A0A834SG87	A0AAV6LBJ8
A0A834SG87	A0AAV6LBV0
A0A834SG87	A0AAV6M075
A0A834SG87	A0AAV6MNP7
A0A834SG87	A0AAV6MPW7
A0A834SG87	A0AAV6W4D0
A0A834SG87	A0AAV6W7X4
A0A834SG87	A0AAV6W8L2
A0A834SG87	A0AAV6WUS6
A0A834SG87	A0AAV6X330
A0A834SG87	A0AAV6XAP9
A0A834SG87	A0AAV6XU46
A0A834SG87	A0AAV6XVW6
A0A834SG87	A0AAV6XZU2
A0A834SG87	A0AAV6Y1F0
A0A834SG87	A0AAV6Y2K4
A0A834SG87	A0AAV7E4A4
A0A834SG87	A0AAV7E4W5
A0A834SG87	A0AAV7EML1
A0A834SG87	A0AAV7ER32
A0A834SG87	A0AAV7F0A6
A0A834SG87	A0AAV7G994
A0A834SG87	A0AAV7GC29
A0A834SG87	A0AAV7GE37
A0A834SG87	A0AAV8P7P5
A0A834SG87	A0AAV8Q501
A0A834SG87	A0AAV8QBQ6
A0A834SG87	A0AAV8QF87
A0A834SG87	A0AAV8QV23
A0A834SG87	A0AAV8REC8
A0A834SG87	A0AAV8T166
A0A834SG87	A0AAV8T4D0
A0A834SG87	A0AAV8T5G7
A0A834SG87	A0AAV9AZV8
A0A834SG87	A0AAV9BVQ4
A0A834SG87	A0AAV9BXJ3
A0A834SG87	A0AAV9CA53
A0A834SG87	A0AAV9DPP7
A0A834SG87	A0AAV9DQH4
A0A834SG87	A0AAV9DSD6
A0A834SG87	A0AAV9DSK6
A0A834SG87	A0AAV9FHM4
A0A834SG87	A0AAV9FIQ9
A0A834SG87	A0AAV9FJX0
A0A834SG87	A0AAV9FKL6
A0A834SG87	A0AAV9FM47
A0A834SG87	A0AAV9FMH7
A0A834SG87	A0AAV9K000
A0A834SG87	A0AAV9K201
A0A834SG87	A0AAV9KF22
A0A834SG87	A0AAV9LQQ6
A0A834SG87	A0AAV9LQR9
A0A834SG87	A0AAV9LRB4
A0A834SG87	A0AAV9LRD9
A0A834SG87	A0AAV9LRL5
A0A834SG87	A0AAV9LRN0
A0A834SG87	A0AAV9LS32
A0A834SG87	A0AAV9LTF8
A0A834SG87	A0AAV9LU64
A0A834SG87	A0AAV9LU99
A0A834SG87	A0AAV9LUB5
A0A834SG87	A0AAV9LUM7
A0A834SG87	A0AAW0KIT8
A0A834SG87	A0AAW0MAT5
A0A834SG87	A0AAW1KAG8
A0A834SG87	A0AAW1NAD2
A0A834SG87	A0AAW1XHD6
A0A834SG87	A0AAW1XIG5
A0A834SG87	A0AAW1XJ06
A0A834SG87	A0AAW2BX62
A0A834SG87	A0AAW2K2Z4
A0A834SG87	A0AAW2K2Z5
A0A834SG87	A0AAW2K3I5
A0A834SG87	A0AAW2K4S6
A0A834SG87	A0AAW2KI31
A0A834SG87	A0AAW2KIA4
A0A834SG87	A0AAW2KIN2
A0A834SG87	A0AAW2KWH3
A0A834SG87	A0AAW2KYY0
A0A834SG87	A0AAW2LMW0
A0A834SG87	A0AAW2LMY5
A0A834SG87	A0AAW2LP90
A0A834SG87	A0AAW2LQ47
A0A834SG87	A0AAW2MD49
A0A834SG87	A0AAW2MDW8
A0A834SG87	A0AAW2ME38
A0A834SG87	A0AAW2PAR5
A0A834SG87	A0AAW2PCP3
A0A834SG87	A0AAW2PDI7
A0A834SG87	A0AAW2Q464
A0A834SG87	A0AAW2Q483
A0A834SG87	A0AAW2Q488
A0A834SG87	A0AAW2Q4N2
A0A834SG87	A0AAW2Q6H6
A0A834SG87	A0AAW2T4T7
A0A834SG87	A0AAW2T5C5
A0A834SG87	A0AAW2T782
A0A834SG87	A0AAW2TNR2
A0A834SG87	A0AAW2TP12
A0A834SG87	A0AAW2TPU7
A0A834SG87	A0AAW2TQ19
A0A834SG87	A0AAW2WUC3
A0A834SG87	A0AAX6DFK4
A0A834SG87	A0AAX6DNU9
A0A834SG87	A0AAX6E935
A0A834SG87	A0AAX6EKB9
A0A834SG87	A0AAX6EKC4
A0A834SG87	A0AAX6EML1
A0A834SG87	A0AAX6EPF7
A0A834SG87	A0AAX6F4X5
A0A834SG87	A0AAX6G014
A0A834SG87	A0AAX6GG64
A0A834SG87	A0AAX6IB95
A0A834SG87	A0AAX6IBX6
A0A834SG87	A0AAX6IBY8
A0A834SG87	A0AAX6IC71
A0A834SG87	A0AAX6IDV5
A0A834SG87	A0AAX6IDW7
A0A834SG87	A0AB32V1Y7
A0A834SG87	A0AB32VJG4
A0A834SG87	A0AB32WH89
A0A834SG87	A0AB32WIV2
A0A834SG87	A0AB32WLL1
A0A834SG87	A0AB40AJ23
A0A834SG87	A0AB40AJS5
A0A834SG87	A0AB40AKY1
A0A834SG87	A0AB40BNR7
A0A834SG87	A0AB40CL24
A0A834SG87	A0ABC8RIY8
A0A834SG87	A0ABC8RJ10
A0A834SG87	A0ABC8RN46
A0A834SG87	A0ABC8RNA3
A0A834SG87	A0ABC8S3Q2
A0A834SG87	A0ABC8S4A7
A0A834SG87	A0ABC8S4N4
A0A834SG87	A0ABC8S9C6
A0A834SG87	A0ABC8STR4
A0A834SG87	A0ABC8T3G4
A0A834SG87	A0ABC8TDF6
A0A834SG87	A0ABC9AMU1
A0A834SG87	A0ABC9B1E3
A0A834SG87	A0ABC9C6A2
A0A834SG87	A0ABC9CSN2
A0A834SG87	A0ABC9D1I0
A0A834SG87	A0ABC9D2C6
A0A834SG87	A0ABC9DN80
A0A834SG87	A0ABC9E1N6
A0A834SG87	A0ABC9EA14
A0A834SG87	A0ABC9F5M8
A0A834SG87	A0ABC9F744
A0A834SG87	A0ABD0UGX9
A0A834SG87	A0ABD0UHC1
A0A834SG87	A0ABD0V4F5
A0A834SG87	A0ABD0VGR3
A0A834SG87	A0ABD1G0P1
A0A834SG87	A0ABD1G2M5
A0A834SG87	A0ABD1G2N0
A0A834SG87	A0ABD1G2N7
A0A834SG87	A0ABD1G2P4
A0A834SG87	A0ABD1G2Q8
A0A834SG87	A0ABD1G2W5
A0A834SG87	A0ABD1G2X1
A0A834SG87	A0ABD1G3C2
A0A834SG87	A0ABD1G5Q0
A0A834SG87	A0ABD1G5U5
A0A834SG87	A0ABD1H915
A0A834SG87	A0ABD1IJ41
A0A834SG87	A0ABD1N1E8
A0A834SG87	A0ABD1N226
A0A834SG87	A0ABD1N7W4
A0A834SG87	A0ABD1PTN2
A0A834SG87	A0ABD1QIQ6
A0A834SG87	A0ABD1QJW8
A0A834SG87	A0ABD1QJX0
A0A834SG87	A0ABD1QJZ0
A0A834SG87	A0ABD1QK05
A0A834SG87	A0ABD1QKA2
A0A834SG87	A0ABD1QKB9
A0A834SG87	A0ABD1QKF7
A0A834SG87	A0ABD1QL93
A0A834SG87	A0ABD1QNH4
A0A834SG87	A0ABD1QNK1
A0A834SG87	A0ABD1QNK3
A0A834SG87	A0ABD1QTF1
A0A834SG87	A0ABD1R520
A0A834SG87	A0ABD1R5X5
A0A834SG87	A0ABD1RDH2
A0A834SG87	A0ABD1REJ5
A0A834SG87	A0ABD1S2W4
A0A834SG87	A0ABD1S3P3
A0A834SG87	A0ABD1S784
A0A834SG87	A0ABD1S7A8
A0A834SG87	A0ABD1S7B8
A0A834SG87	A0ABD1S7F9
A0A834SG87	A0ABD1S869
A0A834SG87	A0ABD1S8R6
A0A834SG87	A0ABD1SA41
A0A834SG87	A0ABD1UM57
A0A834SG87	A0ABD1UMA1
A0A834SG87	A0ABD1UNE4
A0A834SG87	A0ABD1WH42
A0A834SG87	A0ABD1WH58
A0A834SG87	A0ABD1WH85
A0A834SG87	A0ABD1WHD6
A0A834SG87	A0ABD1WHF9
A0A834SG87	A0ABD1WHI7
A0A834SG87	A0ABD1WHW1
A0A834SG87	A0ABD1WKW7
A0A834SG87	A0ABD2RFR9
A0A834SG87	A0ABD2RFS3
A0A834SG87	A0ABD2RGW4
A0A834SG87	A0ABD2TYL9
A0A834SG87	A0ABD2V818
A0A834SG87	A0ABD2YAZ4
A0A834SG87	A0ABD2YPG3
A0A834SG87	A0ABD2YPK6
A0A834SG87	A0ABD2YQ77
A0A834SG87	A0ABD2YRV5
A0A834SG87	A0ABD2YS32
A0A834SG87	A0ABD2ZJR8
A0A834SG87	A0ABD3B960
A0A834SG87	A0ABD3CPL3
A0A834SG87	A0ABD3CQK5
A0A834SG87	A0ABD3CRY7
A0A834SG87	A0ABD3CS12
A0A834SG87	A0ABD3CSS8
A0A834SG87	A0ABD3CT32
A0A834SG87	A0ABD3DM87
A0A834SG87	A0ABD3E9R6
A0A834SG87	A0ABD3KR64
A0A834SG87	A0ABD3S801
A0A834SG87	A0ABD3S9W8
A0A834SG87	A0ABD3S9X0
A0A834SG87	A0ABD3SA37
A0A834SG87	A0ABD3SAE6
A0A834SG87	A0ABD3SAF9
A0A834SG87	A0ABD3UI54
A0A834SG87	A0ABM0NHT7
A0A834SG87	A0ABM0NHT8
A0A834SG87	A0ABM0NHT9
A0A834SG87	A0ABM0NHU0
A0A834SG87	A0ABM0NHU1
A0A834SG87	A0ABM0NHU2
A0A834SG87	A0ABM0PAN0
A0A834SG87	A0ABM1G0K4
A0A834SG87	A0ABM1HDK0
A0A834SG87	A0ABM1HEZ2
A0A834SG87	A0ABM1HFP9
A0A834SG87	A0ABM1HFQ0
A0A834SG87	A0ABM1HGT5
A0A834SG87	A0ABM1LL72
A0A834SG87	A0ABM1VGE0
A0A834SG87	A0ABM1VGE1
A0A834SG87	A0ABM2BFA3
A0A834SG87	A0ABM2BFF6
A0A834SG87	A0ABM2BG05
A0A834SG87	A0ABM2Z6Z4
A0A834SG87	A0ABM3BZA6
A0A834SG87	A0ABM3IXC8
A0A834SG87	A0ABM3KDJ7
A0A834SG87	A0ABM4UF39
A0A834SG87	A0ABM4UF46
A0A834SG87	A0ABM4WM52
A0A834SG87	A0ABP0TM15
A0A834SG87	A0ABP0TM67
A0A834SG87	A0ABP0TNT6
A0A834SG87	A0ABP0UC15
A0A834SG87	A0ABP0UIY3
A0A834SG87	A0ABP0VZF5
A0A834SG87	A0ABP0W0B1
A0A834SG87	A0ABP0W2M0
A0A834SG87	A0ABP0W2U2
A0A834SG87	A0ABP0WCH2
A0A834SG87	A0ABP0WXT2
A0A834SG87	A0ABP0Z3S1
A0A834SG87	A0ABP1A236
A0A834SG87	A0ABP1AIF6
A0A834SG87	A0ABP1AIV3
A0A834SG87	A0ABP1AJX3
A0A834SG87	A0ABP1AWT6
A0A834SG87	A0ABQ7U2U6
A0A834SG87	A0ABQ7U378
A0A834SG87	A0ABQ7U3X2
A0A834SG87	A0ABQ7U7N3
A0A834SG87	A0ABQ7U9Z8
A0A834SG87	A0ABQ7VPZ5
A0A834SG87	A0ABQ9KH86
A0A834SG87	A0ABQ9LLP2
A0A834SG87	A0ABQ9LNS4
A0A834SG87	A0ABR0D5Q5
A0A834SG87	A0ABR0D5S0
A0A834SG87	A0ABR0D5S4
A0A834SG87	A0ABR0D5T0
A0A834SG87	A0ABR0D5U2
A0A834SG87	A0ABR0D5V8
A0A834SG87	A0ABR0D6F7
A0A834SG87	A0ABR0D6R5
A0A834SG87	A0ABR0D716
A0A834SG87	A0ABR0D729
A0A834SG87	A0ABR0D7K4
A0A834SG87	A0ABR0DD62
A0A834SG87	A0ABR0DD87
A0A834SG87	A0ABR0DDY3
A0A834SG87	A0ABR0DDZ8
A0A834SG87	A0ABR0DEK1
A0A834SG87	A0ABR0ML46
A0A834SG87	A0ABR0NPN6
A0A834SG87	A0ABR0PMZ1
A0A834SG87	A0ABR0PN04
A0A834SG87	A0ABR0PQT4
A0A834SG87	A0ABR0PRA6
A0A834SG87	A0ABR0QG22
A0A834SG87	A0ABR0VAR3
A0A834SG87	A0ABR0VCD9
A0A834SG87	A0ABR0VDD6
A0A834SG87	A0ABR0VEP2
A0A834SG87	A0ABR0X6S9
A0A834SG87	A0ABR0XE67
A0A834SG87	A0ABR0XE71
A0A834SG87	A0ABR0XEB1
A0A834SG87	A0ABR1ZJS0
A0A834SG87	A0ABR1ZTK2
A0A834SG87	A0ABR2A8A9
A0A834SG87	A0ABR2ALX2
A0A834SG87	A0ABR2BPU0
A0A834SG87	A0ABR2BQ36
A0A834SG87	A0ABR2C3L8
A0A834SG87	A0ABR2C3M0
A0A834SG87	A0ABR2C3M9
A0A834SG87	A0ABR2C3Q6
A0A834SG87	A0ABR2C3R3
A0A834SG87	A0ABR2CC07
A0A834SG87	A0ABR2ELU3
A0A834SG87	A0ABR2F7P9
A0A834SG87	A0ABR2FBK3
A0A834SG87	A0ABR2FCK0
A0A834SG87	A0ABR2MPP7
A0A834SG87	A0ABR2N542
A0A834SG87	A0ABR2NDC0
A0A834SG87	A0ABR2NDC2
A0A834SG87	A0ABR2NDC4
A0A834SG87	A0ABR2NDD0
A0A834SG87	A0ABR2NDI8
A0A834SG87	A0ABR2NKN6
A0A834SG87	A0ABR2NN72
A0A834SG87	A0ABR2R3S8
A0A834SG87	A0ABR2RMZ9
A0A834SG87	A0ABR2RNA1
A0A834SG87	A0ABR2RNL3
A0A834SG87	A0ABR2RNV6
A0A834SG87	A0ABR2RQU3
A0A834SG87	A0ABR2S5K8
A0A834SG87	A0ABR2S5R8
A0A834SG87	A0ABR2SNW7
A0A834SG87	A0ABS8RTR4
A0A834SG87	A0ABS8RU68
A0A834SG87	A0ABS8TSD9
A0A834SG87	A0ABS8VLK7
A0A834SG87	A0ABU6QJX1
A0A834SG87	A0ABU6QK46
A0A834SG87	A0ABU6RUJ9
A0A834SG87	A0ABU6S3H3
A0A834SG87	A0ABU6S3R9
A0A834SG87	A0ABU6SE88
A0A834SG87	A0ABU6SF53
A0A834SG87	A0ABU6SHH7
A0A834SG87	A0ABU6TQ45
A0A834SG87	A0ABU6U4L1
A0A834SG87	A0ABU6U640
A0A834SG87	A0ABU6U6J8
A0A834SG87	A0ABU6U7P2
A0A834SG87	A0ABU6U7S4
A0A834SG87	A0ABU6U958
A0A834SG87	A0ABU6UAJ7
A0A834SG87	A0ABU6V8F0
A0A834SG87	A0ABU6YLY4
A0A834SG87	A0ABU6YV63
A0A834SG87	A0ABU6ZR61
A0A834SG87	A0ABY9BLX9
A0A834SG87	A0ABY9CMC3
A0A834SG87	A0ABY9CMT7
A0A834SG87	A0AC41YFA1
A0A834SG87	A0AC58TFN9
A0A834SG87	A0AC58TLK9
A0A834SG87	A0AC58U5S7
A0A834SG87	A0ACB0J7N9
A0A834SG87	A0ACB0JXW5
A0A834SG87	A0ACB0KQP9
A0A834SG87	A0ACB0KWA4
A0A834SG87	A0ACB0L2E5
A0A834SG87	A0ACB0L2E8
A0A834SG87	A0ACB0L4G0
A0A834SG87	A0ACB0L519
A0A834SG87	A0ACB7TUN8
A0A834SG87	A0ACB7TVJ3
A0A834SG87	A0ACB7TVM3
A0A834SG87	A0ACB7UNM0
A0A834SG87	A0ACB7VR93
A0A834SG87	A0ACB7VRA3
A0A834SG87	A0ACB7VRS0
A0A834SG87	A0ACB7VRZ0
A0A834SG87	A0ACB7VS42
A0A834SG87	A0ACB7X7I8
A0A834SG87	A0ACB7XEH0
A0A834SG87	A0ACB7YUF3
A0A834SG87	A0ACB8NFF0
A0A834SG87	A0ACB8XUZ5
A0A834SG87	A0ACB8XVY1
A0A834SG87	A0ACB8ZND1
A0A834SG87	A0ACB8ZYK7
A0A834SG87	A0ACB8ZZ10
A0A834SG87	A0ACB8ZZ26
A0A834SG87	A0ACB8ZZW4
A0A834SG87	A0ACB9ADX3
A0A834SG87	A0ACB9AE47
A0A834SG87	A0ACB9AF37
A0A834SG87	A0ACB9B610
A0A834SG87	A0ACB9B924
A0A834SG87	A0ACB9DFT0
A0A834SG87	A0ACB9E3S7
A0A834SG87	A0ACB9E4E7
A0A834SG87	A0ACB9E4J5
A0A834SG87	A0ACB9EAT5
A0A834SG87	A0ACB9F2E9
A0A834SG87	A0ACB9F2Z1
A0A834SG87	A0ACB9FEQ2
A0A834SG87	A0ACB9FEX1
A0A834SG87	A0ACB9FEX4
A0A834SG87	A0ACB9FFD9
A0A834SG87	A0ACB9FVK7
A0A834SG87	A0ACB9GF36
A0A834SG87	A0ACB9GS48
A0A834SG87	A0ACB9GSE1
A0A834SG87	A0ACB9GTQ5
A0A834SG87	A0ACB9I797
A0A834SG87	A0ACB9IA76
A0A834SG87	A0ACB9IPA5
A0A834SG87	A0ACB9IQ81
A0A834SG87	A0ACB9KHH2
A0A834SG87	A0ACB9KHK2
A0A834SG87	A0ACB9KHK9
A0A834SG87	A0ACB9KHL1
A0A834SG87	A0ACB9KHN3
A0A834SG87	A0ACB9KPZ2
A0A834SG87	A0ACB9KQ01
A0A834SG87	A0ACB9KQH6
A0A834SG87	A0ACB9P225
A0A834SG87	A0ACB9R5F0
A0A834SG87	A0ACB9R753
A0A834SG87	A0ACC0AC67
A0A834SG87	A0ACC0GFR3
A0A834SG87	A0ACC0GG18
A0A834SG87	A0ACC0GM13
A0A834SG87	A0ACC0LAU0
A0A834SG87	A0ACC0PR38
A0A834SG87	A0ACC0S972
A0A834SG87	A0ACC0T4S4
A0A834SG87	A0ACC0T5F3
A0A834SG87	A0ACC0T5J0
A0A834SG87	A0ACC0TNQ4
A0A834SG87	A0ACC0TNS4
A0A834SG87	A0ACC0TNT1
A0A834SG87	A0ACC0TNW6
A0A834SG87	A0ACC0TP89
A0A834SG87	A0ACC0TPJ8
A0A834SG87	A0ACC0TPP5
A0A834SG87	A0ACC0TPQ2
A0A834SG87	A0ACC0XL08
A0A834SG87	A0ACC0XMJ2
A0A834SG87	A0ACC1WWQ1
A0A834SG87	A0ACC2AB39
A0A834SG87	A0ACC2AB81
A0A834SG87	A0ACC2AB83
A0A834SG87	A0ACC2ABA4
A0A834SG87	A0ACC2ABB5
A0A834SG87	A0ACC2ABC4
A0A834SG87	A0ACC2ABE5
A0A834SG87	A0ACC2ASW8
A0A834SG87	A0ACC2ASX2
A0A834SG87	A0ACC2ASX3
A0A834SG87	A0ACC2ASX7
A0A834SG87	A0ACC2ASY1
A0A834SG87	A0ACC2AT34
A0A834SG87	A0ACC2AT69
A0A834SG87	A0ACC2ATP7
A0A834SG87	A0ACC2AUB8
A0A834SG87	A0ACC2KB47
A0A834SG87	A0ACC2KJ36
A0A834SG87	A0ACC2KJ49
A0A834SG87	A0ACC2L3H4
A0A834SG87	A0ACC2L6Z2
A0A834SG87	A0ACC2L7E1
A0A834SG87	A0ACC2L7J1
A0A834SG87	A0ACC3L380
A0A834SG87	A0ACC4BDJ0
A0A834SG87	A0ACC4BED5
A0A834SG87	A0ACC4CHH0
A0A834SG87	A0ACC4D453
A0A834SG87	A0ACC4D4C9
A0A834SG87	A0ACC4D503
A0A834SG87	A0ACC4D5P1
A0A834SG87	A0ACD5UEE1
A0A834SG87	A0ACD5UF24
A0A834SG87	A0ACD5UFS2
A0A834SG87	A0ACD5UW14
A0A834SG87	A0ACD5UXG1
A0A834SG87	A0ACD5V1A7
A0A834SG87	A0ACD5V285
A0A834SG87	A0ACD5VUI5
A0A834SG87	A0ACD5W531
A0A834SG87	A0ACD5WKW3
A0A834SG87	A0ACD5ZBM6
A0A834SG87	A0ACD6AJ11
A0A834SG87	A0T1D3
A0A834SG87	A0T1D5
A0A834SG87	A0T1D6
A0A834SG87	A2IAT9
A0A834SG87	A2IAU0
A0A834SG87	A2Q4Q3
A0A834SG87	A2Q4Q4
A0A834SG87	A3F9I9
A0A834SG87	A5AZ52
A0A834SG87	A5BPY3
A0A834SG87	A5X3J4
A0A834SG87	A5X3J7
A0A834SG87	A5X3J9
A0A834SG87	A5X3K9
A0A834SG87	A5X3L1
A0A834SG87	A5X3L2
A0A834SG87	A5X3L3
A0A834SG87	A5X3L4
A0A834SG87	A5X3L6
A0A834SG87	A5X3L7
A0A834SG87	A5X3L8
A0A834SG87	A5X3L9
A0A834SG87	A5X3M2
A0A834SG87	A5X3M4
A0A834SG87	A5X3M5
A0A834SG87	A5X3M6
A0A834SG87	A5X3M7
A0A834SG87	A5X3M9
A0A834SG87	A5X3N0
A0A834SG87	A5X3N3
A0A834SG87	A5X3N5
A0A834SG87	A5X3N6
A0A834SG87	A5X3N7
A0A834SG87	A5X3N8
A0A834SG87	A5X3N9
A0A834SG87	A5X3P0
A0A834SG87	A5X3P2
A0A834SG87	A5X3P4
A0A834SG87	A5X3P5
A0A834SG87	A5X3P9
A0A834SG87	A5X3Q0
A0A834SG87	A5X3Q1
A0A834SG87	A6N8J4
A0A834SG87	A6NAA0
A0A834SG87	A6YS04
A0A834SG87	A6YS05
A0A834SG87	A7UDR7
A0A834SG87	A9SJQ8
A0A834SG87	A9SUP1
A0A834SG87	A9T5A8
A0A834SG87	A9U439
A0A834SG87	A9U514
A0A834SG87	B0LLV3
A0A834SG87	B2BX66
A0A834SG87	B3TPV0
A0A834SG87	B3TPV1
A0A834SG87	B3TPV2
A0A834SG87	B3TPV3
A0A834SG87	B3TPV5
A0A834SG87	B3VQ03
A0A834SG87	B3WFP2
A0A834SG87	B6ST03
A0A834SG87	B6SVR5
A0A834SG87	B6TFD4
A0A834SG87	B6UV38
A0A834SG87	B7ZZ57
A0A834SG87	B8AUJ1
A0A834SG87	B9HYL4
A0A834SG87	B9I1S3
A0A834SG87	B9RZ47
A0A834SG87	B9VNV4
A0A834SG87	B9VS06
A0A834SG87	C0KD49
A0A834SG87	C0L3S4
A0A834SG87	C0LU17
A0A834SG87	C0SPI2
A0A834SG87	C0SPI4
A0A834SG87	C5MLZ1
A0A834SG87	C5XMC9
A0A834SG87	C5YE18
A0A834SG87	C5YIC3
A0A834SG87	C5YIC4
A0A834SG87	C7E3U6
A0A834SG87	D1KEB8
A0A834SG87	D1KEB9
A0A834SG87	D1KEC6
A0A834SG87	D1KED0
A0A834SG87	D1KED7
A0A834SG87	D2CVT3
A0A834SG87	D6C6L2
A0A834SG87	D6P743
A0A834SG87	D6P744
A0A834SG87	D6P745
A0A834SG87	D6QY28
A0A834SG87	D7RHB6
A0A834SG87	D7RHB7
A0A834SG87	D7USP1
A0A834SG87	D7USP2
A0A834SG87	D8RTL3
A0A834SG87	D8S0G1
A0A834SG87	D8S0G3
A0A834SG87	D8SB51
A0A834SG87	D8SB54
A0A834SG87	D8SFY9
A0A834SG87	D8T5J9
A0A834SG87	D8T5K0
A0A834SG87	D8V0M4
A0A834SG87	E5Q8T0
A0A834SG87	F1DBB6
A0A834SG87	F1DBB7
A0A834SG87	F1DBB8
A0A834SG87	F1DBB9
A0A834SG87	F2D4X3
A0A834SG87	F2E926
A0A834SG87	F5CEP1
A0A834SG87	F6I0K7
A0A834SG87	F6I2B7
A0A834SG87	F6L6G6
A0A834SG87	F6MFD3
A0A834SG87	F8V189
A0A834SG87	F8V190
A0A834SG87	G0XNC6
A0A834SG87	G0XNC7
A0A834SG87	G0XNC8
A0A834SG87	G0XNC9
A0A834SG87	G0XND0
A0A834SG87	G0ZAL2
A0A834SG87	G4U402
A0A834SG87	G4U403
A0A834SG87	G4U404
A0A834SG87	G7JSE8
A0A834SG87	H2DPU1
A0A834SG87	H2DPU2
A0A834SG87	H2DPU3
A0A834SG87	H2FH89
A0A834SG87	H9CJM5
A0A834SG87	H9XP44
A0A834SG87	H9XP46
A0A834SG87	I1HSD3
A0A834SG87	I1HSE7
A0A834SG87	I1KEH4
A0A834SG87	I1KLG6
A0A834SG87	I1M285
A0A834SG87	I1MEE6
A0A834SG87	I1N3I2
A0A834SG87	I1U4K3
A0A834SG87	I1U4K4
A0A834SG87	I1U4K5
A0A834SG87	I1U4K6
A0A834SG87	I1U4K7
A0A834SG87	I2AWN0
A0A834SG87	I2DBP7
A0A834SG87	I2DBP8
A0A834SG87	I2DBP9
A0A834SG87	I2DBQ1
A0A834SG87	I3WE67
A0A834SG87	I4DD56
A0A834SG87	I4DD57
A0A834SG87	I4DD58
A0A834SG87	I4DD59
A0A834SG87	I6XNI6
A0A834SG87	I7BG84
A0A834SG87	I7CCR9
A0A834SG87	I7CML7
A0A834SG87	I7HUF2
A0A834SG87	J3L4U1
A0A834SG87	J3L4U3
A0A834SG87	J3M1K4
A0A834SG87	J7ES67
A0A834SG87	J9XLG0
A0A834SG87	J9XNH1
A0A834SG87	K3XFV3
A0A834SG87	K3Y373
A0A834SG87	K3Y687
A0A834SG87	K3YGS6
A0A834SG87	K7KJM5
A0A834SG87	K7L2P1
A0A834SG87	K7M1M4
A0A834SG87	K7MU36
A0A834SG87	K7VJ76
A0A834SG87	L7UQU5
A0A834SG87	L7UVM0
A0A834SG87	M1BMR4
A0A834SG87	M1BMR5
A0A834SG87	M1BMR6
A0A834SG87	M1BMR7
A0A834SG87	M1C1N0
A0A834SG87	M1CW45
A0A834SG87	M1CW46
A0A834SG87	M5WH34
A0A834SG87	M5WTF2
A0A834SG87	M8BUV2
A0A834SG87	M8CBW6
A0A834SG87	O24056
A0A834SG87	O24057
A0A834SG87	O49912
A0A834SG87	O49960
A0A834SG87	O81103
A0A834SG87	P43309
A0A834SG87	P43311
A0A834SG87	P93622
A0A834SG87	Q01KB7
A0A834SG87	Q06215
A0A834SG87	Q06355
A0A834SG87	Q08296
A0A834SG87	Q08303
A0A834SG87	Q08304
A0A834SG87	Q08305
A0A834SG87	Q08306
A0A834SG87	Q08307
A0A834SG87	Q0J9Z1
A0A834SG87	Q1HBJ0
A0A834SG87	Q1HBJ1
A0A834SG87	Q1KYS7
A0A834SG87	Q40774
A0A834SG87	Q40775
A0A834SG87	Q41427
A0A834SG87	Q41428
A0A834SG87	Q41486
A0A834SG87	Q56N25
A0A834SG87	Q5ENY2
A0A834SG87	Q5G1J6
A0A834SG87	Q5G1L4
A0A834SG87	Q66NX3
A0A834SG87	Q66NX4
A0A834SG87	Q6PLR1
A0A834SG87	Q6R3L2
A0A834SG87	Q6UIL3
A0A834SG87	Q6YHK5
A0A834SG87	Q6YHK7
A0A834SG87	Q7F4S6
A0A834SG87	Q7XPQ5
A0A834SG87	Q7Y249
A0A834SG87	Q84YH9
A0A834SG87	Q84YI0
A0A834SG87	Q84YI1
A0A834SG87	Q8LRN3
A0A834SG87	Q93XM8
A0A834SG87	Q948S3
A0A834SG87	Q94KC2
A0A834SG87	Q9AU63
A0A834SG87	Q9FQ81
A0A834SG87	Q9FRX6
A0A834SG87	Q9MB14
A0A834SG87	Q9ZP19
A0A834SG87	R4JDV1
A0A834SG87	R4JGK9
A0A834SG87	S4XVF0
A0A834SG87	S4Y1J2
A0A834SG87	S8BTP5
A0A834SG87	S8BXW0
A0A834SG87	T1W3L4
A0A834SG87	U3UB68
A0A834SG87	U3UB75
A0A834SG87	U3UB86
A0A834SG87	U6C8D7
A0A834SG87	V4UJN9
A0A834SG87	V7B2A0
A0A834SG87	V7CMC6
A0A834SG87	V9VKN5
A0A834SG87	W5VXS2
A0A834SG87	W9RD31
A0A834SG87	W9RDC2
A0A834SG87	W9RL63
A0A834SG87	W9RL68
A0A834SG87	W9RNM7
A0A834SG87	W9S216
A0A834SG87	W9S222
A0A834SG87	A0A7J9HNL0
A0A834SG87	A0A0D2UIJ1
A0A834SG87	A0A7N0RG09
A0A834SG87	A0A8T0N716
A0A834SG87	A0A8T2RU07
A0A834SG87	A0A8T2RX05
A0A834SG87	A0A8T2SV43
A0A834SG87	A0A8T2UAP3
A0A834SG87	A0A9D4V926
A0A834SG87	A0A8T2UVT9
A0A834SG87	A0A8T2V7I1
A0A834SG87	A0A8T2V804
A0A834SG87	A0A8T2VCR1
A0A834SG87	A0A8T3A5T5
A0A834SG87	A0A2I0WEB5
A0A834SG87	A0A2I0WZJ5
A0A834SG87	A0A8T3A052
A0A834SG87	A0AAP0FV86
A0A834SG87	A0ABD0U1W8
A0A834SG87	A0ABR2MP47
A0A834SG87	A0A9D4UQ41
A0A834SG87	A0A9D4UQE7
A0A834SG87	A0A9D4V7H8
A0A834SG87	A0A9D4Z6M7
A0A834SG87	A0A9D4ZI76
A0A834SG87	A0A9Q0KV77
A0A834SG87	A0A9R1WUM3
A0A834SG87	A0AA38CNX4
A0A834SG87	A0AA38FN26
A0A834SG87	A0AA41VVT7
A0A834SG87	A0AA41UVG0
A0A834SG87	A0AAE2CY88
A0A834SG87	A0AAF6BK22
A0A834SG87	A0A2R6W7E7
A0A834SG87	A0AAP0KE60
A0A834SG87	A0AAP0KDL4
A0A834SG87	A0AAP0PMG7
A0A834SG87	A0AAQ3K867
A0A834SG87	A0AAQ3QBU2
A0A834SG87	A0AAQ3KBY5
A0A834SG87	A0AAQ3QN42
A0A834SG87	A0AAQ3U9C5
A0A834SG87	A0AAV1BW14
A0A834SG87	A0AAV5C3U7
A0A834SG87	A0AAV7EZ80
A0A834SG87	A0AAV9DQ84
A0A834SG87	A0AAW1MSU4
A0A834SG87	A0A7N0VLV1
A0A834SG87	A0AAW1MZD2
A0A834SG87	A0ABC8Z289
A0A834SG87	A0ABC8YRY6
A0A834SG87	A0ABD3DZ56
A0A834SG87	A0ACB7TZS8
A0A834SG87	A0AB40D581
A0A834SG87	A0ACB7TZV6
A0A834SG87	A0ACD6A2N4
A0A834SG87	D8REH0
A0A834SG87	I1I0X8
A0A834SG87	I1I0Y3
A0A834SG87	Q41388
A0A834SG87	A0ABM2BIE9
A0A834SG87	P43310
A0A834SG87	U3UB71
A0A834SG87	W9SCQ4
A0A834SG87	W9RAD8
A0A834SG87	W9RKP2
A0A834SG87	A0AAW2KWT0
A0A834SG87	A0AAP0L625
A0A834SG87	A0ABD1G131
A0A834SG87	A0A8X8WBX0
A0A834SG87	A0A8X8WFT1
A0A834SG87	A0ABD1WJU9
A0A834SG87	A0ABD1WH80
A0A834SG87	D8QTP9
A0A834SG87	A0A511NAA7
A0A834SG87	A0A1I1WTL0
A0A834SG87	I4DD55
A0A834SG87	W9STI3
A0A834SG87	A0A3L6RIK2
A0A8T0QWE7	A0A8T0QWE7
A0A9D4UQY4	A0A9D4UQY4
A0AA38C4G8	A0AA38C4G8
A0AA88QFI1	A0AA88QFI1
A0ABR0XER5	A0ABR0XER5
A0ABR0XER5	A0A438EKY0
A0ABR0XER5	A0A9Q0QY86
A0ABR0XER5	A0A498IVC1
A0ABR0XER5	A0ACB9GSP5
A0A7J6X6F8	A0A7J6X6F8
A0A7J8ZZ02	A0A7J8ZZ02
A0A7J8ZZ02	A0A0K9PS79
A0A7J8ZZ02	A0A368QNI6
A0A7J8ZZ02	A0A7J6US79
A0A7J8ZZ02	A0A8S0S5P5
A0A7J8ZZ02	A0AAE2BJ14
A0A7J8ZZ02	A0AA36EGP3
A0A7J8ZZ02	A0AAD5D2H7
A0A7J8ZZ02	A0ABP1BGF3
A0A2G9H9F5	A0A2G9H9F5
A0A2L0RIT5	A0A2L0RIT5
A0A2L0RIT5	A0A0E0C8Q1
A0A2Z5HVJ6	A0A2Z5HVJ6
A0A368UH97	A0A368UH97
A0A388LPV2	A0A388LPV2
A0A396I5T8	A0A396I5T8
A0A396I5T8	G7JSE1
A7J0M7	A7J0M7
A7J0N0	A7J0N0
A7J0N0	A7J0K5
A7J0N0	A7J0K9
A7J0N0	A7J0L1
A7J0N0	A7J0L6
A7J0N0	A7J0L8
A7J0N0	A7J0M1
A7J0N0	A7J0M9
