CuA_His1	CuA_His2	CuA_His3	CuB_His1	CuB_His2	CuB_His3	n	n_species	n_phyla	Top genera
TYR	VAL	TYR	GLN	HIS	TYR	34	16	1	Phytophthora(25); Peronospora(7); Plasmopara(1)
HIS	GLN	HIS	ARG	GLN	HIS	12	1	1	Rhizoctonia(12)
HIS	THR	ASN	LEU	PHE	LEU	7	6	1	Trichinella(7)
ASN	HIS	HIS	ASN	HIS	GLN	6	3	1	Opisthorchis(3); Clonorchis(3)
TYR	THR	ASN	---	PHE	GLN	5	3	1	Aureobasidium(5)
TYR	HIS	GLN	ILE	GLN	ALA	5	4	1	Microbispora(5)
TYR	THR	ASN	ILE	PRO	GLN	5	2	1	Aureobasidium(5)
TYR	THR	ASN	ILE	ALA	GLN	4	2	1	Aureobasidium(4)
ASN	HIS	TYR	SER	LEU	MET	4	1	1	Clytia(4)
TYR	TRP	ASN	ILE	ALA	GLN	3	2	1	Aureobasidium(3)
ALA	GLU	HIS	HIS	LEU	TYR	3	3	1	Phytophthora(1); Peronospora(1); Hyaloperonospora(1)
HIS	ILE	HIS	HIS	PRO	HIS	3	3	1	Penicillium(3)
TYR	ALA	TYR	GLN	HIS	TYR	3	3	1	Phytophthora(2); Hyaloperonospora(1)
HIS	HIS	ASN	GLN	ASN	LEU	3	2	1	Mytilus(3)
HIS	TYR	ASN	GLN	HIS	ARG	3	3	1	Pinctada(3)
HIS	HIS	SER	GLY	GLN	TYR	2	1	1	Ancylostoma(2)
TYR	HIS	GLN	HIS	VAL	ILE	2	1	1	Rhizoctonia(2)
HIS	LEU	HIS	TYR	THR	HIS	2	2	1	Trichuris(2)
TYR	ASN	ASN	SER	HIS	HIS	2	2	1	Stegodyphus(1); Trichonephila(1)
HIS	---	ASN	GLN	GLN	HIS	2	1	1	Plasmodiophora(2)
HIS	GLY	HIS	HIS	HIS	GLN	2	2	1	Colletotrichum(2)
LEU	HIS	HIS	SER	PHE	GLN	2	2	1	Porphyra(1); Pyropia(1)
HIS	HIS	ASN	HIS	LEU	HIS	2	2	1	Basidiobolus(2)
VAL	TYR	ASN	HIS	HIS	SER	2	2	1	Aphanomyces(2)
HIS	LEU	HIS	HIS	PRO	HIS	2	2	1	Botrytis(2)
ASN	GLY	ASN	ASN	HIS	TYR	2	1	1	Aspergillus(2)
HIS	TYR	GLN	ALA	HIS	HIS	2	2	1	Mytilus(2)
ASN	TYR	HIS	SER	HIS	TYR	2	2	1	Mytilus(2)
PHE	---	TYR	ARG	LEU	TYR	2	1	0	Zooxanthella(2)
HIS	---	HIS	HIS	HIS	GLN	2	2	1	Colletotrichum(2)
TYR	HIS	GLN	MET	GLN	ALA	2	1	1	Microbispora(2)
---	---	---	GLN	---	TYR	2	2	1	Phytophthora(2)
ILE	MET	ASN	GLN	HIS	ARG	2	2	1	Pinctada(2)
TYR	ASN	HIS	ILE	HIS	HIS	2	2	2	Magallana(1); Ridgeia(1)
LEU	GLY	ARG	ASP	ARG	LEU	2	1	1	Plectus(2)
ARG	HIS	HIS	GLN	HIS	HIS	2	1	1	Dreissena(2)
GLN	GLN	ASN	ASN	HIS	ARG	2	1	1	Branchiostoma(2)
HIS	GLN	TYR	HIS	HIS	GLN	2	2	1	Colletotrichum(2)
TYR	ASN	TYR	HIS	GLN	HIS	2	2	1	Porites(2)
HIS	PHE	HIS	GLN	HIS	TYR	2	1	1	Entomophthora(2)
