accession	best_ref	best_qtm	a1_qres	a2_qres	a3_qres	a4_qres	nres	n_helix_ok_widened	core_ok	min_idx_sep	min_idx_pair	min_pair_ca_dist	primary_ndistinct	primary_nunassigned	primary_collision	primary_pairs	primary_crosslobe	primary_segs	bridge2_ndistinct	bridge2_nunassigned	bridge2_collision	bridge2_pairs	bridge2_crosslobe	bridge2_segs	loose_ndistinct	loose_nunassigned	loose_collision	loose_pairs	loose_crosslobe	loose_segs	strict_win_ndistinct	strict_win_nunassigned	strict_win_collision	strict_win_pairs	strict_win_crosslobe	strict_win_segs	your_label	stratum
A0A0A7CP65	ref_PmTYR	0.224	449.0	465.0	607.0	630.0	840	4	True	16.0	a1/a2	8.84	4	0	False		False	424-450;461-478;592-609;624-646	4	0	False		False	424-450;461-478;592-609;624-648	3	0	True	a3/a4	False	417-452;458-484;577-660;577-660	4	0	False		False	417-452;460-484;590-616;625-648	noncanonical	noncanon_lowqtm
A0A0B7AML2	ref_1JS8_squid	0.309	286.0	315.0	15.0	42.0	417	4	True	27.0	a3/a4	10.27	4	0	False		False	280-285;312-328;3-18;37-59	4	0	False		False	280-285;312-328;3-18;37-59	4	0	False		False	278-287;310-330;1-20;28-61	4	0	False		False	279-287;310-330;1-19;37-61	canonical	canon_disagree
A0A0B7C4D3	ref_1JS8_squid	0.588	14.0	43.0	97.0	47.0	97	2	False	4.0	a2/a4	6.17	2	1	True	a2/a4	True	8-13;40-56;;40-56	2	1	True	a2/a4	True	8-13;40-56;;40-56	2	1	True	a2/a4	True	6-19;38-58;;38-58	2	1	True	a2/a4	True	6-15;38-58;;38-58	discard	discard_partial
A0A0C3B6I5	ref_2Y9W_Abisporus	0.472	57.0	93.0	272.0	303.0	672	4	True	31.0	a3/a4	9.86	4	0	False		False	51-57;90-113;265-275;298-316	4	0	False		False	51-57;90-113;265-275;298-316	4	0	False		False	49-59;88-115;263-277;285-318	4	0	False		False	49-56;88-115;263-276;298-317	canonical	noncanon_rand
A0A0C3LFR5	ref_2Y9W_Abisporus	0.495	52.0	87.0	249.0	278.0	618	4	True	29.0	a3/a4	8.0	4	0	False		False	50-52;84-107;246-257;273-291	4	0	False		False	50-52;84-107;246-257;273-291	3	0	True	a3/a4	False	48-54;82-109;244-293;244-293	4	0	False		False	50-54;82-109;244-258;273-292	canonical	canon_disagree
A0A0D3J7L5	ref_PmTYR	0.241	173.0	192.0	544.0	566.0	798	4	True	19.0	a1/a2	9.0	4	0	False		False	148-173;189-207;532-546;562-580	4	0	False		False	148-173;189-207;532-546;562-580	2	0	True	a1/a2;a3/a4	False	141-209;141-209;530-582;530-582	4	0	False		False	141-183;187-209;530-548;561-582	canonical	noncanon_lowqtm
A0A0G2FI58	ref_PmTYR	0.504	127.0	144.0	272.0	300.0	377	4	True	17.0	a1/a2	9.54	4	0	False		False	120-131;141-158;272-280;295-315	4	0	False		False	120-134;141-158;272-280;295-319	2	0	True	a1/a2;a3/a4	False	118-161;118-161;270-322;270-322	4	0	False		False	118-135;139-157;270-280;295-321	canonical	canon_rand
A0A0G4KTS8	ref_PmTYR	0.442	112.0	165.0	311.0	335.0	405	3	False	24.0	a3/a4	9.2	3	1	False		False	101-116;;307-314;331-354	3	1	False		False	101-116;;307-314;331-354	3	1	False		False	99-118;;305-325;329-356	3	1	False		False	99-118;;305-315;330-356	discard	discard_fulllen
A0A0G4MU28							67	0	False				0	4	False		False	;;;	0	4	False		False	;;;	0	4	False		False	;;;	0	4	False		False	;;;	discard	discard_nohit
A0A0L8GNM6	ref_1JS8_squid	0.275	49.0	78.0	194.0	221.0	930	4	True	27.0	a3/a4	10.29	4	0	False		False	43-50;75-91;180-198;216-239	4	0	False		False	43-50;75-91;180-198;216-239	4	0	False		False	41-54;73-93;178-202;207-246	4	0	False		False	41-51;73-93;178-198;215-246	canonical	noncanon_lowqtm
A0A0L8ICD6	ref_PmTYR	0.226	668.0	685.0	792.0	814.0	990	4	True	17.0	a1/a2	9.52	4	0	False		False	661-675;682-698;778-794;809-825	4	0	False		False	661-675;682-698;778-794;809-825	3	0	True	a3/a4	False	659-677;680-700;776-831;776-831	4	0	False		False	659-676;680-700;776-802;808-827	noncanonical	noncanon_lowqtm
A0A0L8IDI7	ref_PmTYR	0.221	663.0	680.0	787.0	809.0	985	4	True	17.0	a1/a2	9.43	4	0	False		False	656-670;677-693;773-789;804-820	4	0	False		False	656-670;677-693;773-789;804-820	3	0	True	a3/a4	False	654-672;675-695;771-826;771-826	4	0	False		False	654-671;675-695;771-797;803-822	noncanonical	noncanon_lowqtm
A0A0M3IG66	ref_PmTYR	0.239	577.0	596.0	718.0	745.0	952	4	True	19.0	a1/a2	9.16	4	0	False		False	552-577;593-609;715-724;740-759	4	0	False		False	552-577;593-609;715-724;740-759	3	0	True	a3/a4	False	545-584;591-611;713-768;713-768	4	0	False		False	545-584;591-611;713-726;739-759	canonical	noncanon_lowqtm
A0A0V0R8Y7	ref_2Y9W_Abisporus	0.255	77.0	95.0	216.0	239.0	883	4	True	18.0	a1/a2	8.43	4	0	False		False	70-77;92-113;209-226;234-252	4	0	False		False	70-77;92-113;209-229;234-252	3	0	True	a3/a4	False	68-79;90-115;207-273;207-273	4	0	False		False	68-78;90-114;207-229;233-273	noncanonical	noncanon_lowqtm
A0A0V0TGR2	ref_PmTYR	0.28	181.0	199.0	350.0	377.0	832	4	True	18.0	a1/a2	9.56	4	0	False		False	174-180;196-203;346-356;370-391	4	0	False		False	174-180;196-203;346-356;366-391	3	0	True	a3/a4	False	144-186;194-205;334-400;334-400	4	0	False		False	168-186;194-202;335-358;371-391	noncanonical	noncanon_lowqtm
A0A0V1AAJ2	ref_PmTYR	0.274	196.0	214.0	361.0	388.0	838	4	True	18.0	a1/a2	9.67	4	0	False		False	189-195;211-218;357-367;383-402	4	0	False		False	189-195;211-218;357-367;383-402	3	0	True	a3/a4	False	159-201;209-220;345-411;345-411	4	0	False		False	183-201;209-220;346-369;382-402	noncanonical	noncanon_lowqtm
A0A0V1KR57	ref_PmTYR	0.282	182.0	200.0	351.0	378.0	833	4	True	18.0	a1/a2	9.54	4	0	False		False	175-181;197-203;347-357;373-392	4	0	False		False	175-181;197-203;347-357;373-392	3	0	True	a3/a4	False	145-187;195-205;335-401;335-401	4	0	False		False	169-187;195-203;336-359;372-392	noncanonical	noncanon_lowqtm
A0A135SQH1	ref_2Y9W_Abisporus	0.443	32.0	70.0	256.0	281.0	641	4	True	25.0	a3/a4	9.75	4	0	False		False	27-32;67-90;249-260;276-293	4	0	False		False	27-32;67-90;249-260;276-293	3	0	True	a3/a4	False	2-34;65-108;247-295;247-295	4	0	False		False	30-34;65-108;247-271;276-295	canonical	canon_disagree
A0A136IKH1	ref_PmTYR	0.502	103.0	120.0	274.0	300.0	376	4	True	17.0	a1/a2	9.45	4	0	False		False	96-107;117-135;271-277;295-318	4	0	False		False	96-107;117-135;271-277;295-318	4	0	False		False	94-111;115-137;263-279;282-320	3	1	False		False	94-111;115-137;;295-320	canonical	canon_disagree
A0A179FVZ7	ref_2Y9W_Abisporus	0.283	86.0	90.0	246.0	275.0	990	3	False	4.0	a1/a2	7.46	2	2	False		False	;;243-255;272-289	2	2	False		False	;;243-255;272-289	4	0	False		False	78-86;90-127;228-268;270-293	4	0	False		False	78-86;90-127;236-261;270-293	noncanonical	noncanon_lowqtm
A0A183BZZ4	ref_PmTYR	0.172	132.0	142.0	269.0	292.0	866	2	False	10.0	a1/a2	7.9	4	0	False		False	120-134;139-154;262-271;287-303	4	0	False		False	120-134;139-154;262-271;287-303	2	0	True	a1/a2;a3/a4	False	118-156;118-156;256-305;256-305	3	0	True	a1/a2	False	118-156;118-156;256-273;286-305	discard	noncanon_lowqtm
A0A183CK25	ref_PmTYR	0.209	269.0	288.0	28.0	64.0	476	4	True	19.0	a1/a2	9.36	4	0	False		False	245-269;285-301;21-31;59-78	4	0	False		False	245-269;285-301;21-31;59-78	4	0	False		False	222-279;283-303;19-33;46-87	4	0	False		False	222-276;283-303;19-32;58-78	canonical	canon_disagree
A0A183HL62							78	0	False				0	4	False		False	;;;	0	4	False		False	;;;	0	4	False		False	;;;	0	4	False		False	;;;	discard	discard_nohit
A0A183IH80	ref_PmTYR	0.247	209.0	227.0	314.0	337.0	797	3	False	18.0	a1/a2	9.17	4	0	False		False	202-208;224-240;310-316;332-351	4	0	False		False	202-208;224-240;310-316;332-351	3	0	True	a3/a4	False	172-215;222-242;308-360;308-360	4	0	False		False	196-214;222-242;308-318;331-359	noncanonical	noncanon_lowqtm
A0A1D8RI23	ref_1BT3_Ibatatas	0.463	95.0	126.0	151.0	151.0	151	2	False	0.0	a3/a4	0.0	2	2	False		False	88-100;123-141;;	2	2	False		False	88-100;123-141;;	2	2	False		False	86-102;121-143;;	2	2	False		False	86-102;121-143;;	discard	discard_partial
A0A1D8RI47	ref_PmTYR	0.452	95.0	126.0	151.0	150.0	151	2	False	1.0	a3/a4	3.78	2	2	False		False	88-104;123-141;;	2	2	False		False	88-104;123-141;;	2	2	False		False	86-119;121-143;;	2	2	False		False	86-101;121-143;;	discard	discard_partial
A0A1D9PVH8	ref_2Y9W_Abisporus	0.523	88.0	121.0	282.0	312.0	594	4	True	30.0	a3/a4	8.22	4	0	False		False	82-88;118-141;279-289;307-325	4	0	False		False	82-88;118-141;279-289;307-325	4	0	False		False	80-90;116-158;277-291;294-327	3	1	False		False	;116-158;278-290;307-326	canonical	canon_rand
A0A1S3T908	ref_5CE9_Jregia	0.58	157.0	188.0	313.0	343.0	568	4	True	30.0	a3/a4	10.24	4	0	False		False	151-162;185-203;304-315;339-354	4	0	False		False	151-162;185-203;304-315;339-354	4	0	False		False	149-164;183-205;302-317;321-356	4	0	False		False	149-164;183-205;302-317;338-356	canonical	canon_disagree
A0A1S3UW74	ref_5CE9_Jregia	0.545	183.0	213.0	345.0	375.0	607	4	True	30.0	a1/a2	8.8	4	0	False		False	177-188;210-228;336-347;370-386	4	0	False		False	177-188;210-228;336-347;370-386	4	0	False		False	175-190;208-230;334-349;353-388	4	0	False		False	175-190;208-230;334-349;369-388	canonical	canon_rand
A0A1S8B326	ref_2Y9W_Abisporus	0.524	133.0	165.0	336.0	366.0	617	3	False	30.0	a3/a4	8.01	3	1	False		False	;162-187;333-343;361-379	3	1	False		False	;162-187;333-343;361-379	3	1	False		False	;160-203;331-345;348-381	3	1	False		False	;160-188;331-345;360-380	canonical	canon_disagree
A0A1V9YEL7	ref_1JS8_squid	0.187	522.0	540.0	690.0	712.0	958	4	True	18.0	a1/a2	9.18	4	0	False		False	497-522;537-552;675-692;707-727	4	0	False		False	497-522;537-552;675-692;707-727	3	0	True	a1/a2	False	490-559;490-559;673-700;705-731	4	0	False		False	490-533;535-559;673-699;706-726	canonical	noncanon_lowqtm
A0A225WNQ8	ref_1JS8_squid	0.257	188.0	65.0	179.0	196.0	503	3	False	8.0	a1/a4	10.78	3	1	False		False	;40-65;163-180;195-214	3	1	False		False	;40-65;163-180;195-214	2	0	True	a1/a3;a1/a4;a3/a4	True	161-217;33-76;161-217;161-217	3	0	True	a1/a3	True	161-187;33-75;161-187;194-214	discard	discard_fulllen
A0A2A6C3B5	ref_PmTYR	0.172	53.0	91.0	180.0	192.0	704	0	False	12.0	a3/a4	10.32	4	0	False		False	28-60;88-104;175-180;187-192	4	0	False		False	28-60;88-104;175-180;187-192	4	0	False		False	21-62;86-106;173-182;185-194	4	0	False		False	21-61;86-106;173-182;185-194	discard	noncanon_lowqtm
A0A2B7WG80	ref_2Y9W_Abisporus	0.444	135.0	152.0	330.0	356.0	426	3	False	17.0	a1/a2	12.92	3	1	False		False	;148-166;326-332;353-371	3	1	False		False	;148-166;326-332;353-371	3	0	True	a1/a2	False	136-169;136-169;324-334;351-375	3	0	True	a1/a2	False	136-166;136-166;324-334;351-374	discard	discard_fulllen
A0A2G8L6J4	ref_PmTYR	0.272	572.0	589.0	699.0	721.0	809	4	True	17.0	a1/a2	9.71	4	0	False		False	565-579;585-602;685-701;714-732	4	0	False		False	565-579;585-602;685-701;714-732	2	0	True	a1/a2;a3/a4	False	563-604;563-604;683-746;683-746	3	0	True	a1/a2	False	563-604;563-604;683-708;716-734	noncanonical	noncanon_lowqtm
A0A2G9G277	ref_1BT3_Ibatatas	0.517	129.0	159.0	278.0	310.0	497	3	False	30.0	a1/a2	8.64	3	1	False		False	123-133;156-174;273-284;	3	1	False		False	123-133;156-174;273-284;	3	1	False		False	121-135;149-176;271-286;	3	1	False		False	121-135;154-176;271-286;	discard	discard_fulllen
A0A2K5KUH5	ref_PmTYR	0.46	189.0	220.0	369.0	429.0	552	4	True	31.0	a1/a2	9.01	4	0	False		False	182-192;217-235;369-375;427-442	4	0	False		False	182-192;217-235;369-375;427-442	4	0	False		False	180-194;215-237;362-387;425-444	4	0	False		False	180-194;215-237;368-377;425-443	canonical	canon_disagree
A0A2K8SJE4	ref_PmTYR	0.58	94.0	126.0	276.0	315.0	414	4	True	32.0	a1/a2	9.22	4	0	False		False	87-98;123-139;273-280;311-328	4	0	False		False	87-98;123-139;273-280;311-328	4	0	False		False	85-100;121-141;271-282;309-337	4	0	False		False	85-100;121-141;271-280;310-331	canonical	canon_disagree
A0A2R5G0U5	ref_2Y9W_Abisporus	0.225	305.0	323.0	441.0	468.0	964	4	True	18.0	a1/a2	9.66	3	1	False		False	;320-340;438-450;463-481	3	1	False		False	;320-340;438-450;463-481	3	0	True	a3/a4	False	278-305;318-342;431-501;431-501	4	0	False		False	296-304;318-342;437-454;462-500	canonical	noncanon_lowqtm
A0A2R6W9Z2	ref_1BT3_Ibatatas	0.512	232.0	277.0	418.0	277.0	423	3	False	0.0	a2/a4	0.0	3	0	True	a2/a4	True	226-237;274-292;413-421;274-292	3	0	True	a2/a4	True	226-237;274-292;413-421;274-292	3	0	True	a2/a4	True	224-239;272-294;411-423;272-294	3	0	True	a2/a4	True	224-239;272-294;417-423;272-294	discard	discard_fulllen
A0A2T4A4G0	ref_2Y9W_Abisporus	0.48	99.0	132.0	333.0	362.0	652	4	True	29.0	a3/a4	8.09	4	0	False		False	93-99;129-139;330-342;358-375	4	0	False		False	93-99;129-139;330-352;358-375	3	0	True	a3/a4	False	91-101;127-141;328-377;328-377	3	1	False		False	;127-140;328-342;357-376	canonical	canon_disagree
A0A2U1PFS0	ref_1BT3_Ibatatas	0.512	171.0	203.0	341.0	375.0	623	4	True	32.0	a1/a2	8.84	4	0	False		False	165-176;200-218;336-347;370-379	4	0	False		False	165-176;200-218;336-347;370-379	4	0	False		False	163-178;198-220;334-349;353-381	4	0	False		False	163-178;198-219;334-349;369-380	canonical	canon_disagree
A0A2V1EB40	ref_2Y9W_Abisporus	0.547	97.0	132.0	316.0	340.0	581	4	True	24.0	a3/a4	9.83	4	0	False		False	91-97;129-152;309-320;335-353	4	0	False		False	91-97;129-152;309-320;335-353	3	0	True	a3/a4	False	89-99;127-154;307-355;307-355	4	0	False		False	89-96;127-154;307-318;335-354	canonical	noncanon_rand
A0A2Z6P106	ref_5CE9_Jregia	0.605	127.0	159.0	283.0	313.0	541	4	True	30.0	a3/a4	10.33	4	0	False		False	121-131;156-174;274-285;308-325	4	0	False		False	121-131;156-174;274-285;308-325	4	0	False		False	119-133;154-176;272-287;291-331	4	0	False		False	119-133;154-176;272-287;307-331	canonical	canon_rand
A0A384K0M5	ref_PmTYR	0.598	135.0	152.0	278.0	305.0	371	4	True	17.0	a1/a2	9.2	4	0	False		False	128-139;149-166;268-285;300-320	4	0	False		False	128-139;149-166;268-285;300-324	4	0	False		False	126-143;147-169;266-293;296-327	4	0	False		False	126-143;147-165;266-286;300-326	noncanonical	noncanon_rand
A0A388KR59	ref_5CE9_Jregia	0.472	190.0	216.0	319.0	347.0	576	4	True	26.0	a1/a2	8.81	4	0	False		False	184-193;213-231;312-321;343-359	4	0	False		False	184-193;213-231;312-321;343-359	4	0	False		False	182-195;198-233;269-323;325-361	4	0	False		False	182-194;211-233;308-323;341-360	canonical	canon_disagree
A0A388KRG2	ref_5CE9_Jregia	0.432	247.0	273.0	376.0	404.0	633	4	True	26.0	a1/a2	8.65	4	0	False		False	241-250;270-288;369-379;400-416	4	0	False		False	241-250;270-288;369-379;400-416	3	0	True	a3/a4	False	239-252;255-290;365-418;365-418	4	0	False		False	239-251;268-290;367-380;398-417	canonical	canon_disagree
A0A388LXR0	ref_5CE9_Jregia	0.517	125.0	151.0	257.0	286.0	541	4	True	26.0	a1/a2	8.66	4	0	False		False	119-129;148-166;248-259;281-297	4	0	False		False	119-129;148-166;248-259;281-297	3	0	True	a1/a2	False	117-168;117-168;246-261;264-299	4	0	False		False	117-130;146-168;246-261;280-299	canonical	canon_disagree
A0A397TSD6							84	0	False				0	4	False		False	;;;	0	4	False		False	;;;	0	4	False		False	;;;	0	4	False		False	;;;	discard	discard_nohit
A0A3D8SZE8	ref_1JS8_squid	0.189	147.0	13.0	137.0	9.0	154	0	False	4.0	a2/a4	7.07	1	3	False		False	;11-23;;	1	3	False		False	;11-23;;	2	0	True	a1/a3;a2/a4	True	117-148;9-26;117-148;9-26	1	2	True	a2/a4	True	;9-23;;9-23	discard	discard_partial
A0A3F3Q782	ref_1JS8_squid	0.213	57.0	71.0	201.0	224.0	863	4	True	14.0	a1/a2	8.78	4	0	False		False	50-59;68-84;187-204;220-236	4	0	False		False	50-59;68-84;187-204;220-236	3	0	True	a3/a4	False	48-61;66-86;185-250;185-250	4	0	False		False	48-58;66-86;185-205;219-249	canonical	noncanon_lowqtm
A0A3M6W368	ref_2Y9W_Abisporus	0.329	71.0	83.0	58.0	83.0	372	2	False	0.0	a2/a4	0.0	3	0	True	a2/a4	True	69-70;78-96;51-62;78-96	3	0	True	a2/a4	True	66-73;78-96;51-62;78-96	1	0	True	a1/a2;a1/a3;a1/a4;a2/a3;a2/a4;a3/a4	True	49-98;49-98;49-98;49-98	3	0	True	a2/a4	True	69-74;76-97;49-66;76-97	discard	discard_fulllen
A0A3Q4BB99	ref_PmTYR	0.495	152.0	184.0	341.0	364.0	491	4	True	23.0	a3/a4	9.9	4	0	False		False	145-155;181-199;338-344;359-380	4	0	False		False	145-155;181-199;338-344;359-380	3	0	True	a3/a4	False	143-157;179-201;336-384;336-384	4	0	False		False	143-157;179-201;336-344;359-383	canonical	canon_disagree
A0A3R6VMN7	ref_PmTYR	0.202	66.0	84.0	294.0	157.0	369	0	False	18.0	a1/a2	9.16	4	0	False		False	41-66;81-97;291-308;150-165	4	0	False		False	41-66;81-97;291-308;150-165	3	0	True	a1/a2	False	34-103;34-103;266-310;134-182	3	0	True	a1/a2	False	34-103;34-103;266-310;134-163	discard	discard_fulllen
A0A3R6XJV4	ref_2Y9W_Abisporus	0.323	172.0	14.0	157.0	184.0	424	3	False	12.0	a1/a4	14.27	3	1	False		False	;11-26;146-163;179-200	3	1	False		False	;11-26;146-163;179-200	3	0	True	a1/a3	True	144-174;9-33;144-174;177-217	3	0	True	a1/a3	True	144-174;9-33;144-174;178-198	discard	discard_fulllen
A0A401IHQ9	ref_PmTYR	0.58	74.0	101.0	249.0	292.0	416	4	True	27.0	a1/a2	9.59	4	0	False		False	67-80;98-114;246-251;287-304	4	0	False		False	67-83;98-114;246-251;287-304	4	0	False		False	65-87;89-116;244-253;274-306	4	0	False		False	65-87;96-116;244-253;287-306	canonical	canon_disagree
A0A401PX39	ref_PmTYR	0.223	318.0	335.0	444.0	466.0	945	4	True	17.0	a1/a2	9.19	4	0	False		False	310-325;331-348;430-446;461-478	4	0	False		False	292-325;331-348;430-446;461-478	3	0	True	a1/a2	False	285-350;285-350;428-454;459-484	3	0	True	a1/a2	False	309-350;309-350;428-453;460-484	noncanonical	noncanon_lowqtm
A0A420MD28	ref_2Y9W_Abisporus	0.197	515.0	10.0	489.0	527.0	528	2	False	12.0	a1/a4	15.02	3	1	False		False	513-514;;486-497;522-526	3	1	False		False	513-517;;486-497;522-526	3	0	True	a1/a4	True	509-528;1-10;478-499;509-528	3	1	False		False	513-517;;478-497;522-528	discard	noncanon_lowqtm
A0A4D6CAK4	ref_PmTYR	0.447	94.0	125.0	149.0	149.0	149	2	False	0.0	a3/a4	0.0	2	2	False		False	87-97;122-140;;	2	2	False		False	87-97;122-140;;	2	2	False		False	85-99;120-142;;	2	2	False		False	85-99;120-142;;	discard	discard_partial
A0A4Q4MYG0	ref_PmTYR	0.55	109.0	126.0	287.0	314.0	385	4	True	17.0	a1/a2	9.19	4	0	False		False	102-117;123-141;287-294;310-329	4	0	False		False	102-117;123-141;287-294;310-329	3	0	True	a1/a2	False	100-143;100-143;285-304;308-333	4	0	False		False	100-117;121-139;285-295;309-332	canonical	canon_rand
A0A4S8M8C5	ref_PmTYR	0.642	81.0	98.0	222.0	262.0	337	4	True	17.0	a1/a2	9.18	4	0	False		False	74-88;95-112;211-228;257-274	4	0	False		False	74-88;95-112;211-228;257-274	4	0	False		False	72-90;93-115;192-236;255-280	4	0	False		False	72-89;93-112;192-235;256-280	canonical	canon_rand
A0A4T0VKX6	ref_PmTYR	0.608	84.0	101.0	232.0	259.0	352	4	True	17.0	a1/a2	9.02	4	0	False		False	77-92;98-116;217-235;254-279	4	0	False		False	77-92;98-116;217-235;254-279	2	0	True	a1/a2;a3/a4	False	75-118;75-118;215-281;215-281	4	0	False		False	75-92;96-114;215-245;254-280	canonical	canon_rand
A0A4T0WB77	ref_PmTYR	0.5	122.0	139.0	309.0	337.0	411	4	True	17.0	a1/a2	9.42	4	0	False		False	115-130;136-153;309-316;333-356	4	0	False		False	115-130;136-153;309-316;333-356	3	0	True	a1/a2	False	113-156;113-156;287-327;331-358	4	0	False		False	113-130;134-156;287-323;332-357	canonical	canon_rand
A0A4U7AY24	ref_PmTYR	0.239	76.0	93.0	224.0	250.0	815	4	True	17.0	a1/a2	9.39	4	0	False		False	69-84;90-108;213-230;245-262	4	0	False		False	69-84;90-108;213-230;245-262	3	0	True	a1/a2	False	67-110;67-110;211-237;241-269	4	0	False		False	67-84;88-106;211-232;244-268	noncanonical	noncanon_lowqtm
A0A4Z1EV38	ref_PmTYR	0.219	136.0	153.0	281.0	307.0	922	4	True	17.0	a1/a2	8.98	4	0	False		False	129-143;150-167;270-287;303-322	4	0	False		False	129-143;150-167;270-287;303-326	3	0	True	a1/a2	False	127-170;127-170;268-293;301-329	4	0	False		False	127-144;148-170;268-293;302-328	noncanonical	noncanon_lowqtm
A0A4Z1K5V5	ref_PmTYR	0.217	136.0	153.0	281.0	307.0	922	4	True	17.0	a1/a2	8.96	4	0	False		False	129-143;150-167;270-287;303-322	4	0	False		False	129-143;150-167;270-287;303-326	3	0	True	a1/a2	False	127-170;127-170;268-293;301-329	4	0	False		False	127-144;148-170;268-293;302-328	noncanonical	noncanon_lowqtm
A0A4Z2HMJ2	ref_PmTYR	0.367	186.0	217.0	321.0	326.0	334	2	False	5.0	a3/a4	8.7	3	0	True	a3/a4	False	179-189;212-232;320-327;320-327	3	0	True	a3/a4	False	179-189;212-232;320-327;320-327	3	0	True	a3/a4	False	177-191;205-234;318-329;318-329	3	0	True	a3/a4	False	177-191;211-234;318-327;318-327	discard	discard_fulllen
A0A5N6DC68	ref_PmTYR	0.252	561.0	578.0	687.0	703.0	769	3	False	16.0	a3/a4	10.91	4	0	False		False	554-568;575-593;684-691;699-722	4	0	False		False	554-568;575-593;684-691;699-722	3	0	True	a1/a2	False	545-595;545-595;677-694;697-724	3	0	True	a1/a2	False	552-592;552-592;682-692;698-724	noncanonical	noncanon_lowqtm
A0A5N6H8Z8	ref_PmTYR	0.226	561.0	578.0	687.0	703.0	769	3	False	16.0	a3/a4	10.39	4	0	False		False	554-568;575-592;684-691;699-722	4	0	False		False	554-568;575-592;684-691;699-722	3	0	True	a1/a2	False	545-594;545-594;677-694;697-724	3	0	True	a1/a2	False	552-592;552-592;682-694;698-724	noncanonical	noncanon_lowqtm
A0A5N6KF72	ref_2Y9W_Abisporus	0.52	7.0	40.0	202.0	232.0	521	4	True	30.0	a3/a4	8.26	4	0	False		False	3-7;37-60;199-209;227-245	4	0	False		False	3-7;37-60;199-209;227-245	4	0	False		False	1-9;35-77;197-211;214-247	4	0	False		False	5-9;35-77;198-210;227-246	canonical	canon_disagree
A0A5N6KW16	ref_PmTYR	0.431	238.0	201.0	173.0	201.0	265	2	False	0.0	a2/a4	0.0	3	0	True	a2/a4	True	238-239;197-216;173-180;197-216	3	0	True	a2/a4	True	238-239;197-216;173-180;197-216	3	0	True	a2/a4	True	235-242;195-218;163-191;195-218	3	0	True	a2/a4	True	236-240;196-216;166-191;196-216	discard	discard_fulllen
A0A5N6Y9U6	ref_PmTYR	0.222	561.0	578.0	687.0	703.0	769	3	False	16.0	a3/a4	10.82	4	0	False		False	554-568;575-593;684-691;699-723	4	0	False		False	554-568;575-593;684-691;699-723	3	0	True	a1/a2	False	545-595;545-595;682-694;697-725	3	0	True	a1/a2	False	552-592;552-592;682-694;697-724	noncanonical	noncanon_lowqtm
A0A5N7DKE9	ref_PmTYR	0.592	123.0	140.0	268.0	294.0	369	4	True	17.0	a1/a2	9.02	4	0	False		False	116-130;137-154;257-274;289-306	4	0	False		False	116-130;137-154;257-274;289-306	3	0	True	a1/a2	False	83-157;83-157;229-281;285-313	3	0	True	a1/a2	False	114-154;114-154;255-276;289-307	noncanonical	noncanon_rand
A0A5S6QUR5	ref_PmTYR	0.231	132.0	150.0	266.0	289.0	957	4	True	18.0	a1/a2	8.94	3	1	False		False	;147-163;258-269;284-302	3	1	False		False	;147-163;258-269;284-302	3	0	True	a3/a4	False	95-138;145-165;246-304;246-304	4	0	False		False	119-137;145-165;251-270;283-304	noncanonical	noncanon_lowqtm
A0A6A6FJM6	ref_2Y9W_Abisporus	0.395	3.0	43.0	236.0	261.0	626	4	True	25.0	a3/a4	9.99	3	1	False		False	;40-63;229-240;256-273	3	1	False		False	;40-63;229-240;256-273	3	0	True	a3/a4	False	1-5;38-81;221-275;221-275	3	1	False		False	;38-81;222-241;255-275	canonical	canon_disagree
A0A6A6P320	ref_PmTYR	0.585	99.0	116.0	281.0	309.0	380	4	True	17.0	a1/a2	9.4	4	0	False		False	92-107;113-131;281-288;305-327	4	0	False		False	92-107;113-131;281-288;305-327	3	0	True	a1/a2	False	90-133;90-133;238-299;303-329	4	0	False		False	90-107;111-129;279-289;304-327	canonical	canon_rand
A0A6B2LE82	ref_PmTYR	0.716	29.0	46.0	161.0	183.0	251	4	True	17.0	a1/a2	8.98	4	0	False		False	4-36;43-59;149-164;178-198	4	0	False		False	4-36;43-59;149-164;178-198	3	0	True	a3/a4	False	2-38;41-65;147-212;147-212	4	0	False		False	2-37;41-65;147-170;177-210	canonical	canon_rand
A0A6G0XI62	ref_PmTYR	0.216	647.0	666.0	788.0	815.0	929	4	True	19.0	a1/a2	9.51	4	0	False		False	622-647;663-678;777-794;811-831	4	0	False		False	622-647;663-678;777-794;811-831	3	0	True	a3/a4	False	615-658;661-685;762-848;762-848	4	0	False		False	615-658;661-685;787-801;810-834	noncanonical	noncanon_lowqtm
A0A6G3WLB2	ref_PmTYR	0.919	38.0	63.0	190.0	216.0	273	4	True	25.0	a1/a2	9.42	4	0	False		False	13-43;60-76;190-196;211-230	4	0	False		False	13-43;60-76;190-196;211-230	4	0	False		False	6-50;58-78;188-204;207-234	4	0	False		False	6-50;58-78;188-198;211-231	canonical	canon_rand
A0A6H0Y3Z6	ref_PmTYR	0.271	607.0	624.0	755.0	781.0	847	4	True	17.0	a1/a2	8.99	4	0	False		False	600-614;621-638;744-761;776-800	4	0	False		False	600-614;621-638;744-761;776-800	3	0	True	a1/a2	False	589-641;589-641;742-768;772-803	3	0	True	a1/a2	False	592-638;592-638;742-763;776-800	canonical	noncanon_lowqtm
A0A6J8CZL5	ref_PmTYR	0.252	157.0	175.0	285.0	315.0	892	4	True	18.0	a1/a2	9.57	4	0	False		False	150-156;171-188;282-292;310-332	4	0	False		False	150-156;171-188;282-292;310-332	4	0	False		False	144-167;169-190;266-294;297-340	4	0	False		False	144-156;170-190;276-293;309-333	noncanonical	noncanon_lowqtm
A0A6M3U4B2	ref_PmTYR	0.377	122.0	153.0	150.0	153.0	168	2	False	0.0	a2/a4	0.0	2	0	True	a2/a3;a2/a4;a3/a4	True	115-125;150-166;150-166;150-166	2	0	True	a2/a3;a2/a4;a3/a4	True	115-125;150-166;150-166;150-166	2	0	True	a2/a3;a2/a4;a3/a4	True	113-127;148-168;148-168;148-168	2	0	True	a2/a3;a2/a4;a3/a4	True	113-127;148-168;148-168;148-168	discard	discard_partial
A0A7C8JXQ3	ref_2Y9W_Abisporus	0.412	102.0	137.0	353.0	378.0	717	3	False	25.0	a3/a4	10.04	3	1	False		False	;134-157;346-357;373-392	3	1	False		False	;134-157;346-357;373-392	2	1	True	a3/a4	False	;132-159;344-400;344-400	3	1	False		False	;132-159;344-358;373-392	discard	discard_fulllen
A0A7D5G996	ref_1BT3_Ibatatas	0.524	179.0	206.0	331.0	362.0	586	4	True	27.0	a1/a2	8.85	4	0	False		False	173-183;203-221;322-334;357-374	4	0	False		False	173-183;203-221;322-334;357-374	3	0	True	a3/a4	False	171-185;196-223;320-380;320-380	4	0	False		False	171-185;201-223;320-352;356-380	canonical	canon_disagree
A0A7G3VAY7	ref_5CE9_Jregia	0.424	122.0	153.0	144.0	177.0	177	2	False	9.0	a2/a3	9.05	2	2	False		False	115-125;150-168;;	2	2	False		False	115-125;150-168;;	3	1	False		False	113-127;148-170;141-145;	3	1	False		False	113-127;148-170;141-145;	discard	discard_partial
A0A7J0D510							83	0	False				0	4	False		False	;;;	0	4	False		False	;;;	0	4	False		False	;;;	0	4	False		False	;;;	discard	discard_nohit
A0A7K7XXH8	ref_PmTYR	0.453	180.0	211.0	345.0	211.0	346	2	False	0.0	a2/a4	0.0	3	0	True	a2/a4	True	173-183;208-226;341-344;208-226	3	0	True	a2/a4	True	173-183;208-226;341-344;208-226	3	0	True	a2/a4	True	171-185;206-228;339-346;206-228	3	0	True	a2/a4	True	171-185;206-228;339-346;206-228	discard	discard_fulllen
A0A7R9PUN4	ref_PmTYR	0.23	434.0	450.0	558.0	591.0	945	4	True	16.0	a1/a2	8.55	4	0	False		False	409-436;447-463;548-565;586-607	4	0	False		False	409-436;447-463;548-565;586-616	3	0	True	a1/a2	False	402-465;402-465;546-567;576-618	4	0	False		False	402-443;445-465;546-565;585-595	canonical	noncanon_lowqtm
A0A7R9QRB4	ref_1BT3_Ibatatas	0.17	72.0	89.0	132.0	157.0	744	3	False	17.0	a1/a2	8.76	4	0	False		False	47-80;86-102;129-134;152-173	4	0	False		False	47-80;86-102;129-134;152-176	3	0	True	a1/a2	False	40-104;40-104;116-136;140-184	4	0	False		False	40-80;84-104;128-136;151-176	discard	noncanon_lowqtm
A0A7S2EUW0	ref_2Y9W_Abisporus	0.227	276.0	294.0	431.0	454.0	996	4	True	18.0	a1/a2	9.66	4	0	False		False	268-276;291-312;424-436;449-487	4	0	False		False	268-276;291-312;424-436;449-487	3	0	True	a3/a4	False	259-278;289-314;422-490;422-490	4	0	False		False	267-278;289-313;422-440;448-488	noncanonical	noncanon_lowqtm
A0A7S2JHL4	ref_PmTYR	0.221	567.0	587.0	729.0	756.0	882	4	True	20.0	a1/a2	9.1	4	0	False		False	542-569;583-602;715-728;751-773	4	0	False		False	542-569;577-602;715-728;751-773	4	0	False		False	535-571;575-604;713-730;738-775	4	0	False		False	535-571;575-604;713-730;750-775	noncanonical	noncanon_lowqtm
A0A7S2JHQ4	ref_PmTYR	0.235	590.0	610.0	752.0	779.0	905	4	True	20.0	a1/a2	9.0	4	0	False		False	565-593;606-625;738-751;774-796	4	0	False		False	565-593;600-625;738-751;774-796	4	0	False		False	558-595;598-627;736-753;761-798	4	0	False		False	558-594;598-627;736-753;773-798	noncanonical	noncanon_lowqtm
A0A7S2W0D0	ref_PmTYR	0.35	1.0	21.0	177.0	316.0	461	3	False	20.0	a1/a2	12.87	3	1	False		False	;18-34;162-180;311-329	3	1	False		False	;18-34;162-180;311-329	4	0	False		False	1-13;16-36;160-182;309-331	4	0	False		False	1-13;16-36;160-181;311-331	discard	discard_fulllen
A0A7S3EYR7	ref_2Y9W_Abisporus	0.244	245.0	268.0	418.0	440.0	927	4	True	22.0	a3/a4	9.91	3	1	False		False	;265-285;411-420;436-473	3	1	False		False	;265-285;411-420;436-473	3	0	True	a3/a4	False	236-245;248-287;409-475;409-475	4	0	False		False	236-244;263-287;410-422;435-473	canonical	noncanon_lowqtm
A0A7T3R011	ref_PmTYR	0.442	98.0	129.0	162.0	153.0	170	2	False	9.0	a3/a4	12.91	2	2	False		False	91-101;124-144;;	2	2	False		False	91-101;124-144;;	2	2	False		False	89-103;117-146;;	2	2	False		False	89-103;117-146;;	discard	discard_partial
A0A7W8KIV5	ref_1JS8_squid	0.208	49.0	69.0	176.0	199.0	899	4	True	20.0	a1/a2	9.26	4	0	False		False	42-55;66-82;159-178;195-210	4	0	False		False	42-55;66-82;159-178;195-210	2	0	True	a1/a2;a3/a4	False	35-84;35-84;156-236;156-236	4	0	False		False	35-57;59-84;156-189;194-212	canonical	noncanon_lowqtm
A0A7X1JBZ8	ref_PmTYR	0.574	64.0	94.0	246.0	272.0	377	4	True	26.0	a3/a4	7.87	4	0	False		False	57-68;91-107;247-253;267-289	4	0	False		False	57-68;91-107;247-253;267-289	4	0	False		False	55-70;89-109;245-259;263-291	4	0	False		False	55-70;89-109;245-254;266-291	canonical	canon_disagree
A0A812BCK9	ref_PmTYR	0.266	144.0	162.0	276.0	299.0	866	4	True	18.0	a1/a2	10.09	4	0	False		False	136-146;159-175;269-278;294-316	4	0	False		False	136-146;159-175;269-278;294-316	3	0	True	a3/a4	False	107-153;157-177;263-324;263-324	4	0	False		False	107-146;157-177;263-280;293-317	noncanonical	noncanon_lowqtm
A0A851T2B4	ref_PmTYR	0.479	191.0	222.0	375.0	398.0	522	4	True	23.0	a3/a4	10.15	4	0	False		False	184-194;219-237;372-377;393-411	4	0	False		False	184-194;219-237;372-377;393-411	4	0	False		False	182-196;217-239;370-389;391-413	4	0	False		False	182-196;217-239;370-384;393-412	canonical	canon_rand
A0A856MK52	ref_PmTYR	0.558	131.0	162.0	313.0	350.0	443	4	True	31.0	a1/a2	9.61	4	0	False		False	124-135;159-175;310-316;346-362	4	0	False		False	124-135;159-175;310-316;346-362	4	0	False		False	122-137;157-177;308-318;344-364	4	0	False		False	122-136;157-177;308-317;345-364	canonical	canon_disagree
A0A8B8BZ31	ref_PmTYR	0.38	59.0	77.0	186.0	209.0	561	3	False	18.0	a1/a2	9.55	4	0	False		False	54-61;74-93;172-188;205-222	4	0	False		False	54-61;74-93;172-188;205-222	3	0	True	a3/a4	False	52-69;72-96;170-232;170-232	4	0	False		False	52-62;72-96;170-190;203-226	canonical	noncanon_rand
A0A8B8D4J3	ref_PmTYR	0.237	146.0	164.0	279.0	306.0	986	4	True	18.0	a1/a2	7.68	3	1	False		False	;161-177;276-285;301-323	3	1	False		False	;161-177;276-285;301-323	3	0	True	a3/a4	False	109-155;159-179;270-331;270-331	4	0	False		False	109-145;159-179;274-296;300-324	noncanonical	noncanon_lowqtm
A0A8B9GJT5	ref_PmTYR	0.573	104.0	132.0	285.0	308.0	416	4	True	23.0	a3/a4	10.49	4	0	False		False	97-116;130-147;282-287;303-323	4	0	False		False	97-116;130-147;282-287;303-323	3	0	True	a3/a4	False	95-120;128-149;280-326;280-326	4	0	False		False	95-120;128-149;280-298;303-326	noncanonical	noncanon_rand
A0A8C2PFS9	ref_PmTYR	0.404	223.0	303.0	455.0	482.0	622	4	True	27.0	a3/a4	7.97	4	0	False		False	216-226;300-318;456-462;478-495	4	0	False		False	216-226;300-318;456-462;478-495	4	0	False		False	214-228;298-320;454-473;476-497	4	0	False		False	214-228;298-320;454-463;477-496	canonical	canon_disagree
A0A8G0LLK9	ref_2Y9W_Abisporus	0.379	90.0	99.0	70.0	99.0	351	2	False	0.0	a2/a4	0.0	3	0	True	a2/a4	True	88-89;94-113;67-78;94-113	3	0	True	a2/a4	True	82-89;94-113;67-78;94-113	1	0	True	a1/a2;a1/a3;a1/a4;a2/a3;a2/a4;a3/a4	True	65-117;65-117;65-117;65-117	2	0	True	a1/a3;a2/a4	True	65-90;93-117;65-90;93-117	discard	discard_fulllen
A0A8G1H4K7	ref_5CE9_Jregia	0.333	148.0	179.0	170.0	179.0	195	2	False	0.0	a2/a4	0.0	2	1	True	a2/a4	True	141-151;176-193;;176-193	2	1	True	a2/a4	True	141-151;176-193;;176-193	3	0	True	a2/a4	True	139-153;174-195;167-171;174-195	3	0	True	a2/a4	True	139-153;174-195;167-171;174-195	discard	discard_partial
A0A8H2WPP2							94	0	False				0	4	False		False	;;;	0	4	False		False	;;;	0	4	False		False	;;;	0	4	False		False	;;;	discard	discard_nohit
A0A8H3BXL8							82	0	False				0	4	False		False	;;;	0	4	False		False	;;;	0	4	False		False	;;;	0	4	False		False	;;;	discard	discard_nohit
A0A8H3HCF2	ref_PmTYR	0.551	97.0	114.0	269.0	305.0	380	4	True	17.0	a1/a2	9.28	4	0	False		False	90-105;111-122;265-271;300-317	4	0	False		False	90-105;111-122;265-271;300-317	3	0	True	a1/a2	False	88-124;88-124;263-279;296-324	4	0	False		False	88-105;110-123;263-279;299-323	canonical	canon_disagree
A0A8H4CVC9	ref_PmTYR	0.503	119.0	146.0	313.0	341.0	412	4	True	27.0	a1/a2	9.57	4	0	False		False	112-126;141-160;313-320;337-356	4	0	False		False	112-126;141-160;313-320;337-356	4	0	False		False	110-133;138-163;311-331;335-360	4	0	False		False	110-128;138-160;311-321;336-360	canonical	noncanon_rand
A0A8H4K586	ref_1JS8_squid	0.085	582.0	555.0	560.0	593.0	748	1	False	5.0	a2/a3	10.0	3	1	False		False	582-583;;558-562;589-608	3	1	False		False	582-583;;558-562;589-608	2	0	True	a1/a4;a2/a3	True	579-612;556-564;556-564;579-612	2	0	True	a1/a4;a2/a3	True	579-611;556-563;556-563;579-611	discard	noncanon_lowqtm
A0A8H5JP71	ref_PmTYR	0.186	98.0	115.0	237.0	261.0	788	4	True	17.0	a1/a2	9.4	4	0	False		False	91-105;112-129;233-240;258-264	4	0	False		False	91-105;112-129;233-240;258-264	4	0	False		False	89-107;110-132;231-254;256-266	4	0	False		False	89-106;110-128;231-247;256-265	canonical	noncanon_lowqtm
A0A8H5LTK0	ref_PmTYR	0.194	107.0	124.0	248.0	292.0	835	3	False	17.0	a1/a2	8.87	4	0	False		False	100-114;121-138;237-254;288-292	4	0	False		False	100-114;121-138;237-254;288-292	4	0	False		False	98-116;119-141;218-262;286-294	4	0	False		False	98-115;119-137;218-262;289-294	noncanonical	noncanon_lowqtm
A0A8H5MMZ8	ref_PmTYR	0.666	39.0	56.0	197.0	219.0	234	2	False	17.0	a1/a2	8.61	4	0	False		False	32-46;53-70;182-199;216-232	4	0	False		False	32-46;53-70;182-199;216-232	3	0	True	a1/a2	False	23-73;23-73;180-201;208-234	4	0	False		False	30-47;51-69;180-201;209-234	noncanonical	noncanon_rand
A0A8H5ZBE3	ref_2Y9W_Abisporus	0.539	36.0	70.0	223.0	260.0	562	4	True	34.0	a1/a2	9.25	4	0	False		False	30-36;67-90;213-230;257-260	4	0	False		False	30-36;67-90;213-230;257-260	4	0	False		False	28-38;65-107;211-232;255-262	4	0	False		False	28-38;65-107;211-231;255-261	canonical	canon_disagree
A0A8H6ARC5	ref_PmTYR	0.183	123.0	126.0	256.0	278.0	879	3	False	3.0	a1/a2	8.64	3	1	False		False	124-124;;241-258;273-293	3	1	False		False	120-124;;241-258;273-293	3	0	True	a1/a2	False	85-140;85-140;239-266;269-297	3	0	True	a1/a2	False	116-140;116-140;239-260;273-296	discard	noncanon_lowqtm
A0A8H8P2A6	ref_2Y9W_Abisporus	0.216	222.0	366.0	612.0	641.0	997	2	False	29.0	a3/a4	7.83	3	1	False		False	;365-392;609-620;636-654	3	1	False		False	;365-407;609-620;636-654	2	1	True	a3/a4	False	;317-409;607-656;607-656	3	1	False		False	;317-409;608-621;636-655	discard	noncanon_lowqtm
A0A8H9LF69	ref_PmTYR	0.793	73.0	90.0	206.0	228.0	288	4	True	17.0	a1/a2	9.18	4	0	False		False	48-80;87-103;192-211;223-241	4	0	False		False	48-80;87-103;192-211;223-241	4	0	False		False	41-82;85-105;190-215;219-243	4	0	False		False	41-81;85-105;190-215;223-242	noncanonical	ctrl_microbispora
A0A8J1TDZ8	ref_1JS8_squid	0.206	387.0	404.0	523.0	545.0	886	4	True	17.0	a1/a2	9.47	4	0	False		False	379-394;399-417;509-530;540-555	4	0	False		False	379-394;399-417;509-530;540-555	3	0	True	a1/a2	False	352-419;352-419;507-532;538-562	4	0	False		False	378-396;399-419;507-530;539-557	noncanonical	noncanon_lowqtm
A0A8J4S5S5	ref_5CE9_Jregia	0.489	30.0	49.0	193.0	215.0	339	4	True	19.0	a1/a2	9.12	4	0	False		False	5-30;46-62;178-195;210-228	4	0	False		False	5-30;46-62;178-195;210-228	3	0	True	a3/a4	False	3-41;44-68;176-230;176-230	4	0	False		False	3-39;44-68;176-202;209-229	canonical	canon_rand
A0A8J7HGQ2	ref_PmTYR	0.563	99.0	144.0	295.0	335.0	432	4	True	40.0	a3/a4	10.17	4	0	False		False	92-103;141-157;292-299;330-350	4	0	False		False	92-103;141-157;292-299;330-350	4	0	False		False	90-111;139-159;290-301;317-354	4	0	False		False	90-104;139-159;290-299;330-354	canonical	canon_disagree
A0A8J7L5S7	ref_PmTYR	0.556	86.0	117.0	268.0	310.0	438	4	True	31.0	a1/a2	9.31	4	0	False		False	79-92;114-130;265-272;305-322	4	0	False		False	79-92;114-130;265-272;305-322	4	0	False		False	77-94;112-132;263-274;292-324	4	0	False		False	77-91;112-132;263-272;305-324	canonical	canon_disagree
A0A8S3S028	ref_PmTYR	0.243	163.0	181.0	291.0	321.0	919	4	True	18.0	a1/a2	9.46	4	0	False		False	156-162;177-194;288-298;314-338	4	0	False		False	156-162;177-194;288-298;307-338	4	0	False		False	150-173;175-196;272-300;303-346	4	0	False		False	150-162;176-196;282-299;315-339	noncanonical	noncanon_lowqtm
A0A8S3S1J4	ref_PmTYR	0.251	163.0	181.0	291.0	321.0	888	4	True	18.0	a1/a2	9.44	4	0	False		False	156-162;177-194;288-298;314-338	4	0	False		False	156-162;177-194;288-298;307-338	4	0	False		False	150-173;175-196;272-300;303-346	4	0	False		False	150-162;176-196;282-299;315-339	noncanonical	noncanon_lowqtm
A0A8T1GG24	ref_2Y9W_Abisporus	0.178	112.0	124.0	102.0	124.0	492	2	False	0.0	a2/a4	0.0	2	1	True	a2/a4	True	;119-138;87-104;119-138	2	1	True	a2/a4	True	;119-138;87-104;119-138	1	0	True	a1/a2;a1/a3;a1/a4;a2/a3;a2/a4;a3/a4	True	85-141;85-141;85-141;85-141	2	0	True	a1/a3;a2/a4	True	85-111;118-138;85-111;118-138	discard	discard_fulllen
A0A8T8WN19	ref_PmTYR	0.747	46.0	63.0	191.0	218.0	289	4	True	17.0	a1/a2	9.03	4	0	False		False	39-53;60-77;180-200;213-233	4	0	False		False	39-53;60-77;180-200;213-233	3	0	True	a3/a4	False	37-55;58-80;178-237;178-237	4	0	False		False	37-54;58-76;178-204;213-236	canonical	canon_rand
A0A8U0BZ64	ref_PmTYR	0.273	153.0	171.0	282.0	309.0	821	4	True	18.0	a1/a2	10.52	4	0	False		False	145-152;167-184;277-289;305-326	4	0	False		False	145-152;167-184;277-289;305-326	3	0	True	a3/a4	False	116-163;165-186;273-334;273-334	4	0	False		False	116-163;166-186;273-295;303-327	noncanonical	noncanon_lowqtm
A0A8W8K432	ref_PmTYR	0.258	3.0	17.0	132.0	159.0	682	3	False	14.0	a1/a2	10.68	4	0	False		False	3-7;14-30;129-139;154-176	4	0	False		False	3-7;14-30;129-139;154-176	3	0	True	a3/a4	False	1-9;12-32;123-178;123-178	4	0	False		False	1-9;12-32;123-140;153-176	discard	noncanon_lowqtm
A0A913WQ01	ref_PmTYR	0.333	232.0	250.0	371.0	393.0	659	4	True	18.0	a1/a2	9.32	4	0	False		False	222-236;245-263;355-374;388-404	4	0	False		False	222-236;243-263;355-374;388-404	2	0	True	a1/a2;a3/a4	False	219-265;219-265;340-418;340-418	4	0	False		False	221-236;242-265;340-380;388-413	canonical	canon_disagree
A0A915KH89	ref_PmTYR	0.487	188.0	206.0	337.0	360.0	366	4	True	18.0	a1/a2	8.46	4	0	False		False	181-187;203-220;328-339;355-364	4	0	False		False	181-187;203-220;328-339;355-364	3	0	True	a3/a4	False	151-193;201-226;326-366;326-366	4	0	False		False	189-193;201-221;326-350;354-366	canonical	canon_disagree
A0A915KQR7	ref_2Y9W_Abisporus	0.18	11.0	20.0	36.0	63.0	407	2	False	9.0	a1/a2	7.93	3	1	False		False	;18-21;31-42;58-77	3	1	False		False	;18-21;31-42;58-77	1	1	True	a2/a3;a2/a4;a3/a4	True	;16-86;16-86;16-86	2	1	True	a2/a3	True	;16-44;16-44;57-77	discard	noncanon_lowqtm
A0A915PFJ4	ref_PmTYR	0.463	142.0	161.0	273.0	298.0	440	4	True	19.0	a1/a2	9.12	4	0	False		False	117-149;158-173;264-277;293-312	4	0	False		False	117-149;158-173;264-277;293-312	4	0	False		False	110-153;156-175;262-281;283-321	4	0	False		False	110-150;156-174;262-277;293-320	canonical	canon_disagree
A0A918GY00	ref_PmTYR	0.884	38.0	63.0	200.0	226.0	285	4	True	25.0	a1/a2	9.38	4	0	False		False	13-43;60-76;200-206;221-240	4	0	False		False	13-43;60-76;200-206;221-240	4	0	False		False	6-50;58-78;198-214;217-244	4	0	False		False	6-50;58-78;198-208;221-241	canonical	canon_disagree
A0A951QSM4	ref_PmTYR	0.549	83.0	126.0	288.0	329.0	448	4	True	41.0	a3/a4	10.24	4	0	False		False	76-88;123-139;285-292;324-341	4	0	False		False	76-88;123-139;285-292;324-341	4	0	False		False	69-91;121-141;283-294;311-343	4	0	False		False	69-88;121-141;283-294;324-343	canonical	canon_disagree
A0A9D3ZN96							93	0	False				0	4	False		False	;;;	0	4	False		False	;;;	0	4	False		False	;;;	0	4	False		False	;;;	discard	discard_nohit
A0A9D4DW49	ref_PmTYR	0.247	147.0	164.0	274.0	301.0	933	4	True	17.0	a1/a2	9.38	4	0	False		False	122-153;161-177;271-281;296-318	4	0	False		False	122-153;161-177;271-281;296-318	3	0	True	a3/a4	False	115-155;159-179;255-327;255-327	4	0	False		False	115-154;159-179;265-282;295-317	noncanonical	noncanon_lowqtm
A0A9N9YBG4	ref_PmTYR	0.474	118.0	135.0	296.0	323.0	393	4	True	17.0	a1/a2	9.31	4	0	False		False	111-122;132-150;296-305;319-338	4	0	False		False	111-125;132-150;296-305;319-338	3	0	True	a1/a2	False	109-152;109-152;294-313;317-342	4	0	False		False	109-126;130-152;294-304;318-341	canonical	canon_rand
A0A9P1GZG9	ref_PmTYR	0.208	669.0	686.0	807.0	830.0	963	3	False	17.0	a1/a2	8.86	4	0	False		False	662-674;683-700;792-809;826-839	4	0	False		False	662-674;683-700;792-809;826-839	4	0	False		False	660-677;681-703;790-820;824-842	4	0	False		False	660-677;681-700;790-811;825-842	noncanonical	noncanon_lowqtm
A0A9P4VWI8							323	0	False				0	4	False		False	;;;	0	4	False		False	;;;	0	4	False		False	;;;	0	4	False		False	;;;	discard	discard_fulllen
A0A9P5BEY1	ref_1BT3_Ibatatas	0.179	477.0	490.0	593.0	619.0	687	3	False	13.0	a1/a2	9.18	4	0	False		False	452-479;487-503;582-601;612-638	4	0	False		False	452-479;487-503;582-601;609-638	3	0	True	a3/a4	False	450-481;485-505;580-640;580-640	3	0	True	a3/a4	False	450-481;485-505;580-639;580-639	discard	noncanon_lowqtm
A0A9P6EI08							75	0	False				0	4	False		False	;;;	0	4	False		False	;;;	0	4	False		False	;;;	0	4	False		False	;;;	discard	discard_nohit
A0A9P8RKW4	ref_PmTYR	0.626	158.0	161.0	142.0	163.0	193	2	False	2.0	a2/a4	5.38	2	0	True	a1/a2;a1/a4;a2/a4	True	159-191;159-191;139-144;159-191	2	0	True	a1/a2;a1/a4;a2/a4	True	159-191;159-191;139-144;159-191	1	0	True	a1/a2;a1/a3;a1/a4;a2/a3;a2/a4;a3/a4	True	136-193;136-193;136-193;136-193	2	0	True	a1/a2;a1/a4;a2/a4	True	158-193;158-193;136-152;158-193	discard	discard_partial
A0A9P8S5Z4	ref_PmTYR	0.197	98.0	256.0	232.0	253.0	866	1	False	3.0	a2/a4	5.55	2	1	True	a2/a4	True	;247-256;217-234;247-256	2	1	True	a2/a4	True	;247-256;217-234;247-256	3	0	True	a2/a4	True	58-98;244-258;215-241;244-258	3	0	True	a2/a4	True	89-98;247-258;215-236;247-258	discard	noncanon_lowqtm
A0A9P8VVJ8	ref_PmTYR	0.583	79.0	96.0	257.0	283.0	363	3	False	17.0	a1/a2	10.32	4	0	False		False	72-83;93-113;253-260;279-303	4	0	False		False	72-86;93-113;253-260;279-303	3	0	True	a1/a2	False	70-115;70-115;246-262;277-305	4	0	False		False	70-87;91-115;246-261;277-304	noncanonical	noncanon_rand
A0A9P9BK36	ref_PmTYR	0.519	88.0	105.0	259.0	285.0	361	4	True	17.0	a1/a2	9.49	4	0	False		False	81-92;102-119;256-262;280-297	4	0	False		False	81-92;102-119;256-262;280-297	4	0	False		False	79-96;100-122;248-264;267-299	3	1	False		False	79-96;100-122;;280-298	canonical	canon_disagree
A0A9P9ITJ2	ref_2Y9W_Abisporus	0.511	114.0	148.0	320.0	348.0	606	3	False	28.0	a3/a4	8.26	3	1	False		False	;145-168;317-325;343-361	3	1	False		False	;145-168;317-325;343-361	3	1	False		False	;143-170;299-331;334-363	3	1	False		False	;143-170;299-327;342-362	canonical	canon_disagree
A0A9P9XJ46	ref_PmTYR	0.567	2.0	19.0	175.0	201.0	264	2	False	17.0	a1/a2	9.31	3	1	False		False	;16-33;171-177;196-220	3	1	False		False	;16-33;171-177;196-220	4	0	False		False	1-11;14-36;164-179;183-223	4	0	False		False	1-10;14-33;170-179;196-219	discard	noncanon_rand
A0A9Q9XXG6	ref_PmTYR	0.467	187.0	218.0	371.0	424.0	545	4	True	31.0	a1/a2	8.94	3	1	False		False	180-190;215-233;368-373;	3	1	False		False	180-190;215-233;368-373;	4	0	False		False	178-192;213-235;366-385;424-442	4	0	False		False	178-192;213-235;366-375;424-442	canonical	canon_disagree
A0A9W4RJ00	ref_PmTYR	0.567	86.0	105.0	227.0	250.0	313	2	False	19.0	a1/a2	10.19	4	0	False		False	79-96;106-119;212-229;245-270	4	0	False		False	79-96;106-119;212-229;245-270	3	0	True	a3/a4	False	77-98;104-121;210-272;210-272	4	0	False		False	77-97;104-121;210-235;244-271	noncanonical	noncanon_rand
A0A9W4XKP6	ref_2Y9W_Abisporus	0.453	138.0	171.0	358.0	383.0	692	4	True	25.0	a3/a4	10.0	3	1	False		False	;168-179;351-362;378-396	3	1	False		False	;168-179;351-362;378-396	3	0	True	a3/a4	False	136-140;161-181;349-398;349-398	4	0	False		False	136-140;166-180;349-363;377-397	canonical	canon_disagree
A0A9W6BT77	ref_2Y9W_Abisporus	0.244	131.0	158.0	305.0	328.0	926	4	True	23.0	a3/a4	10.17	4	0	False		False	124-132;155-175;298-315;323-345	4	0	False		False	124-132;155-175;298-318;323-345	3	0	True	a3/a4	False	122-136;153-177;288-363;288-363	4	0	False		False	122-130;153-177;297-318;323-346	canonical	noncanon_lowqtm
A0A9W8XU64	ref_PmTYR	0.447	113.0	130.0	321.0	345.0	377	4	True	17.0	a1/a2	9.16	4	0	False		False	106-118;127-133;317-324;342-357	4	0	False		False	106-120;127-133;317-324;342-357	3	0	True	a1/a2	False	104-135;104-135;298-338;340-369	4	0	False		False	104-121;125-135;298-325;340-369	canonical	canon_disagree
A0A9W8XWX0	ref_2Y9W_Abisporus	0.404	106.0	136.0	316.0	344.0	784	4	True	28.0	a3/a4	8.14	3	1	False		False	100-106;133-156;313-323;	3	1	False		False	100-106;133-156;313-323;	3	0	True	a3/a4	False	98-108;131-158;307-344;307-344	4	0	False		False	98-108;131-158;307-322;339-344	canonical	canon_disagree
A0A9W9HKK0	ref_2Y9W_Abisporus	0.35	97.0	128.0	331.0	356.0	841	3	False	25.0	a3/a4	9.97	3	1	False		False	;125-148;324-333;352-369	3	1	False		False	;125-148;324-333;352-369	2	1	True	a3/a4	False	;123-167;316-371;316-371	3	1	False		False	;123-150;322-335;350-370	canonical	canon_disagree
A0A9X8E272	ref_1JS8_squid	0.192	364.0	382.0	502.0	531.0	786	2	False	18.0	a1/a2	10.64	4	0	False		False	339-364;379-395;503-514;522-549	4	0	False		False	339-364;379-395;503-514;522-549	3	0	True	a1/a2	False	332-401;332-401;501-516;520-551	4	0	False		False	332-375;377-401;501-509;522-551	discard	noncanon_lowqtm
A0AA43QLN8	ref_PmTYR	0.621	104.0	124.0	249.0	276.0	341	4	True	20.0	a1/a2	9.14	4	0	False		False	97-109;121-138;239-256;271-289	4	0	False		False	97-109;121-138;239-256;271-289	4	0	False		False	95-111;119-141;237-263;267-296	4	0	False		False	95-110;119-137;237-257;270-290	noncanonical	noncanon_rand
A0AA89AGQ4	ref_1BT3_Ibatatas	0.557	189.0	219.0	345.0	375.0	596	4	True	30.0	a1/a2	8.84	4	0	False		False	183-193;216-234;336-347;370-387	4	0	False		False	183-193;216-234;336-347;370-387	4	0	False		False	181-195;214-236;334-349;353-393	4	0	False		False	181-195;214-236;334-349;369-388	canonical	canon_rand
A0AAD3N9Q8	ref_PmTYR	0.238	265.0	282.0	308.0	305.0	345	2	False	3.0	a3/a4	9.29	2	2	False		False	239-267;277-296;;	2	2	False		False	239-267;275-296;;	3	1	False		False	232-269;271-298;307-345;	3	1	False		False	232-268;274-297;308-345;	discard	discard_fulllen
A0AAD4KYH8	ref_PmTYR	0.523	85.0	102.0	241.0	284.0	386	4	True	17.0	a1/a2	9.24	4	0	False		False	78-93;99-117;240-247;279-284	4	0	False		False	78-93;99-117;240-247;279-284	3	0	True	a1/a2	False	76-119;76-119;206-255;277-286	4	0	False		False	76-93;97-119;239-254;278-285	canonical	canon_disagree
A0AAD5CAK5	ref_5CE9_Jregia	0.588	132.0	157.0	282.0	312.0	535	2	False	25.0	a1/a2	8.29	3	1	False		False	126-137;;273-284;307-324	3	1	False		False	126-137;;273-284;307-324	4	0	False		False	124-139;157-174;271-286;290-330	4	0	False		False	124-139;157-174;271-286;306-330	noncanonical	noncanon_rand
A0AAD6N3N3	ref_PmTYR	0.5	45.0	62.0	242.0	265.0	335	4	True	17.0	a1/a2	9.34	4	0	False		False	38-49;59-76;238-244;262-283	4	0	False		False	38-52;59-76;238-247;262-283	3	0	True	a1/a2	False	36-79;36-79;236-251;260-285	4	0	False		False	36-53;57-75;236-244;260-283	canonical	canon_rand
A0AAD9KZ40	ref_PmTYR	0.229	204.0	221.0	332.0	354.0	925	4	True	17.0	a1/a2	8.81	4	0	False		False	197-211;218-232;318-334;349-367	4	0	False		False	197-211;218-232;318-334;349-367	4	0	False		False	195-213;216-238;316-342;347-381	4	0	False		False	195-212;216-234;316-341;348-380	noncanonical	noncanon_lowqtm
A0AAE1I5J0	ref_2Y9W_Abisporus	0.479	99.0	132.0	333.0	362.0	651	4	True	29.0	a3/a4	8.14	4	0	False		False	93-99;129-140;330-342;358-375	4	0	False		False	93-99;129-140;330-352;358-375	3	0	True	a3/a4	False	91-101;127-142;328-377;328-377	3	1	False		False	;127-140;328-342;357-376	canonical	canon_disagree
A0AAE8STA2	ref_2Y9W_Abisporus	0.244	607.0	622.0	781.0	804.0	905	4	True	15.0	a1/a2	8.75	4	0	False		False	600-609;619-633;770-791;799-817	4	0	False		False	600-609;619-633;770-794;799-817	3	0	True	a3/a4	False	598-611;617-635;768-819;768-819	4	0	False		False	598-610;617-634;768-794;798-819	noncanonical	noncanon_lowqtm
A0AAI9YQA0	ref_PmTYR	0.21	74.0	91.0	229.0	255.0	944	4	True	17.0	a1/a2	9.43	4	0	False		False	67-82;88-105;218-235;250-274	4	0	False		False	67-82;88-105;218-235;250-274	3	0	True	a1/a2	False	65-108;65-108;216-242;246-277	4	0	False		False	65-82;86-104;216-237;250-273	canonical	noncanon_lowqtm
A0AAJ0BP52	ref_PmTYR	0.571	98.0	115.0	277.0	305.0	379	4	True	17.0	a1/a2	9.35	4	0	False		False	91-102;112-130;277-284;301-317	4	0	False		False	91-105;112-130;277-284;301-317	3	0	True	a1/a2	False	89-132;89-132;275-295;299-326	4	0	False		False	89-106;110-132;275-285;300-318	canonical	canon_rand
A0AAJ0HJU7							146	0	False				0	4	False		False	;;;	0	4	False		False	;;;	0	4	False		False	;;;	0	4	False		False	;;;	discard	discard_nohit
A0AAJ6P9X4	ref_PmTYR	0.637	54.0	99.0	250.0	290.0	387	4	True	40.0	a3/a4	10.23	4	0	False		False	47-58;96-112;246-254;285-303	4	0	False		False	47-58;96-112;246-254;285-303	4	0	False		False	45-60;94-114;244-256;272-305	4	0	False		False	45-59;94-114;245-254;285-305	canonical	canon_disagree
A0AAU9XFP2	ref_PmTYR	0.234	450.0	481.0	188.0	215.0	531	4	True	27.0	a3/a4	8.01	4	0	False		False	443-453;478-480;188-194;212-229	4	0	False		False	443-453;478-480;188-194;212-229	4	0	False		False	441-455;476-487;186-206;210-231	4	0	False		False	441-455;476-482;187-205;210-229	canonical	canon_disagree
A0AAV2DUU7	ref_5CE9_Jregia	0.538	189.0	219.0	348.0	378.0	607	4	True	30.0	a1/a2	8.9	4	0	False		False	183-193;216-234;340-351;373-390	4	0	False		False	183-193;216-234;340-351;373-390	4	0	False		False	181-195;214-236;338-353;356-392	4	0	False		False	181-195;214-236;338-352;372-392	canonical	canon_rand
A0AAV2I325	ref_1JS8_squid	0.29	60.0	87.0	202.0	229.0	867	4	True	27.0	a1/a2	8.75	4	0	False		False	54-61;84-100;188-206;225-245	4	0	False		False	54-61;84-100;188-206;225-245	4	0	False		False	52-65;82-102;186-210;215-248	4	0	False		False	52-61;82-102;186-206;224-247	canonical	noncanon_lowqtm
A0AAV4PYT2	ref_1JS8_squid	0.43	41.0	58.0	95.0	105.0	117	2	False	10.0	a3/a4	11.96	4	0	False		False	34-46;52-71;90-95;99-105	4	0	False		False	34-46;52-71;90-95;99-105	3	0	True	a3/a4	False	32-48;50-73;88-117;88-117	3	0	True	a3/a4	False	32-48;50-73;89-116;89-116	discard	noncanon_rand
A0AAV9NER1	ref_2Y9W_Abisporus	0.491	194.0	11.0	178.0	203.0	508	3	False	9.0	a1/a4	9.66	4	0	False		False	192-193;8-31;171-182;198-216	4	0	False		False	192-193;8-31;171-182;198-216	2	0	True	a1/a3;a1/a4;a3/a4	True	169-218;6-48;169-218;169-218	4	0	False		False	189-193;6-48;169-183;198-217	discard	discard_fulllen
A0AAW0DL74	ref_PmTYR	0.567	2.0	15.0	170.0	197.0	264	3	False	13.0	a1/a2	10.64	4	0	False		False	3-5;12-29;170-179;192-215	4	0	False		False	3-5;12-29;170-179;192-215	4	0	False		False	1-7;10-42;168-187;190-217	4	0	False		False	1-6;10-39;169-183;191-216	discard	discard_fulllen
A0AAW1BHH7	ref_PmTYR	0.411	197.0	228.0	419.0	468.0	581	4	True	31.0	a1/a2	9.39	3	1	False		False	190-200;224-233;420-425;	3	1	False		False	190-200;224-233;420-425;	4	0	False		False	188-202;222-240;418-443;468-483	4	0	False		False	188-202;223-235;418-427;468-482	canonical	canon_disagree
A0AAX6MY24	ref_2Y9W_Abisporus	0.397	77.0	110.0	332.0	373.0	741	4	True	33.0	a1/a2	9.02	4	0	False		False	71-77;107-130;329-339;368-372	4	0	False		False	71-77;107-130;329-339;368-372	4	0	False		False	69-79;100-147;327-341;355-374	2	2	False		False	;105-130;327-339;	canonical	canon_disagree
A0AB40C3A0	ref_5CE9_Jregia	0.499	184.0	205.0	73.0	274.0	334	2	False	21.0	a1/a2	9.55	4	0	False		False	178-183;202-220;55-78;265-289	4	0	False		False	178-183;202-220;55-78;265-289	4	0	False		False	176-185;190-222;53-80;256-293	4	0	False		False	176-185;200-222;55-80;263-293	noncanonical	discard_fulllen
A0ABD0JLY9	ref_1JS8_squid	0.28	92.0	256.0	229.0	255.0	534	2	False	1.0	a2/a4	3.83	3	0	True	a2/a4	True	89-105;251-276;215-233;251-276	3	0	True	a2/a4	True	89-105;251-276;215-233;251-276	3	0	True	a2/a4	True	87-109;242-278;213-240;242-278	3	0	True	a2/a4	True	87-109;250-278;213-233;250-278	discard	noncanon_rand
A0ABD1H9L5	ref_5CE9_Jregia	0.424	47.0	59.0	29.0	59.0	274	1	False	0.0	a2/a4	0.0	3	0	True	a2/a4	True	48-49;54-70;20-31;54-70	3	0	True	a2/a4	True	48-49;54-70;20-31;54-70	2	0	True	a1/a2;a1/a4;a2/a4	True	37-72;37-72;18-33;37-72	3	0	True	a2/a4	True	37-49;54-72;18-33;54-72	discard	discard_fulllen
A0ABD3GZG7	ref_1BT3_Ibatatas	0.687	112.0	118.0	249.0	272.0	345	3	False	6.0	a1/a2	6.77	3	1	False		False	106-115;;240-251;268-285	3	1	False		False	106-115;;240-251;268-285	2	0	True	a1/a2;a3/a4	False	104-117;104-117;238-287;238-287	3	1	False		False	104-116;;238-262;267-285	discard	discard_fulllen
A0ABM1B806	ref_PmTYR	0.249	603.0	620.0	731.0	753.0	902	4	True	17.0	a1/a2	9.44	4	0	False		False	595-610;615-633;717-733;748-766	4	0	False		False	595-610;615-633;717-733;748-766	2	0	True	a1/a2;a3/a4	False	568-635;568-635;715-781;715-781	3	0	True	a1/a2	False	594-635;594-635;715-740;747-774	noncanonical	noncanon_lowqtm
A0ABP0NNP7	ref_2Y9W_Abisporus	0.252	276.0	294.0	417.0	440.0	895	4	True	18.0	a1/a2	9.35	3	1	False		False	;291-311;410-422;436-472	3	1	False		False	;291-311;410-422;436-472	3	0	True	a3/a4	False	267-276;289-313;393-474;393-474	4	0	False		False	267-275;289-313;403-430;434-474	canonical	noncanon_lowqtm
A0ABQ0EZ56	ref_PmTYR	0.407	180.0	211.0	363.0	390.0	611	4	True	27.0	a3/a4	8.17	4	0	False		False	173-183;208-226;364-370;385-393	4	0	False		False	173-183;208-226;364-370;385-393	4	0	False		False	171-185;206-228;362-381;383-395	4	0	False		False	171-185;206-228;362-371;384-395	canonical	canon_disagree
A0ABQ6NDG7	ref_2Y9W_Abisporus	0.246	307.0	325.0	446.0	469.0	927	4	True	18.0	a1/a2	9.36	4	0	False		False	300-306;322-342;439-448;464-482	4	0	False		False	300-306;322-342;439-448;464-482	3	0	True	a3/a4	False	269-308;320-344;437-501;437-501	4	0	False		False	293-306;320-344;438-459;463-483	canonical	noncanon_lowqtm
A0ABQ9EAQ1	ref_PmTYR	0.308	131.0	183.0	117.0	140.0	507	2	False	9.0	a1/a4	9.89	2	2	False		False	;;110-119;135-157	2	2	False		False	;;110-119;135-157	2	0	True	a1/a3;a1/a4;a3/a4	True	104-159;177-198;104-159;104-159	3	1	False		False	;184-197;108-121;134-159	discard	discard_fulllen
A0ABQ9R743	ref_PmTYR	0.192	74.0	91.0	233.0	255.0	919	3	False	17.0	a1/a2	9.23	3	1	False		False	67-81;88-105;218-235;	3	1	False		False	67-81;88-105;218-235;	4	0	False		False	65-83;86-108;216-242;244-257	3	1	False		False	65-82;86-108;216-237;	discard	discard_fulllen
A0ABR1D605	ref_2Y9W_Abisporus	0.092	35.0	64.0	97.0	120.0	857	2	False	23.0	a3/a4	10.71	4	0	False		False	28-44;64-70;90-99;115-134	4	0	False		False	28-44;64-70;90-99;115-134	3	0	True	a3/a4	False	26-59;62-72;88-143;88-143	4	0	False		False	26-53;62-72;88-110;114-142	discard	noncanon_lowqtm
A0ABR1D606	ref_1JS8_squid	0.09	108.0	62.0	93.0	120.0	907	2	False	12.0	a1/a4	15.08	4	0	False		False	109-110;57-70;90-99;115-134	4	0	False		False	109-110;57-70;90-99;115-134	2	0	True	a1/a3;a1/a4;a3/a4	True	88-143;55-72;88-143;88-143	4	0	False		False	106-110;58-72;88-101;114-142	discard	noncanon_lowqtm
A0ABR1D6Z8	ref_PmTYR	0.051	72.0	33.0	18.0	33.0	490	0	False	0.0	a2/a4	0.0	3	0	True	a2/a4	True	68-73;28-47;12-20;28-47	3	0	True	a2/a4	True	68-73;28-47;12-23;28-47	2	0	True	a2/a3;a2/a4;a3/a4	True	61-75;2-57;2-57;2-57	3	0	True	a2/a4	True	61-74;26-57;11-19;26-57	discard	discard_fulllen
A0ABR1JDV0	ref_PmTYR	0.221	637.0	654.0	805.0	827.0	848	3	False	17.0	a1/a2	9.24	4	0	False		False	630-644;651-668;801-808;828-846	4	0	False		False	630-644;651-668;801-808;828-846	4	0	False		False	628-646;649-671;799-823;825-848	4	0	False		False	628-645;649-668;799-814;828-848	noncanonical	noncanon_lowqtm
A0ABR1NRA3	ref_PmTYR	0.556	178.0	9.0	167.0	190.0	260	3	False	11.0	a1/a3	11.54	3	1	False		False	;6-24;162-172;185-208	3	1	False		False	;6-24;162-172;185-208	2	0	True	a1/a3;a1/a4;a3/a4	True	148-210;4-26;148-210;148-210	3	1	False		False	;4-23;161-175;185-208	discard	discard_fulllen
A0ABR1QSH5	ref_PmTYR	0.517	108.0	124.0	288.0	316.0	386	3	False	16.0	a1/a2	11.58	4	0	False		False	109-114;121-138;288-294;312-332	4	0	False		False	109-114;121-138;288-294;312-332	2	0	True	a1/a2;a3/a4	False	107-141;107-141;286-335;286-335	3	1	False		False	;119-141;286-294;311-335	noncanonical	discard_fulllen
A0ABR1V3M9	ref_PmTYR	0.558	88.0	105.0	265.0	289.0	336	2	False	17.0	a1/a2	9.43	4	0	False		False	81-96;102-119;248-267;284-293	4	0	False		False	81-96;102-119;248-267;284-293	3	0	True	a1/a2	False	79-122;79-122;246-269;271-296	4	0	False		False	79-96;100-122;246-269;285-296	noncanonical	noncanon_rand
A0ABR3QRF7	ref_2Y9W_Abisporus	0.411	106.0	136.0	308.0	336.0	773	4	True	28.0	a3/a4	8.41	4	0	False		False	100-106;133-156;305-316;331-335	4	0	False		False	100-106;133-156;305-326;331-335	3	0	True	a3/a4	False	98-108;131-158;288-337;288-337	4	0	False		False	98-108;131-158;299-315;330-337	canonical	canon_disagree
A0ABR3R320	ref_2Y9W_Abisporus	0.586	54.0	63.0	41.0	63.0	133	2	False	0.0	a2/a4	0.0	3	0	True	a2/a4	True	52-53;58-83;26-43;58-83	3	0	True	a2/a4	True	52-53;58-83;26-43;58-83	1	0	True	a1/a2;a1/a3;a1/a4;a2/a3;a2/a4;a3/a4	True	24-85;24-85;24-85;24-85	2	1	True	a2/a4	True	;58-84;24-45;58-84	discard	discard_partial
A0ABR4L8V8	ref_PmTYR	0.223	53.0	70.0	215.0	228.0	733	2	False	13.0	a3/a4	9.33	4	0	False		False	46-60;67-85;200-217;225-233	4	0	False		False	46-60;67-85;200-217;225-233	3	0	True	a1/a2	False	44-87;44-87;198-219;223-247	4	0	False		False	44-60;65-87;198-219;223-234	noncanonical	noncanon_lowqtm
A0ABR4PYK1	ref_2Y9W_Abisporus	0.386	67.0	69.0	271.0	306.0	652	2	False	2.0	a1/a2	5.88	2	2	False		False	;;264-275;301-319	2	2	False		False	;;264-275;301-319	3	1	False		False	59-67;;262-282;294-321	3	1	False		False	59-67;;262-275;301-320	discard	discard_fulllen
A0ABR8DNS8	ref_PmTYR	0.584	94.0	126.0	276.0	315.0	414	4	True	32.0	a1/a2	9.34	4	0	False		False	87-98;123-139;273-280;311-328	4	0	False		False	87-98;123-139;273-280;311-328	4	0	False		False	85-100;121-141;271-282;309-337	4	0	False		False	85-100;121-141;271-280;310-331	canonical	canon_disagree
A0ABR8F8G4	ref_PmTYR	0.591	95.0	127.0	277.0	316.0	407	4	True	32.0	a1/a2	9.27	4	0	False		False	88-99;124-140;274-281;312-329	4	0	False		False	88-99;124-140;274-281;312-329	4	0	False		False	86-101;122-142;272-283;310-332	4	0	False		False	86-100;122-142;272-281;311-332	canonical	canon_disagree
A0ABR8I9V9	ref_PmTYR	0.591	95.0	127.0	277.0	316.0	407	4	True	32.0	a1/a2	9.27	4	0	False		False	88-99;124-140;274-281;312-329	4	0	False		False	88-99;124-140;274-281;312-329	4	0	False		False	86-101;122-142;272-283;310-332	4	0	False		False	86-100;122-142;272-281;311-332	canonical	canon_disagree
A0ABR8K2N4	ref_PmTYR	0.58	95.0	127.0	278.0	317.0	416	4	True	32.0	a1/a2	9.27	4	0	False		False	88-99;124-140;275-282;312-329	4	0	False		False	88-99;124-140;275-282;312-329	4	0	False		False	86-101;122-142;273-284;299-331	4	0	False		False	86-101;122-142;273-282;312-331	canonical	canon_disagree
A0ABR9U2C3	ref_PmTYR	0.536	95.0	127.0	277.0	316.0	453	4	True	32.0	a1/a2	9.31	4	0	False		False	88-99;124-140;274-281;312-329	4	0	False		False	88-99;124-140;274-281;312-329	4	0	False		False	86-101;122-142;272-283;310-332	4	0	False		False	86-101;122-142;272-281;311-332	canonical	canon_disagree
A0ABS8I9C0	ref_PmTYR	0.583	94.0	126.0	276.0	315.0	414	4	True	32.0	a1/a2	9.21	4	0	False		False	87-98;123-139;273-280;311-328	4	0	False		False	87-98;123-139;273-280;311-328	4	0	False		False	85-100;121-141;271-282;309-337	4	0	False		False	85-100;121-141;271-280;310-331	canonical	canon_disagree
A0ABT8C4V6	ref_1JS8_squid	0.382	121.0	140.0	275.0	298.0	510	4	True	19.0	a1/a2	9.63	4	0	False		False	115-120;137-152;268-285;293-312	4	0	False		False	115-120;137-152;268-288;293-312	3	0	True	a3/a4	False	113-123;135-158;266-314;266-314	4	0	False		False	113-120;135-158;266-288;293-314	canonical	canon_disagree
A0ABU3LVZ0	ref_PmTYR	0.623	47.0	77.0	229.0	255.0	356	4	True	26.0	a3/a4	7.87	4	0	False		False	40-51;74-90;230-236;250-272	4	0	False		False	40-51;74-90;230-236;250-272	4	0	False		False	38-53;72-92;228-242;246-274	4	0	False		False	38-53;72-92;228-237;249-274	canonical	canon_disagree
A0ABX1P9S6	ref_PmTYR	0.557	131.0	162.0	313.0	350.0	446	4	True	31.0	a1/a2	9.5	4	0	False		False	124-136;159-175;310-316;345-362	4	0	False		False	124-136;159-175;310-316;345-362	4	0	False		False	122-139;157-177;308-319;332-364	4	0	False		False	122-136;157-177;308-317;345-364	canonical	canon_disagree
A0ABY2RLZ4	ref_1BT3_Ibatatas	0.4	156.0	180.0	293.0	324.0	559	4	True	24.0	a1/a2	9.35	4	0	False		False	150-163;177-198;281-296;319-337	4	0	False		False	150-163;177-198;281-296;319-337	4	0	False		False	148-173;175-200;274-298;306-339	4	0	False		False	148-173;175-199;275-298;319-338	noncanonical	noncanon_rand
A0ABY7ES37	ref_PmTYR	0.249	317.0	316.0	242.0	269.0	779	2	False	1.0	a1/a2	3.82	2	2	False		False	;;239-248;264-283	2	2	False		False	;;239-248;264-283	2	0	True	a1/a2;a3/a4	False	310-319;310-319;237-289;237-289	2	2	False		False	;;237-259;263-289	discard	noncanon_lowqtm
A0ABY7K8H2	ref_PmTYR	0.62	47.0	77.0	229.0	255.0	360	4	True	26.0	a3/a4	7.91	4	0	False		False	40-51;74-90;230-238;250-272	4	0	False		False	40-51;74-90;230-238;250-272	4	0	False		False	38-53;72-92;228-242;246-274	4	0	False		False	38-53;72-92;228-237;250-274	canonical	canon_disagree
A0ACC1M2R8	ref_PmTYR	0.528	72.0	89.0	202.0	228.0	417	4	True	17.0	a1/a2	9.37	4	0	False		False	47-79;86-102;191-208;223-247	4	0	False		False	47-79;86-102;191-208;223-247	4	0	False		False	40-81;84-104;189-216;221-249	4	0	False		False	40-80;84-104;189-215;222-249	canonical	canon_rand
A0ACC3YVP2	ref_PmTYR	0.549	93.0	97.0	254.0	278.0	348	3	False	4.0	a1/a2	8.73	3	1	False		False	;98-111;250-257;274-293	3	1	False		False	;98-111;250-257;274-293	2	1	True	a3/a4	False	;96-114;248-297;248-297	3	1	False		False	;96-110;248-258;273-297	discard	discard_fulllen
A5AZ52	ref_5CE9_Jregia	0.549	190.0	220.0	346.0	375.0	607	4	True	29.0	a3/a4	9.95	4	0	False		False	184-194;217-235;337-349;371-387	4	0	False		False	184-194;217-235;337-349;371-387	4	0	False		False	182-196;215-237;335-351;357-389	4	0	False		False	182-196;215-237;335-350;369-388	canonical	canon_disagree
A6MV23	ref_PmTYR	0.397	116.0	147.0	143.0	147.0	164	2	False	0.0	a2/a4	0.0	2	0	True	a2/a3;a2/a4;a3/a4	True	109-119;143-162;143-162;143-162	2	0	True	a2/a3;a2/a4;a3/a4	True	109-119;143-162;143-162;143-162	2	0	True	a2/a3;a2/a4;a3/a4	True	107-121;135-164;135-164;135-164	2	0	True	a2/a3;a2/a4;a3/a4	True	107-121;135-164;135-164;135-164	discard	discard_partial
A8N4B1	ref_PmTYR	0.208	136.0	153.0	300.0	335.0	951	4	True	17.0	a1/a2	9.67	4	0	False		False	129-140;150-167;296-302;331-349	4	0	False		False	129-140;150-167;296-302;331-349	4	0	False		False	127-144;148-170;276-322;329-353	4	0	False		False	127-144;148-167;289-304;330-353	noncanonical	noncanon_lowqtm
B2IXG2	ref_PmTYR	0.6	95.0	127.0	278.0	317.0	408	4	True	32.0	a1/a2	9.34	4	0	False		False	88-99;124-140;275-281;312-329	4	0	False		False	88-99;124-140;275-281;312-329	4	0	False		False	86-101;122-142;273-284;299-331	4	0	False		False	86-101;122-142;273-282;312-331	canonical	canon_disagree
B2ZB02	ref_PmTYR	1.0	42.0	69.0	204.0	231.0	297	4	True	27.0	a1/a2	9.11	4	0	False		False	17-47;66-82;205-210;227-244	4	0	False		False	17-47;66-82;205-210;227-244	3	0	True	a3/a4	False	10-53;64-84;203-246;203-246	4	0	False		False	10-53;64-84;203-212;225-246	canonical	ctrl_char
B8RHF0	ref_5CE9_Jregia	0.394	122.0	153.0	144.0	153.0	174	2	False	0.0	a2/a4	0.0	2	1	True	a2/a4	True	115-125;150-168;;150-168	2	1	True	a2/a4	True	115-125;150-168;;150-168	3	0	True	a2/a4	True	113-127;148-170;141-145;148-170	3	0	True	a2/a4	True	113-127;148-170;141-145;148-170	discard	discard_partial
B9XQZ3	ref_5CE9_Jregia	0.249	457.0	518.0	622.0	645.0	883	4	True	23.0	a3/a4	10.29	4	0	False		False	451-456;514-533;610-624;640-657	4	0	False		False	451-456;514-533;610-624;640-657	3	0	True	a3/a4	False	449-458;510-535;608-659;608-659	4	0	False		False	449-458;510-535;608-635;639-659	noncanonical	noncanon_lowqtm
D7F7N7	ref_1JS8_squid	0.303	362.0	391.0	83.0	114.0	528	4	True	29.0	a1/a2	8.96	4	0	False		False	356-363;388-404;73-90;109-131	4	0	False		False	356-363;388-404;73-90;109-131	4	0	False		False	354-367;386-406;71-92;100-138	4	0	False		False	354-363;386-406;71-91;108-138	canonical	canon_disagree
E7CLR6	ref_1JS8_squid	0.549	223.0	252.0	88.0	115.0	274	4	True	27.0	a3/a4	10.16	4	0	False		False	198-223;249-265;74-92;110-132	4	0	False		False	198-223;249-265;74-92;110-132	4	0	False		False	191-225;247-267;72-96;101-134	4	0	False		False	191-224;247-267;72-93;109-134	canonical	canon_disagree
F0YI85	ref_PmTYR	0.158	495.0	521.0	659.0	830.0	969	3	False	26.0	a1/a2	7.68	4	0	False		False	493-499;514-531;645-663;828-843	4	0	False		False	493-499;514-531;645-663;828-843	4	0	False		False	491-510;512-533;643-665;820-845	4	0	False		False	491-506;513-533;643-665;821-844	noncanonical	noncanon_lowqtm
G7Z6L5	ref_5CE9_Jregia	0.385	70.0	132.0	259.0	282.0	556	4	True	23.0	a3/a4	10.14	4	0	False		False	64-69;129-147;247-262;278-293	4	0	False		False	64-69;129-147;247-262;278-293	3	0	True	a3/a4	False	62-71;127-149;239-299;239-299	4	0	False		False	62-71;127-149;245-272;277-295	canonical	canon_disagree
H6UT97	ref_PmTYR	0.429	110.0	141.0	168.0	165.0	182	2	False	3.0	a3/a4	9.15	2	2	False		False	103-113;136-156;;	2	2	False		False	103-113;136-156;;	2	2	False		False	101-115;129-158;;	2	2	False		False	101-115;129-158;;	discard	discard_partial
H6UTE2	ref_1BT3_Ibatatas	0.447	110.0	141.0	167.0	165.0	167	2	False	2.0	a3/a4	6.03	2	2	False		False	103-113;138-156;;	2	2	False		False	103-113;138-156;;	2	2	False		False	101-115;136-158;;	2	2	False		False	101-115;136-158;;	discard	discard_partial
H6VYH7	ref_1BT3_Ibatatas	0.416	122.0	153.0	149.0	177.0	177	2	False	4.0	a2/a3	6.19	2	1	True	a2/a3	True	115-125;150-168;150-168;	2	1	True	a2/a3	True	115-125;150-168;150-168;	2	1	True	a2/a3	True	113-127;148-170;148-170;	2	1	True	a2/a3	True	113-127;148-170;148-170;	discard	discard_partial
I1U4K6	ref_5CE9_Jregia	0.549	190.0	220.0	346.0	376.0	610	4	True	30.0	a1/a2	8.89	4	0	False		False	184-194;217-235;337-348;372-389	4	0	False		False	184-194;217-235;337-348;372-389	4	0	False		False	182-196;215-237;335-350;354-391	4	0	False		False	182-196;215-237;335-350;371-390	canonical	canon_disagree
J3UI31	ref_1BT3_Ibatatas	0.422	122.0	153.0	150.0	177.0	177	2	False	3.0	a2/a3	5.42	2	1	True	a2/a3	True	115-125;150-168;150-168;	2	1	True	a2/a3	True	115-125;150-168;150-168;	2	1	True	a2/a3	True	113-127;148-170;148-170;	2	1	True	a2/a3	True	113-127;148-170;148-170;	discard	discard_partial
K1RLR4	ref_PmTYR	0.261	3.0	17.0	132.0	159.0	682	3	False	14.0	a1/a2	10.68	4	0	False		False	3-7;14-30;129-139;154-176	4	0	False		False	3-7;14-30;129-139;154-176	3	0	True	a3/a4	False	1-9;12-32;123-178;123-178	4	0	False		False	1-9;12-32;123-145;153-176	discard	noncanon_lowqtm
K4REL7	ref_PmTYR	0.599	47.0	77.0	229.0	255.0	360	4	True	26.0	a3/a4	7.89	4	0	False		False	40-51;74-90;230-238;250-272	4	0	False		False	40-51;74-90;230-238;250-272	4	0	False		False	38-53;72-92;228-242;246-274	4	0	False		False	38-53;72-92;228-237;249-274	canonical	canon_disagree
K9U0G3	ref_PmTYR	0.593	77.0	108.0	257.0	294.0	414	4	True	31.0	a1/a2	9.53	4	0	False		False	70-82;105-121;254-260;289-306	4	0	False		False	70-82;105-121;254-260;289-306	4	0	False		False	68-85;103-123;252-263;276-308	4	0	False		False	68-82;103-123;252-261;289-308	canonical	canon_disagree
L7JJQ8	ref_2Y9W_Abisporus	0.524	79.0	112.0	273.0	294.0	566	3	False	21.0	a3/a4	10.29	3	1	False		False	73-79;109-132;266-277;	3	1	False		False	73-79;109-132;266-277;	3	1	False		False	71-81;102-149;264-292;	3	1	False		False	71-81;107-134;265-278;	discard	noncanon_rand
L8X5T2	ref_PmTYR	0.422	210.0	227.0	355.0	376.0	437	3	False	17.0	a1/a2	9.07	3	1	False		False	203-218;224-240;340-357;	3	1	False		False	203-218;224-240;340-357;	3	0	True	a1/a2	False	172-242;172-242;338-365;371-420	4	0	False		False	201-218;222-241;338-364;372-405	discard	noncanon_rand
M5C4K8	ref_1JS8_squid	0.099	679.0	678.0	675.0	687.0	758	1	False	1.0	a1/a2	3.84	2	2	False		False	680-681;;;686-704	2	2	False		False	680-681;;;686-704	1	0	True	a1/a2;a1/a3;a1/a4;a2/a3;a2/a4;a3/a4	True	662-715;662-715;662-715;662-715	2	0	True	a1/a2;a1/a3;a2/a3	True	662-681;662-681;662-681;685-715	discard	noncanon_lowqtm
P00440	ref_2Y9W_Abisporus	0.465	67.0	106.0	282.0	307.0	685	4	True	25.0	a3/a4	9.88	4	0	False		False	61-67;103-126;275-286;302-320	4	0	False		False	61-67;103-126;275-286;302-320	3	0	True	a3/a4	False	59-69;101-128;273-322;273-322	4	0	False		False	59-69;101-128;273-287;301-321	canonical	ctrl_char
Q33CJ6	ref_PmTYR	0.684	98.0	128.0	280.0	303.0	366	4	True	23.0	a3/a4	10.22	4	0	False		False	91-101;125-143;277-282;298-317	4	0	False		False	91-101;125-143;277-282;298-317	3	0	True	a3/a4	False	89-103;123-145;275-324;275-324	4	0	False		False	89-103;123-145;275-289;297-319	noncanonical	noncanon_rand
Q3ZI71	ref_5CE9_Jregia	0.404	122.0	153.0	144.0	153.0	177	2	False	0.0	a2/a4	0.0	2	1	True	a2/a4	True	115-125;150-168;;150-168	2	1	True	a2/a4	True	115-125;150-168;;150-168	3	0	True	a2/a4	True	113-127;148-170;141-145;148-170	3	0	True	a2/a4	True	113-127;148-170;141-145;148-170	discard	discard_partial
Q7YWB1	ref_1JS8_squid	0.536	97.0	106.0	75.0	106.0	303	2	False	0.0	a2/a4	0.0	3	0	True	a2/a4	True	95-96;101-123;65-83;101-123	3	0	True	a2/a4	True	95-96;101-123;65-83;101-123	2	0	True	a1/a2;a1/a4;a2/a4	True	92-130;92-130;63-90;92-130	2	0	True	a1/a2;a1/a4;a2/a4	True	92-130;92-130;63-84;92-130	discard	discard_fulllen
Q92396	ref_2Y9W_Abisporus	0.554	67.0	104.0	279.0	304.0	574	4	True	25.0	a3/a4	9.96	4	0	False		False	61-67;101-124;272-283;299-317	4	0	False		False	61-67;101-124;272-283;299-317	3	0	True	a3/a4	False	59-69;99-126;270-319;270-319	4	0	False		False	59-69;99-126;270-284;298-319	canonical	ctrl_char
Q9TWR9							19	0	False				0	4	False		False	;;;	0	4	False		False	;;;	0	4	False		False	;;;	0	4	False		False	;;;	discard	discard_nohit
R1DY80	ref_PmTYR	0.241	173.0	192.0	544.0	566.0	798	4	True	19.0	a1/a2	9.0	4	0	False		False	148-173;189-207;532-546;562-580	4	0	False		False	148-173;189-207;532-546;562-580	2	0	True	a1/a2;a3/a4	False	141-209;141-209;530-582;530-582	4	0	False		False	141-183;187-209;530-548;561-582	canonical	noncanon_lowqtm
X8JAF1							116	0	False				0	4	False		False	;;;	0	4	False		False	;;;	0	4	False		False	;;;	0	4	False		False	;;;	discard	discard_partial
