A0A090CWC0	A0A090CWC0
A0A0C3QVQ1	A0A0C3QVQ1
A0ACC1Q503	A0ACC1Q503
A0ACC4DAN0	A0ACC4DAN0
A0ABY8U111	A0ABY8U111
A0ABY8UPE5	A0ABY8UPE5
A0ACB5SAS9	A0ACB5SAS9
A0ACB7PCI4	A0ACB7PCI4
S3D638	S3D638
S8EQQ2	S8EQQ2
A0A166E746	A0A166E746
A0A166E746	A0A8H6YF55
A0A166E746	A0A8H6YHY9
A0A1J9Q075	A0A1J9Q075
A0A1J9Q075	A0A8H8D6L7
A0A1J9Q075	C1GR79
A0A1J9Q075	C6HJE9
A0A1J9Q075	F0UIE3
A0A1J9Q075	A0A2T2N6M0
A0A1J9Q075	A0A6S6VNJ6
A0A1J9Q075	A0A163FA92
A0A1J9Q075	A0A177DHU3
A0A1J9Q075	A0A1Y2M514
A0A1J9Q075	A0A2W1HE12
A0A1J9Q075	A0A364NH37
A0A1J9Q075	A0A3M7MKX7
A0A1J9Q075	A0A4Q4M0D8
A0A1J9Q075	A0A4Q4NI14
A0A1J9Q075	A0A4Q4PA97
A0A1J9Q075	A0A4Q4QCH3
A0A1J9Q075	A0A6A5RSY7
A0A1J9Q075	A0A6A5VK30
A0A1J9Q075	A0A6A5WB06
A0A1J9Q075	A0A6A5Y6Y8
A0A1J9Q075	A0A6A5ZAH0
A0A1J9Q075	A0A6A6AEL2
A0A1J9Q075	A0A6A6AXD8
A0A1J9Q075	A0A6A6DLH7
A0A1J9Q075	A0A6A6IDS4
A0A1J9Q075	A0A6A6S8L1
A0A1J9Q075	A0A6A6WEL2
A0A1J9Q075	A0A6A6XS33
A0A1J9Q075	A0A6G1K9L2
A0A1J9Q075	A0A7C8M196
A0A1J9Q075	A0A7U2FA14
A0A1J9Q075	A0A8H5ZQ82
A0A1J9Q075	A0A8H7BEA9
A0A1J9Q075	A0A8H7MKD7
A0A1J9Q075	A0A8J2MZQ3
A0A1J9Q075	A0A9P4GH35
A0A1J9Q075	A0A9P4N8G3
A0A1J9Q075	A0A9P4QZW0
A0A1J9Q075	A0A9P4TJU4
A0A1J9Q075	A0A9P9IZ74
A0A1J9Q075	A0A9Q9DV52
A0A1J9Q075	A0A9W4U6X2
A0A1J9Q075	A0AAD4I9I8
A0A1J9Q075	A0AAN6RJL1
A0A1J9Q075	A0ABR3UEC7
A0A1J9Q075	A0ACB6F5N8
A0A1J9Q075	A0ACB6QXY9
A0A1J9Q075	A0ACB6S435
A0A1J9Q075	A0ACC2IJR9
A0A1J9Q075	B2VW57
A0A1J9Q075	E3RZD3
A0A1J9Q075	M2T104
A0A1J9Q075	M2V0Q1
A0A1J9Q075	N4X5S5
A0A1J9Q075	Q0UNZ8
A0A1J9Q075	W6Y702
A0A1J9Q075	W6ZAD4
A0A1J9Q075	W7E6C1
A0A1S8B2L2	A0A1S8B2L2
A0A2C5YFN0	A0A2C5YFN0
A0A2C5YFN0	A0A0B2X1U6
A0A2C5YFN0	A0A0D7AZP4
A0A2C5YFN0	A0A0F8A4E9
A0A2C5YFN0	A0A0J8QZ21
A0A2C5YFN0	A0A2C5XL89
A0A2C5YFN0	A0A2A9PFR7
A0A2C5YFN0	A0A8H4Q5Y0
A0A2C5YFN0	A0A4Y9YWZ0
A0A2C5YFN0	A0A507FAL9
A0A2C5YFN0	A0A6A5VBL3
A0A2C5YFN0	A0A6A5WHX4
A0A2C5YFN0	A0A6A6NPE1
A0A2C5YFN0	A0A8H3G5H2
A0A2C5YFN0	A0A8H4P2T7
A0A2C5YFN0	A0A8H4PWQ3
A0A2C5YFN0	A0A8H4VFC3
A0A2C5YFN0	A0A2C5ZBU4
A0A2C5YFN0	A0A9P4I4W6
A0A2C5YFN0	A0A9P4JTJ6
A0A2C5YFN0	A0A9P4PEI2
A0A2C5YFN0	A0A3M7A968
A0A2C5YFN0	A0A6A5K856
A0A2C5YFN0	M2UAA8
A0A2C5YFN0	A0A9P4VMM4
A0A2C5YFN0	A0A9P8MJP3
A0A2C5YFN0	A0A0B4FP45
A0A2C5YFN0	A0A0B4HCA4
A0A2C5YFN0	A0A0D9P6L9
A0A2C5YFN0	A0A7D5YXM1
A0A2C5YFN0	A0AAD5DZA6
A0A2C5YFN0	A0AAD9ZE16
A0A2C5YFN0	A0A060S6S8
A0A2C5YFN0	A0AAD7TG68
A0A2C5YFN0	A0A0F7ZKL0
A0A2C5YFN0	A0A409YUP4
A0A2C5YFN0	A0A6A6ZN76
A0A2C5YFN0	A0A8H7IRY9
A0A2C5YFN0	A0A9W4XKP6
A0A2C5YFN0	A0AAD9SIJ2
A0A2C5YFN0	A0A9P9H480
A0A2C5YFN0	A0ACB6RVN5
A0A2C5YFN0	A0AAV9VMU8
A0A2C5YFN0	A0ABP0E3V5
A0A2C5YFN0	A0ABQ9S560
A0A2C5YFN0	A0ACA9Q0F8
A0A2C5YFN0	A0ACC2BF89
A0A2C5YFN0	A0ACC2BF43
A0A2C5YFN0	G2XIS8
A0A2C5YFN0	S8DUL4
A0A2C5YFN0	W7HVJ8
A0A2C5YFN0	A0AAN8N233
A0A2N1MNU7	A0A2N1MNU7
A0A2U3E4P9	A0A2U3E4P9
A0A2U3E4P9	A0A086T0Z5
A0A383V433	A0A383V433
A0A409X966	A0A409X966
A0A409X966	A0A409X7S8
A0A436ZMY2	A0A436ZMY2
A0A436ZMY2	A0A6G1MEA1
A0A436ZMY2	A0A7C8K8Z5
A0A436ZMY2	A0A7C8NXU1
A0A436ZMY2	A0A7C8RKC7
A0A436ZMY2	A0AAD6IWI5
A0A436ZMY2	A0AAV9ULA6
A0A436ZMY2	A0AAV9X261
A0A436ZMY2	G1X7Q1
A0A436ZMY2	S7ZZK0
A0A4Q4T9D8	A0A4Q4T9D8
A0A6A6VK76	A0A6A6VK76
A0A6H0XTV7	A0A6H0XTV7
A0A8H4Q7B4	A0A8H4Q7B4
A0A8H4REF5	A0A8H4REF5
A0A8H5B6S5	A0A8H5B6S5
A0A8H5JW57	A0A8H5JW57
A0A8H7NEV0	A0A8H7NEV0
A0A8H7NEV0	A0A0B7K6S2
A0A8H7NEV0	A0A9N9Y616
A0A8H7NEV0	A0AA35MIP6
A0A8H7NEV0	A0ACA9TSJ0
A0A8K0SZ49	A0A8K0SZ49
A0A9N9BBF1	A0A9N9BBF1
A0A9N9LXW2	A0A9N9LXW2
A0A9N9LXW2	A0A010RY59
A0A9N9LXW2	A0A061HFI6
A0A9N9LXW2	A0A383URA9
A0A9N9LXW2	A0A383USX8
A0A9N9LXW2	A0A9W4D5A3
A0A9N9LXW2	A0A9W4DAM0
A0A9N9LXW2	A0A9X9ML42
A0A9N9LXW2	N1J7U8
A0A9N9LXW2	N1J8Z1
A0A9N9LXW2	A0A063BRM1
A0A9N9LXW2	A0A066XSY6
A0A9N9LXW2	A0A1B7XSC0
A0A9N9LXW2	A0A484G3C9
A0A9N9LXW2	A0A4R8Q686
A0A9N9LXW2	A0A4R8TAZ7
A0A9N9LXW2	A0A4T0WKB3
A0A9N9LXW2	A0A5Q4BQM7
A0A9N9LXW2	A0A8H6IV04
A0A9N9LXW2	A0A9P6LG49
A0A9N9LXW2	A0AAD8UX87
A0A9N9LXW2	A0AAD9HKT9
A0A9N9LXW2	A0AAV9TJT0
A0A9N9LXW2	H1UZF3
A0A9N9LXW2	A0A067PHP8
A0A9N9LXW2	A0A067PSS3
A0A9N9LXW2	A0A0B1PD39
A0A9N9LXW2	A0A0C2F903
A0A9N9LXW2	A0A0C2W7D5
A0A9N9LXW2	A0A0C3B6I5
A0A9N9LXW2	A0A0C3ARA1
A0A9N9LXW2	A0A0C3P2N1
A0A9N9LXW2	A0A0C3Q4S8
A0A9N9LXW2	A0A0C3S3B5
A0A9N9LXW2	A0A0C4DX73
A0A9N9LXW2	A0AAE8N2C9
A0A9N9LXW2	A0ABR1TTI1
A0A9N9LXW2	J3NYP8
A0A9N9LXW2	A0A0C9SUN8
A0A9N9LXW2	A0A0D0E695
A0A9N9LXW2	A0A9P5YAQ3
A0A9N9LXW2	A0A0C9T1I0
A0A9N9LXW2	A0A0C9TQW6
A0A9N9LXW2	A0A0C9W5Z2
A0A9N9LXW2	A0A0C9WDK0
A0A9N9LXW2	A0A0C9YP62
A0A9N9LXW2	A0A0D0AL52
A0A9N9LXW2	A0A0D0CBB0
A0A9N9LXW2	A0A0D0AMS9
A0A9N9LXW2	A0A9W9DSJ3
A0A9N9LXW2	A0ABR1JRU1
A0A9N9LXW2	A0A0D2EZH2
A0A9N9LXW2	A0A0D2MIA5
A0A9N9LXW2	A0A067TKM5
A0A9N9LXW2	A0A0C2WNA9
A0A9N9LXW2	A0A0C2X1R3
A0A9N9LXW2	A0A0C2YBV3
A0A9N9LXW2	A0A0C9W3M0
A0A9N9LXW2	A0A0D2N6P1
A0A9N9LXW2	A0A0D2P6I0
A0A9N9LXW2	A0A409Y7Q5
A0A9N9LXW2	A0A5C3M099
A0A9N9LXW2	A0A5C3M124
A0A9N9LXW2	A0A8H4VIV0
A0A9N9LXW2	A0A8H8CFE2
A0A9N9LXW2	A0A9P5NP12
A0A9N9LXW2	A0A9P5NU10
A0A9N9LXW2	A0A9P5YS01
A0A9N9LXW2	A0A9P5YX13
A0A9N9LXW2	A0A9P6ELV7
A0A9N9LXW2	A0A9W8ZZ49
A0A9N9LXW2	A0ACB8GMA1
A0A9N9LXW2	A0ACC0UBD5
A0A9N9LXW2	A7BHQ9
A0A9N9LXW2	D6RL64
A0A9N9LXW2	A0A0D7BEH6
A0A9N9LXW2	A0A0F2MIH6
A0A9N9LXW2	A0A0F7ZWF9
A0A9N9LXW2	A0A0F7ZGR3
A0A9N9LXW2	A0A0G2FLP9
A0A9N9LXW2	A0A0G4KL14
A0A9N9LXW2	A0A0H2RSH5
A0A9N9LXW2	A0A0P7BFC0
A0A9N9LXW2	A0A9P9J9F7
A0A9N9LXW2	A0A0U1M7Z5
A0A9N9LXW2	A0A7H8QP42
A0A9N9LXW2	A0AAD4KK35
A0A9N9LXW2	A0A135RW48
A0A9N9LXW2	A0A136IPD1
A0A9N9LXW2	A0A164PRN3
A0A9N9LXW2	A0A165FWQ7
A0A9N9LXW2	A0A165J5C9
A0A9N9LXW2	A0A167H3K1
A0A9N9LXW2	M5G7D8
A0A9N9LXW2	A0A165TU36
A0A9N9LXW2	A0A166C3P3
A0A9N9LXW2	A0A166CLK7
A0A9N9LXW2	A0A166F1S8
A0A9N9LXW2	A0A166DTU7
A0A9N9LXW2	A0A164RA64
A0A9N9LXW2	A0A166DZ37
A0A9N9LXW2	A0A166DZK8
A0A9N9LXW2	A0A164PTP3
A0A9N9LXW2	A0A166DZM7
A0A9N9LXW2	A0A166EDE1
A0A9N9LXW2	A0A164TCQ0
A0A9N9LXW2	A0A177CUZ4
A0A9N9LXW2	A0A194VQC6
A0A9N9LXW2	A0A194XE82
A0A9N9LXW2	A0A194XN78
A0A9N9LXW2	A0A1B8AGE8
A0A9N9LXW2	A0A010RBA2
A0A9N9LXW2	A0A024SJR1
A0A9N9LXW2	A0A066Y1V3
A0A9N9LXW2	A0A084AV30
A0A9N9LXW2	A0A084QC22
A0A9N9LXW2	A0A0A1T2S7
A0A9N9LXW2	A0A0A1T3I6
A0A9N9LXW2	A0A0A1T9R6
A0A9N9LXW2	A0A0A1TL71
A0A9N9LXW2	A0A0A1V7Z8
A0A9N9LXW2	A0A0A2VDR5
A0A9N9LXW2	A0A0D2XQH2
A0A9N9LXW2	A0A0F7ZHW4
A0A9N9LXW2	A0A0F7ZJT6
A0A9N9LXW2	A0A0F7ZKE7
A0A9N9LXW2	A0A0F7ZRN8
A0A9N9LXW2	A0A0F7ZUV5
A0A9N9LXW2	A0A0F8A039
A0A9N9LXW2	A0A0F8A1R3
A0A9N9LXW2	A0A0F8A4Q7
A0A9N9LXW2	A0A0F8CNX3
A0A9N9LXW2	A0A0F9ZGV2
A0A9N9LXW2	A0A0G4LGJ4
A0A9N9LXW2	A0A0G4M1R8
A0A9N9LXW2	A0A0G4NN18
A0A9N9LXW2	A0A0G4NN28
A0A9N9LXW2	A0A0I9XPQ9
A0A9N9LXW2	A0A0J9UYA5
A0A9N9LXW2	A0A0L0N6W4
A0A9N9LXW2	A0A0M8N0I4
A0A9N9LXW2	A0A0M9F576
A0A9N9LXW2	A0A0P7AZ30
A0A9N9LXW2	A0A0P7B6C2
A0A9N9LXW2	A0A0W7W3G9
A0A9N9LXW2	A0A135TX30
A0A9N9LXW2	A0A151GMN0
A0A9N9LXW2	A0A151GX82
A0A9N9LXW2	A0A161WK35
A0A9N9LXW2	A0A166UER9
A0A9N9LXW2	A0A167GD15
A0A9N9LXW2	A0A167LSW1
A0A9N9LXW2	A0A167PL46
A0A9N9LXW2	A0A167YJN6
A0A9N9LXW2	A0A168D8M7
A0A9N9LXW2	A0A168EW41
A0A9N9LXW2	A0A168F2E9
A0A9N9LXW2	A0A175W227
A0A9N9LXW2	A0A179EWV4
A0A9N9LXW2	A0A179FL78
A0A9N9LXW2	A0A179G2Q4
A0A9N9LXW2	A0A179G9B5
A0A9N9LXW2	A0A179GFV1
A0A9N9LXW2	A0A179HS62
A0A9N9LXW2	A0A179I3R8
A0A9N9LXW2	A0A179IC64
A0A9N9LXW2	A0A1B5KYY4
A0A9N9LXW2	A0A1C3YLW6
A0A9N9LXW2	A0A1G4BFW7
A0A9N9LXW2	A0A1J7JNG9
A0A9N9LXW2	A0A1L7T4C3
A0A9N9LXW2	A0A1L7V6Z6
A0A9N9LXW2	A0A1T3D0U6
A0A9N9LXW2	A0A1Y2DTS3
A0A9N9LXW2	A0A2A9PND3
A0A9N9LXW2	A0A2A9PSU3
A0A9N9LXW2	A0A2C5X0B9
A0A9N9LXW2	A0A2C5XTP8
A0A9N9LXW2	A0A2C5ZDY8
A0A9N9LXW2	A0A2C5ZER1
A0A9N9LXW2	A0A2C5ZMG7
A0A9N9LXW2	A0A2H3ABG1
A0A9N9LXW2	A0A2H3FCN1
A0A9N9LXW2	A0A2H3HNW1
A0A9N9LXW2	A0A2H3T9N0
A0A9N9LXW2	A0A2H4S9K4
A0A9N9LXW2	A0A2H4SUB3
A0A9N9LXW2	A0A2J8BUT4
A0A9N9LXW2	A0A2K0U4G6
A0A9N9LXW2	A0A2K0WTN0
A0A9N9LXW2	A0A2K3Q9Z7
A0A9N9LXW2	A0A2K3QIX3
A0A9N9LXW2	A0A2L2TG36
A0A9N9LXW2	A0A2S7YK00
A0A9N9LXW2	A0A2T3Z3P6
A0A9N9LXW2	A0A2T4AA89
A0A9N9LXW2	A0A2T4BCJ5
A0A9N9LXW2	A0A2T4C3Y5
A0A9N9LXW2	A0A2T4GDH2
A0A9N9LXW2	A0A2U3E384
A0A9N9LXW2	A0A2U3ELX5
A0A9N9LXW2	A0A365N769
A0A9N9LXW2	A0A366S3Z8
A0A9N9LXW2	A0A367KZX2
A0A9N9LXW2	A0A367L6Y1
A0A9N9LXW2	A0A395N712
A0A9N9LXW2	A0A395NG90
A0A9N9LXW2	A0A395ST11
A0A9N9LXW2	A0A395T027
A0A9N9LXW2	A0A3L6NJX0
A0A9N9LXW2	A0A3M2RMQ0
A0A9N9LXW2	A0A3M9Y0Y2
A0A9N9LXW2	A0A3M9Y905
A0A9N9LXW2	A0A3N2PK16
A0A9N9LXW2	A0A420NKD4
A0A9N9LXW2	A0A420Q5H7
A0A9N9LXW2	A0A420YAJ7
A0A9N9LXW2	A0A423VCB8
A0A9N9LXW2	A0A428QVK1
A0A9N9LXW2	A0A428SET3
A0A9N9LXW2	A0A428UK49
A0A9N9LXW2	A0A428V0C8
A0A9N9LXW2	A0A430M2W5
A0A9N9LXW2	A0A444RLS2
A0A9N9LXW2	A0A484G4E7
A0A9N9LXW2	A0A4P7NKP0
A0A9N9LXW2	A0A4Q2VMI5
A0A9N9LXW2	A0A4R8QJK7
A0A9N9LXW2	A0A4R8QMK9
A0A9N9LXW2	A0A4R8TP34
A0A9N9LXW2	A0A4U6XL76
A0A9N9LXW2	A0A507BH76
A0A9N9LXW2	A0A545UYE5
A0A9N9LXW2	A0A545W637
A0A9N9LXW2	A0A559LGD1
A0A9N9LXW2	A0A5C6TKP7
A0A9N9LXW2	A0A5Q4BTC4
A0A9N9LXW2	A0A6P8AU99
A0A9N9LXW2	A0A8E5MJ42
A0A9N9LXW2	A0A8G0LMA0
A0A9N9LXW2	A0A8H3WF76
A0A9N9LXW2	A0A8H4CD88
A0A9N9LXW2	A0A8H4K532
A0A9N9LXW2	A0A8H4KS18
A0A9N9LXW2	A0A8H4LNJ3
A0A9N9LXW2	A0A8H4LT56
A0A9N9LXW2	A0A8H4LY57
A0A9N9LXW2	A0A8H4LYB6
A0A9N9LXW2	A0A8H4PPA2
A0A9N9LXW2	A0A8H4PYJ1
A0A9N9LXW2	A0A8H4QE39
A0A9N9LXW2	A0A8H4U9U3
A0A9N9LXW2	A0A8H4VD00
A0A9N9LXW2	A0A8H4WPP8
A0A9N9LXW2	A0A8H4XKD8
A0A9N9LXW2	A0A8H4ZRI9
A0A9N9LXW2	A0A8H5JP05
A0A9N9LXW2	A0A8H5L5Z4
A0A9N9LXW2	A0A8H5MKJ1
A0A9N9LXW2	A0A8H5N7W5
A0A9N9LXW2	A0A8H5NML4
A0A9N9LXW2	A0A8H5RV81
A0A9N9LXW2	A0A8H5TSQ9
A0A9N9LXW2	A0A8H5U9E2
A0A9N9LXW2	A0A8H5V2R6
A0A9N9LXW2	A0A8H5WWF5
A0A9N9LXW2	A0A8H5Y400
A0A9N9LXW2	A0A8H6DL01
A0A9N9LXW2	A0A8H6KSM3
A0A9N9LXW2	A0A8H6LM81
A0A9N9LXW2	A0A8H6NIR3
A0A9N9LXW2	A0A8I2Z9I3
A0A9N9LXW2	A0A8I2ZUB0
A0A9N9LXW2	A0A8J2NNS2
A0A9N9LXW2	A0A8J5P8T9
A0A9N9LXW2	A0A8J5Q6Q8
A0A9N9LXW2	A0A8J5TY63
A0A9N9LXW2	A0A8K0NK64
A0A9N9LXW2	A0A8K0RSB1
A0A9N9LXW2	A0A8K0SN24
A0A9N9LXW2	A0A8K0SPJ6
A0A9N9LXW2	A0A8K0TFL5
A0A9N9LXW2	A0A8K0TUH1
A0A9N9LXW2	A0A9P4XQ11
A0A9N9LXW2	A0A9P5BHQ5
A0A9N9LXW2	A0A9P5BPD6
A0A9N9LXW2	A0A9P5E4Z0
A0A9N9LXW2	A0A9P5HJQ1
A0A9N9LXW2	A0A9P5L8N8
A0A9N9LXW2	A0A9P6LJW0
A0A9N9LXW2	A0A9P7HB24
A0A9N9LXW2	A0A9P7HHK8
A0A9N9LXW2	A0A9P7MGH4
A0A9N9LXW2	A0A9P7MT28
A0A9N9LXW2	A0A9P7NHH3
A0A9N9LXW2	A0A9P7PXS8
A0A9N9LXW2	A0A9P7QED4
A0A9N9LXW2	A0A9P7UBT7
A0A9N9LXW2	A0A9P8HF99
A0A9N9LXW2	A0A9P8ISW1
A0A9N9LXW2	A0A9P8MNI4
A0A9N9LXW2	A0A9P8MT67
A0A9N9LXW2	A0A9P8N5G2
A0A9N9LXW2	A0A9P8N751
A0A9N9LXW2	A0A9P8SF21
A0A9N9LXW2	A0A9P8SK06
A0A9N9LXW2	A0A9P8TUI9
A0A9N9LXW2	A0A9P8VP55
A0A9N9LXW2	A0A9P8WHC9
A0A9N9LXW2	A0A9P9AAI5
A0A9N9LXW2	A0A9P9AC83
A0A9N9LXW2	A0A9P9DRT6
A0A9N9LXW2	A0A9P9EFC0
A0A9N9LXW2	A0A9P9EP06
A0A9N9LXW2	A0A9P9FH49
A0A9N9LXW2	A0A9P9HQ61
A0A9N9LXW2	A0A9P9IMQ8
A0A9N9LXW2	A0A9P9J5H6
A0A9N9LXW2	A0A9P9J6B9
A0A9N9LXW2	A0A9P9L6M7
A0A9N9LXW2	A0A9P9XGQ0
A0A9N9LXW2	A0A9Q8QDA2
A0A9N9LXW2	A0A9Q8QFE9
A0A9N9LXW2	A0A9Q8QP72
A0A9N9LXW2	A0A9Q8VAJ3
A0A9N9LXW2	A0A9Q8WPZ0
A0A9N9LXW2	A0A9W4W651
A0A9N9LXW2	A0A9W8PNW4
A0A9N9LXW2	A0A9W8QL67
A0A9N9LXW2	A0A9W8RDP3
A0A9N9LXW2	A0A9W8UQ41
A0A9N9LXW2	A0A9W8VKQ3
A0A9N9LXW2	A0A9W9B374
A0A9N9LXW2	A0A9W9BTC6
A0A9N9LXW2	A0AA39GDC6
A0A9N9LXW2	A0AA39L820
A0A9N9LXW2	A0AA39WWK0
A0A9N9LXW2	A0AA39ZJ41
A0A9N9LXW2	A0AA40A1C2
A0A9N9LXW2	A0AA40A5J6
A0A9N9LXW2	A0AA40CI83
A0A9N9LXW2	A0AA40CKN8
A0A9N9LXW2	A0AA40DY47
A0A9N9LXW2	A0AA40EN56
A0A9N9LXW2	A0AA40F7I6
A0A9N9LXW2	A0AA40K261
A0A9N9LXW2	A0AA45AN88
A0A9N9LXW2	A0AAD5RXG2
A0A9N9LXW2	A0AAD8PZ48
A0A9N9LXW2	A0AAD8XIC1
A0A9N9LXW2	A0AAD9EHE8
A0A9N9LXW2	A0AAD9HLY9
A0A9N9LXW2	A0AAD9YI99
A0A9N9LXW2	A0AAE0JZD4
A0A9N9LXW2	A0AAE0K302
A0A9N9LXW2	A0AAE0NMU7
A0A9N9LXW2	A0AAE1M784
A0A9N9LXW2	A0AAE8M9M2
A0A9N9LXW2	A0AAI9TZG4
A0A9N9LXW2	A0AAI9YV88
A0A9N9LXW2	A0AAI9ZSJ9
A0A9N9LXW2	A0AAJ0AGS6
A0A9N9LXW2	A0AAJ0BKJ1
A0A9N9LXW2	A0AAJ0FUT5
A0A9N9LXW2	A0AAJ0MD79
A0A9N9LXW2	A0AAN6CAX8
A0A9N9LXW2	A0AAN6WF69
A0A9N9LXW2	A0AAN6XN70
A0A9N9LXW2	A0AAN7BDF7
A0A9N9LXW2	A0AAV9GYC2
A0A9N9LXW2	A0AAV9HP34
A0A9N9LXW2	A0AAV9T0C6
A0A9N9LXW2	A0AAW0RWB0
A0A9N9LXW2	A0AAW0RYN0
A0A9N9LXW2	A0AAX4ISH2
A0A9N9LXW2	A0ABQ8NMG9
A0A9N9LXW2	A0ABQ8RCX8
A0A9N9LXW2	A0ABQ9Q0R2
A0A9N9LXW2	A0ABQ9RFY5
A0A9N9LXW2	A0ABR0BYX5
A0A9N9LXW2	A0ABR0HD85
A0A9N9LXW2	A0ABR0IA35
A0A9N9LXW2	A0ABR0S857
A0A9N9LXW2	A0ABR1H992
A0A9N9LXW2	A0ABR1HNJ9
A0A9N9LXW2	A0ABR1HRR2
A0A9N9LXW2	A0ABR1IG95
A0A9N9LXW2	A0ABR1PV21
A0A9N9LXW2	A0ABR1UAY0
A0A9N9LXW2	A0ABR1WGA9
A0A9N9LXW2	A0ABR1WZQ3
A0A9N9LXW2	A0ABR2Y1V5
A0A9N9LXW2	A0ABR3YKV9
A0A9N9LXW2	A0ABY0HIJ2
A0A9N9LXW2	A0ABY2GWW1
A0A9N9LXW2	A0ABY6SA48
A0A9N9LXW2	A0ABY6UY83
A0A9N9LXW2	A0ABZ2WML6
A0A9N9LXW2	A0ACC0D7T5
A0A9N9LXW2	A0ACC0RA38
A0A9N9LXW2	A0ACC1MZH6
A0A9N9LXW2	A0ACC1P414
A0A9N9LXW2	A0ACC1R809
A0A9N9LXW2	A0ACC1R8A6
A0A9N9LXW2	A0ACC1RGF0
A0A9N9LXW2	A0ACC3YT05
A0A9N9LXW2	A0ACC4DXW3
A0A9N9LXW2	A0ACD3Z8I2
A0A9N9LXW2	A0ZXZ4
A0A9N9LXW2	B2ARH2
A0A9N9LXW2	C7Z595
A0A9N9LXW2	C9STD4
A0A9N9LXW2	C9SWR4
A0A9N9LXW2	E3QRP6
A0A9N9LXW2	E9DYM0
A0A9N9LXW2	E9EQ45
A0A9N9LXW2	F9FL94
A0A9N9LXW2	G0RC29
A0A9N9LXW2	G2X461
A0A9N9LXW2	G4NB82
A0A9N9LXW2	G9N609
A0A9N9LXW2	G9NHT6
A0A9N9LXW2	I1RYR4
A0A9N9LXW2	J3P088
A0A9N9LXW2	J4UKG1
A0A9N9LXW2	K3VRC0
A0A9N9LXW2	L2G7M8
A0A9N9LXW2	M1W9S5
A0A9N9LXW2	N4UYU1
A0A9N9LXW2	S0DPA1
A0A9N9LXW2	T0KPY1
A0A9N9LXW2	T5ABD2
A0A9N9LXW2	T5ANU5
A0A9N9LXW2	W7M3P7
A0A9N9LXW2	W9ISQ6
A0A9N9LXW2	W9KDI6
A0A9N9LXW2	W9PYD6
A0A9N9LXW2	X0AR38
A0A9N9LXW2	X0B1M4
A0A9N9LXW2	X0CST3
A0A9N9LXW2	X0IJ43
A0A9N9LXW2	X0KV92
A0A9N9LXW2	X0L1X5
A0A9N9LXW2	X0M106
A0A9N9LXW2	A0A1B8AHN9
A0A9N9LXW2	A0A1E1M8A8
A0A9N9LXW2	A0A1E1JS04
A0A9N9LXW2	A0A1E1JSY2
A0A9N9LXW2	A0A1J7K3Z8
A0A9N9LXW2	A0AA38W327
A0A9N9LXW2	A0A1J9RHE1
A0A9N9LXW2	A0A1L7XV02
A0A9N9LXW2	A0A1L9SBJ3
A0A9N9LXW2	A0A1L9V3Y6
A0A9N9LXW2	A0A1M2V476
A0A9N9LXW2	A0A1R3RMB5
A0A9N9LXW2	A0A1V8SKS2
A0A9N9LXW2	A0A1X6N7P5
A0A9N9LXW2	A0A165BB62
A0A9N9LXW2	A0A8H7NZM8
A0A9N9LXW2	M2P7Y1
A0A9N9LXW2	M2QEA0
A0A9N9LXW2	M2R9G9
A0A9N9LXW2	M2RC83
A0A9N9LXW2	A0A1X7RWC6
A0A9N9LXW2	A0A0F4GX97
A0A9N9LXW2	A0A1Y6LLP7
A0A9N9LXW2	A0A2H1GKH5
A0A9N9LXW2	F9XDF3
A0A9N9LXW2	A0A1Y1YGY2
A0A9N9LXW2	A0A6A6W8L4
A0A9N9LXW2	A0A6A6XB01
A0A9N9LXW2	A0A1Y2ELF4
A0A9N9LXW2	A0A1Y6LNC1
A0A9N9LXW2	A0A2H1GNC2
A0A9N9LXW2	A0A225AK64
A0A9N9LXW2	A0A232M3P4
A0A9N9LXW2	A0A232M6A5
A0A9N9LXW2	A0A284RME6
A0A9N9LXW2	A0A0C3LFR5
A0A9N9LXW2	A0A2H3ES32
A0A9N9LXW2	A0A409Y9J2
A0A9N9LXW2	A0A8A5MZC0
A0A9N9LXW2	A0A8H5AS67
A0A9N9LXW2	A0AA39MY69
A0A9N9LXW2	A0AA39PA08
A0A9N9LXW2	A0AAD6S7D4
A0A9N9LXW2	A0AAD7BG56
A0A9N9LXW2	A0AAW0DBD9
A0A9N9LXW2	K5VYQ3
A0A9N9LXW2	Q2TL94
A0A9N9LXW2	Q65Z70
A0A9N9LXW2	A0A286UXH5
A0A9N9LXW2	A0A292PY08
A0A9N9LXW2	A0A3N4IQU1
A0A9N9LXW2	A0A3N4KKJ4
A0A9N9LXW2	A0A7C8QPJ2
A0A9N9LXW2	A0A8H7AB16
A0A9N9LXW2	A0AAV9WTT3
A0A9N9LXW2	A0AAV9XGV3
A0A9N9LXW2	A0ABR3GH88
A0A9N9LXW2	S8AEV1
A0A9N9LXW2	A0A2A9P2X5
A0A9N9LXW2	A0A2A9PJB5
A0A9N9LXW2	A0A2B7YAT8
A0A9N9LXW2	A0A2B7ZTN1
A0A9N9LXW2	A0A0G2ICP6
A0A9N9LXW2	A0A1B7NXV0
A0A9N9LXW2	A0A1D2J845
A0A9N9LXW2	A0A1J9QCX9
A0A9N9LXW2	A0ABM9YGV9
A0A9N9LXW2	C1G969
A0A9N9LXW2	A0A2C5YDY5
A0A9N9LXW2	A0A2D3UX83
A0A9N9LXW2	A0A2G5HVL9
A0A9N9LXW2	A0A2G8RMK1
A0A9N9LXW2	A0A2G8RML5
A0A9N9LXW2	A0A2H1GCI0
A0A9N9LXW2	A0A0F4H1R9
A0A9N9LXW2	A0A1X7RS54
A0A9N9LXW2	A0A1Y6LHS4
A0A9N9LXW2	F9X8L4
A0A9N9LXW2	A0A2H3BYM4
A0A9N9LXW2	A0A2I1CEB6
A0A9N9LXW2	A0A2J6TH09
A0A9N9LXW2	A0A194X431
A0A9N9LXW2	A0A1L7WDN4
A0A9N9LXW2	A0A2J6PPY7
A0A9N9LXW2	A0AAD9T3V8
A0A9N9LXW2	K1XNZ9
A0A9N9LXW2	A0A2L2TR84
A0A9N9LXW2	A0A0M9F0D9
A0A9N9LXW2	A0A1B8AJY6
A0A9N9LXW2	A0A2T4GMU5
A0A9N9LXW2	A0A366QK39
A0A9N9LXW2	A0A395MF38
A0A9N9LXW2	A0A395RTE0
A0A9N9LXW2	A0A4U9EHQ3
A0A9N9LXW2	A0A7S8D418
A0A9N9LXW2	A0A8J2NFA9
A0A9N9LXW2	A0A9W8PN59
A0A9N9LXW2	A0AAN5Z3W8
A0A9N9LXW2	A0ABQ8R046
A0A9N9LXW2	I1RNP4
A0A9N9LXW2	K3VGV2
A0A9N9LXW2	A0A2N3NGK1
A0A9N9LXW2	A0A2S4L8N0
A0A9N9LXW2	A0A2S4PS96
A0A9N9LXW2	A0A2T6ZRN0
A0A9N9LXW2	A0ABR3G4Y0
A0A9N9LXW2	A0A2T6ZRN3
A0A9N9LXW2	A0A292PZ61
A0A9N9LXW2	A0A2V1DQ54
A0A9N9LXW2	A0A2V1EA28
A0A9N9LXW2	A0A2V1EB40
A0A9N9LXW2	A0A6A6VI08
A0A9N9LXW2	A0A2Z6RB52
A0A9N9LXW2	A0A2Z6S775
A0A9N9LXW2	A0A317T4M7
A0A9N9LXW2	A0A3N4KJ40
A0A9N9LXW2	A0A8H6S0L4
A0A9N9LXW2	A0A317WUV6
A0A9N9LXW2	A0A317XE17
A0A9N9LXW2	A0A319DU28
A0A9N9LXW2	A0A364KV05
A0A9N9LXW2	A0A367L4Y1
A0A9N9LXW2	A0A367LE15
A0A9N9LXW2	A0A367LQA1
A0A9N9LXW2	A0A370TGX1
A0A9N9LXW2	A0A370TRN6
A0A9N9LXW2	A0A395MKK6
A0A9N9LXW2	A0A090MKY8
A0A9N9LXW2	A0A366QJY3
A0A9N9LXW2	A0A9W8PIJ9
A0A9N9LXW2	A0A395RW78
A0A9N9LXW2	A0A395MU79
A0A9N9LXW2	A0A8H3VZY2
A0A9N9LXW2	A0A9P8VZR4
A0A9N9LXW2	W9NIJ9
A0A9N9LXW2	A0A397UVF9
A0A9N9LXW2	A0A397W1V4
A0A9N9LXW2	A0A3A3A6Z6
A0A9N9LXW2	A0A3M2R9A4
A0A9N9LXW2	A0A3M2S0U8
A0A9N9LXW2	A0A024S4X8
A0A9N9LXW2	A0A061HSG6
A0A9N9LXW2	A0A066XW40
A0A9N9LXW2	A0A074VIF5
A0A9N9LXW2	A0A074WGJ9
A0A9N9LXW2	A0A074XC75
A0A9N9LXW2	A0A074YPA7
A0A9N9LXW2	A0A084AYI1
A0A9N9LXW2	A0A084QJ67
A0A9N9LXW2	A0A0A1SZ60
A0A9N9LXW2	A0A0B7JMD6
A0A9N9LXW2	A0A0C3H1J4
A0A9N9LXW2	A0A0C3NCS7
A0A9N9LXW2	A0A0C4E313
A0A9N9LXW2	A0A0C9WXQ7
A0A9N9LXW2	A0A0D0CV66
A0A9N9LXW2	A0A0D1YWF9
A0A9N9LXW2	A0A0D1YXH7
A0A9N9LXW2	A0A0D1Z6F1
A0A9N9LXW2	A0A0D1ZZE1
A0A9N9LXW2	A0A0D2BUH7
A0A9N9LXW2	A0A0D2CEU5
A0A9N9LXW2	A0A0D2CK37
A0A9N9LXW2	A0A0D2E0K9
A0A9N9LXW2	A0A0D2KPV7
A0A9N9LXW2	A0A0D2XZ37
A0A9N9LXW2	A0A0D7AWR7
A0A9N9LXW2	A0A0D7BDR1
A0A9N9LXW2	A0A0D7BKM1
A0A9N9LXW2	A0A0F4G447
A0A9N9LXW2	A0A0F4ZJV7
A0A9N9LXW2	A0A0F7ZYT2
A0A9N9LXW2	A0A0F8B351
A0A9N9LXW2	A0A0F9X0I7
A0A9N9LXW2	A0A0G2EWS7
A0A9N9LXW2	A0A0G2FNI6
A0A9N9LXW2	A0A0J9VB39
A0A9N9LXW2	A0A0L0NDW4
A0A9N9LXW2	A0A0N1HAY8
A0A9N9LXW2	A0A135RMZ4
A0A9N9LXW2	A0A135SUC7
A0A9N9LXW2	A0A135SV65
A0A9N9LXW2	A0A136JFC0
A0A9N9LXW2	A0A139GZD1
A0A9N9LXW2	A0A139H2H4
A0A9N9LXW2	A0A139H8Y2
A0A9N9LXW2	A0A139HS50
A0A9N9LXW2	A0A139I0D1
A0A9N9LXW2	A0A139IGI5
A0A9N9LXW2	A0A162KDQ5
A0A9N9LXW2	A0A162Q605
A0A9N9LXW2	A0A163HMT0
A0A9N9LXW2	A0A167EGD5
A0A9N9LXW2	A0A177F584
A0A9N9LXW2	A0A178D5B3
A0A9N9LXW2	A0A179HB00
A0A9N9LXW2	A0A179IBT8
A0A9N9LXW2	A0A194XJ83
A0A9N9LXW2	A0A1B7YV68
A0A9N9LXW2	A0A1C1CL76
A0A9N9LXW2	A0A1C7MJW4
A0A9N9LXW2	A0A1D9PVH8
A0A9N9LXW2	A0A1D9Q0H7
A0A9N9LXW2	A0A1E1JXU9
A0A9N9LXW2	A0A1E1KU53
A0A9N9LXW2	A0A1E1LTR2
A0A9N9LXW2	A0A1E1MFI0
A0A9N9LXW2	A0A1E1MGK4
A0A9N9LXW2	A0A1G4ANR7
A0A9N9LXW2	A0A1J9R915
A0A9N9LXW2	A0A1L7X762
A0A9N9LXW2	A0A1M2VPA5
A0A9N9LXW2	A0A1P8YXV3
A0A9N9LXW2	A0A1Q8S150
A0A9N9LXW2	A0A1T3CJY3
A0A9N9LXW2	A0A1U7LR42
A0A9N9LXW2	A0A1V8SV31
A0A9N9LXW2	A0A1V8T1G2
A0A9N9LXW2	A0A1V8TJ40
A0A9N9LXW2	A0A1W2TDK2
A0A9N9LXW2	A0A1W5CYQ0
A0A9N9LXW2	A0A1X7S7T3
A0A9N9LXW2	A0A1Y1YAL0
A0A9N9LXW2	A0A1Y2E320
A0A9N9LXW2	A0A1Y2J222
A0A9N9LXW2	A0A1Y6M338
A0A9N9LXW2	A0A1Z5SY64
A0A9N9LXW2	A0A1Z5TI13
A0A9N9LXW2	A0A1Z5TUA1
A0A9N9LXW2	A0A218ZEU2
A0A9N9LXW2	A0A286UXE3
A0A9N9LXW2	A0A2C5XK77
A0A9N9LXW2	A0A2C5Y901
A0A9N9LXW2	A0A2D3UP66
A0A9N9LXW2	A0A2D3VEC3
A0A9N9LXW2	A0A2D3VIH6
A0A9N9LXW2	A0A2G5HME4
A0A9N9LXW2	A0A2G5HTG4
A0A9N9LXW2	A0A2G5HTJ1
A0A9N9LXW2	A0A2G5HZV8
A0A9N9LXW2	A0A2H1H541
A0A9N9LXW2	A0A2H2ZLL5
A0A9N9LXW2	A0A2H3H030
A0A9N9LXW2	A0A2H3TKE6
A0A9N9LXW2	A0A2H4SJ54
A0A9N9LXW2	A0A2J6Q9Y4
A0A9N9LXW2	A0A2J6R1Z2
A0A9N9LXW2	A0A2J6SC90
A0A9N9LXW2	A0A2J6SYC9
A0A9N9LXW2	A0A2K0TNJ3
A0A9N9LXW2	A0A2K0WHJ9
A0A9N9LXW2	A0A2K1R0I6
A0A9N9LXW2	A0A2K3QJU1
A0A9N9LXW2	A0A2L2SRY2
A0A9N9LXW2	A0A2N6P261
A0A9N9LXW2	A0A2P4ZJ43
A0A9N9LXW2	A0A2P7ZDQ2
A0A9N9LXW2	A0A2S4KWC6
A0A9N9LXW2	A0A2S6BYK8
A0A9N9LXW2	A0A2S6C936
A0A9N9LXW2	A0A2S6C9X9
A0A9N9LXW2	A0A2S6CE84
A0A9N9LXW2	A0A2S7YNR6
A0A9N9LXW2	A0A2T2NGW5
A0A9N9LXW2	A0A2T3AGW8
A0A9N9LXW2	A0A2T3AQ35
A0A9N9LXW2	A0A2T3YVK6
A0A9N9LXW2	A0A2T4A4G0
A0A9N9LXW2	A0A2T4AZV3
A0A9N9LXW2	A0A2T4BTU8
A0A9N9LXW2	A0A2U3EA21
A0A9N9LXW2	A0A2V1DAS1
A0A9N9LXW2	A0A2V1DL57
A0A9N9LXW2	A0A2V1DQK9
A0A9N9LXW2	A0A370U2Q0
A0A9N9LXW2	A0A371DLX4
A0A9N9LXW2	A0A384J750
A0A9N9LXW2	A0A384JDM9
A0A9N9LXW2	A0A3D8RVU8
A0A9N9LXW2	A0A3D8SGC1
A0A9N9LXW2	A0A3M6WCQ4
A0A9N9LXW2	A0A3M6YK54
A0A9N9LXW2	A0A3M6ZAS1
A0A9N9LXW2	A0A3M7B810
A0A9N9LXW2	A0A3M7B988
A0A9N9LXW2	A0A3M7C5D9
A0A9N9LXW2	A0A3M7CAM1
A0A9N9LXW2	A0A3M7CUY6
A0A9N9LXW2	A0A3M7DD01
A0A9N9LXW2	A0A3M7DES0
A0A9N9LXW2	A0A3M7E5C4
A0A9N9LXW2	A0A3M7E733
A0A9N9LXW2	A0A3M7FH62
A0A9N9LXW2	A0A3M7FWC7
A0A9N9LXW2	A0A3M7GIB3
A0A9N9LXW2	A0A3M7GPD3
A0A9N9LXW2	A0A3M7H687
A0A9N9LXW2	A0A3M7HI73
A0A9N9LXW2	A0A3M7HZE1
A0A9N9LXW2	A0A3M7J445
A0A9N9LXW2	A0A3M7J5F3
A0A9N9LXW2	A0A3M7J601
A0A9N9LXW2	A0A3N4L5Z3
A0A9N9LXW2	A0A409XHT0
A0A9N9LXW2	A0A420HGA6
A0A9N9LXW2	A0A420NFD8
A0A9N9LXW2	A0A420S8X5
A0A9N9LXW2	A0A423X4F6
A0A9N9LXW2	A0A423X630
A0A9N9LXW2	A0A428R260
A0A9N9LXW2	A0A428S2T1
A0A9N9LXW2	A0A428UJ78
A0A9N9LXW2	A0A428UZM7
A0A9N9LXW2	A0A430L3T0
A0A9N9LXW2	A0A436ZMN6
A0A9N9LXW2	A0A437ABU9
A0A9N9LXW2	A0A437ACP0
A0A9N9LXW2	A0A438NFU9
A0A9N9LXW2	A0A439D887
A0A9N9LXW2	A0A4P7N5I7
A0A9N9LXW2	A0A4Q2VQR4
A0A9N9LXW2	A0A4Q9M9G5
A0A9N9LXW2	A0A4Q9NW54
A0A9N9LXW2	A0A4S8QWZ8
A0A9N9LXW2	A0A4S8RGZ2
A0A9N9LXW2	A0A4S8W0R7
A0A9N9LXW2	A0A4S8YNU8
A0A9N9LXW2	A0A4S9A8L7
A0A9N9LXW2	A0A4S9B488
A0A9N9LXW2	A0A4S9EU40
A0A9N9LXW2	A0A4S9LJ79
A0A9N9LXW2	A0A4S9N5M2
A0A9N9LXW2	A0A4S9T9C9
A0A9N9LXW2	A0A4S9UF68
A0A9N9LXW2	A0A4S9XNR5
A0A9N9LXW2	A0A4T0BWY6
A0A9N9LXW2	A0A4T0ERS1
A0A9N9LXW2	A0A4T0WCY6
A0A9N9LXW2	A0A4U0TXH3
A0A9N9LXW2	A0A4U0VJI3
A0A9N9LXW2	A0A4U0VLB1
A0A9N9LXW2	A0A4U0XP94
A0A9N9LXW2	A0A4U0XRL7
A0A9N9LXW2	A0A4U7B2Q7
A0A9N9LXW2	A0A4Y8D4M2
A0A9N9LXW2	A0A4Z0A5G8
A0A9N9LXW2	A0A4Z1EJQ1
A0A9N9LXW2	A0A4Z1F3K6
A0A9N9LXW2	A0A4Z1FC55
A0A9N9LXW2	A0A4Z1G598
A0A9N9LXW2	A0A4Z1HNS4
A0A9N9LXW2	A0A4Z1IM35
A0A9N9LXW2	A0A4Z1IS79
A0A9N9LXW2	A0A4Z1JPW0
A0A9N9LXW2	A0A4Z1K161
A0A9N9LXW2	A0A4Z1KRT8
A0A9N9LXW2	A0A4Z1PBN2
A0A9N9LXW2	A0A507BI78
A0A9N9LXW2	A0A517LRF7
A0A9N9LXW2	A0A553HJG4
A0A9N9LXW2	A0A559KSM7
A0A9N9LXW2	A0A559MLL3
A0A9N9LXW2	A0A5C2SMD7
A0A9N9LXW2	A0A5C3PQI8
A0A9N9LXW2	A0A5C6SIN3
A0A9N9LXW2	A0A5M8PXI5
A0A9N9LXW2	A0A5M9K0A1
A0A9N9LXW2	A0A5M9K4U7
A0A9N9LXW2	A0A5N5DSX3
A0A9N9LXW2	A0A5N6JRN2
A0A9N9LXW2	A0A5N6KF72
A0A9N9LXW2	A0A679EKB9
A0A9N9LXW2	A0A679EKI1
A0A9N9LXW2	A0A679EKP8
A0A9N9LXW2	A0A679FRT0
A0A9N9LXW2	A0A6A4HP64
A0A9N9LXW2	A0A6A5RYQ0
A0A9N9LXW2	A0A6A5TKT5
A0A9N9LXW2	A0A6A5UNM1
A0A9N9LXW2	A0A6A5UQF6
A0A9N9LXW2	A0A6A5X6Q7
A0A9N9LXW2	A0A6A5XFW1
A0A9N9LXW2	A0A6A5Z3S0
A0A9N9LXW2	A0A6A5ZWD5
A0A9N9LXW2	A0A6A6BTK6
A0A9N9LXW2	A0A6A6CD45
A0A9N9LXW2	A0A6A6CLW1
A0A9N9LXW2	A0A6A6DV68
A0A9N9LXW2	A0A6A6F6K8
A0A9N9LXW2	A0A6A6FAF9
A0A9N9LXW2	A0A6A6FIZ2
A0A9N9LXW2	A0A6A6GQR0
A0A9N9LXW2	A0A6A6H9P3
A0A9N9LXW2	A0A6A6HPD6
A0A9N9LXW2	A0A6A6J781
A0A9N9LXW2	A0A6A6JN94
A0A9N9LXW2	A0A6A6PJ23
A0A9N9LXW2	A0A6A6PR78
A0A9N9LXW2	A0A6A6PYD6
A0A9N9LXW2	A0A6A6Q3X4
A0A9N9LXW2	A0A6A6RBJ0
A0A9N9LXW2	A0A6A6S6N2
A0A9N9LXW2	A0A6A6TBA0
A0A9N9LXW2	A0A6A6TPG7
A0A9N9LXW2	A0A6A6VMY9
A0A9N9LXW2	A0A6A6WZP5
A0A9N9LXW2	A0A6A6XJN7
A0A9N9LXW2	A0A6A6XX71
A0A9N9LXW2	A0A6A6Z455
A0A9N9LXW2	A0A6A7BQY5
A0A9N9LXW2	A0A6A7CAG9
A0A9N9LXW2	A0A6G1I2N2
A0A9N9LXW2	A0A6G1JIY4
A0A9N9LXW2	A0A6G1K394
A0A9N9LXW2	A0A6G1KF51
A0A9N9LXW2	A0A6G1KYM2
A0A9N9LXW2	A0A6G1LLW4
A0A9N9LXW2	A0A6G1M9F9
A0A9N9LXW2	A0A6G1MDZ6
A0A9N9LXW2	A0A6H0XMS2
A0A9N9LXW2	A0A6J3LWY9
A0A9N9LXW2	A0A6J3MIN3
A0A9N9LXW2	A0A6P8BBR4
A0A9N9LXW2	A0A7C8J186
A0A9N9LXW2	A0A7C8JBD1
A0A9N9LXW2	A0A7C8KC07
A0A9N9LXW2	A0A7C8KIB9
A0A9N9LXW2	A0A7C8NDC7
A0A9N9LXW2	A0A7C8P2D4
A0A9N9LXW2	A0A7C8P6Q1
A0A9N9LXW2	A0A7C8PUR3
A0A9N9LXW2	A0A7C8Q019
A0A9N9LXW2	A0A7C8QK40
A0A9N9LXW2	A0A7C8QXL5
A0A9N9LXW2	A0A7C8RHI6
A0A9N9LXW2	A0A7C8V1V3
A0A9N9LXW2	A0A7D8YU95
A0A9N9LXW2	A0A7J6JPL9
A0A9N9LXW2	A0A7R6T5J0
A0A9N9LXW2	A0A8A3PKD0
A0A9N9LXW2	A0A8E2DWK1
A0A9N9LXW2	A0A8E2EM46
A0A9N9LXW2	A0A8E2EQ07
A0A9N9LXW2	A0A8E2EXZ3
A0A9N9LXW2	A0A8E2JHT1
A0A9N9LXW2	A0A8G0LIR9
A0A9N9LXW2	A0A8H2E7P9
A0A9N9LXW2	A0A8H2VKB5
A0A9N9LXW2	A0A8H2ZM91
A0A9N9LXW2	A0A8H3EN91
A0A9N9LXW2	A0A8H3URB4
A0A9N9LXW2	A0A8H3VQH7
A0A9N9LXW2	A0A8H3YLS0
A0A9N9LXW2	A0A8H3YNM1
A0A9N9LXW2	A0A8H4IH14
A0A9N9LXW2	A0A8H4JJD2
A0A9N9LXW2	A0A8H4PYE1
A0A9N9LXW2	A0A8H4RVR8
A0A9N9LXW2	A0A8H5ACA7
A0A9N9LXW2	A0A8H5GWW4
A0A9N9LXW2	A0A8H5HXK5
A0A9N9LXW2	A0A8H5NFC4
A0A9N9LXW2	A0A8H5V603
A0A9N9LXW2	A0A8H6B365
A0A9N9LXW2	A0A8H6GJM5
A0A9N9LXW2	A0A8H6JDF9
A0A9N9LXW2	A0A8H6NPF4
A0A9N9LXW2	A0A8H6RFC0
A0A9N9LXW2	A0A8H6RGS3
A0A9N9LXW2	A0A8H6SA99
A0A9N9LXW2	A0A8H6U8S8
A0A9N9LXW2	A0A8H6VFN9
A0A9N9LXW2	A0A8H6YCU9
A0A9N9LXW2	A0A8H7E323
A0A9N9LXW2	A0A8H7E394
A0A9N9LXW2	A0A8H7IPP2
A0A9N9LXW2	A0A8H7IZ83
A0A9N9LXW2	A0A8H7WJ80
A0A9N9LXW2	A0A8H7Y473
A0A9N9LXW2	A0A8H7Y6P0
A0A9N9LXW2	A0A8H7Y728
A0A9N9LXW2	A0A8H8TWB0
A0A9N9LXW2	A0A8J5Q1X9
A0A9N9LXW2	A0A8J5TR18
A0A9N9LXW2	A0A8K0L574
A0A9N9LXW2	A0A8K0NFF9
A0A9N9LXW2	A0A8K0RBX9
A0A9N9LXW2	A0A8K0T2R2
A0A9N9LXW2	A0A8T9B6T2
A0A9N9LXW2	A0A8T9BMA2
A0A9N9LXW2	A0A8T9CG38
A0A9N9LXW2	A0A8T9CIM9
A0A9N9LXW2	A0A9N9KTX2
A0A9N9LXW2	A0A9N9KZZ8
A0A9N9LXW2	A0A9N9M273
A0A9N9LXW2	A0A9N9PV81
A0A9N9LXW2	A0A9N9XWR8
A0A9N9LXW2	A0A9N9YPG7
A0A9N9LXW2	A0A9N9ZGP9
A0A9N9LXW2	A0A9P3C7R6
A0A9N9LXW2	A0A9P3CPX6
A0A9N9LXW2	A0A9P3D0K0
A0A9N9LXW2	A0A9P3FEF3
A0A9N9LXW2	A0A9P4HM55
A0A9N9LXW2	A0A9P4J5B3
A0A9N9LXW2	A0A9P4JF56
A0A9N9LXW2	A0A9P4JHW3
A0A9N9LXW2	A0A9P4M8Q7
A0A9N9LXW2	A0A9P4MYN4
A0A9N9LXW2	A0A9P4NGN5
A0A9N9LXW2	A0A9P4P043
A0A9N9LXW2	A0A9P4QCU2
A0A9N9LXW2	A0A9P4QYU9
A0A9N9LXW2	A0A9P4S3D7
A0A9N9LXW2	A0A9P4T7M4
A0A9N9LXW2	A0A9P4U489
A0A9N9LXW2	A0A9P4UZ88
A0A9N9LXW2	A0A9P4XFK8
A0A9N9LXW2	A0A9P5BW11
A0A9N9LXW2	A0A9P5EZI0
A0A9N9LXW2	A0A9P5HWN2
A0A9N9LXW2	A0A9P5IUD8
A0A9N9LXW2	A0A9P5MS31
A0A9N9LXW2	A0A9P5MS95
A0A9N9LXW2	A0A9P5PV34
A0A9N9LXW2	A0A9P7AYC7
A0A9N9LXW2	A0A9P7KV03
A0A9N9LXW2	A0A9P7PVI4
A0A9N9LXW2	A0A9P7QM48
A0A9N9LXW2	A0A9P7SG79
A0A9N9LXW2	A0A9P7SQ62
A0A9N9LXW2	A0A9P7UK77
A0A9N9LXW2	A0A9P7UN11
A0A9N9LXW2	A0A9P7Z3A8
A0A9N9LXW2	A0A9P8C395
A0A9N9LXW2	A0A9P8C4U3
A0A9N9LXW2	A0A9P8ENH5
A0A9N9LXW2	A0A9P8FQJ9
A0A9N9LXW2	A0A9P8FXF2
A0A9N9LXW2	A0A9P8JAR0
A0A9N9LXW2	A0A9P8KCL2
A0A9N9LXW2	A0A9P8N2E9
A0A9N9LXW2	A0A9P8QKR7
A0A9N9LXW2	A0A9P8YAV9
A0A9N9LXW2	A0A9P9A454
A0A9N9LXW2	A0A9P9DH90
A0A9N9LXW2	A0A9P9GQV0
A0A9N9LXW2	A0A9P9ITJ2
A0A9N9LXW2	A0A9P9KM55
A0A9N9LXW2	A0A9Q5NFF1
A0A9N9LXW2	A0A9Q8URF0
A0A9N9LXW2	A0A9Q8USR0
A0A9N9LXW2	A0A9Q8UVN4
A0A9N9LXW2	A0A9Q8VHK7
A0A9N9LXW2	A0A9Q9AK53
A0A9N9LXW2	A0A9Q9AWR3
A0A9N9LXW2	A0A9Q9AYC8
A0A9N9LXW2	A0A9Q9B2J7
A0A9N9LXW2	A0A9W4D314
A0A9N9LXW2	A0A9W4UAS1
A0A9N9LXW2	A0A9W4XWD3
A0A9N9LXW2	A0A9W7SKI7
A0A9N9LXW2	A0A9W7W359
A0A9N9LXW2	A0A9W8R9U3
A0A9N9LXW2	A0A9W8TMK2
A0A9N9LXW2	A0A9W8TXL8
A0A9N9LXW2	A0A9W8W7V2
A0A9N9LXW2	A0A9W8WAA0
A0A9N9LXW2	A0A9W8X1Z9
A0A9N9LXW2	A0A9W8XTL6
A0A9N9LXW2	A0A9W9DVJ1
A0A9N9LXW2	A0A9W9E8A8
A0A9N9LXW2	A0A9X0AKT3
A0A9N9LXW2	A0A9X0DR84
A0A9N9LXW2	A0A9X9MJ74
A0A9N9LXW2	A0AA38JMF4
A0A9N9LXW2	A0AA38NPT6
A0A9N9LXW2	A0AA38PLT2
A0A9N9LXW2	A0AA38USU6
A0A9N9LXW2	A0AA39JQW3
A0A9N9LXW2	A0AA39P9P0
A0A9N9LXW2	A0AA39QC71
A0A9N9LXW2	A0AA39TCK8
A0A9N9LXW2	A0AA39XPR0
A0A9N9LXW2	A0AA39YX85
A0A9N9LXW2	A0AA39ZGT5
A0A9N9LXW2	A0AA40BCX3
A0A9N9LXW2	A0AA40EZC6
A0A9N9LXW2	A0AA97P016
A0A9N9LXW2	A0AAD4M928
A0A9N9LXW2	A0AAD4QGU7
A0A9N9LXW2	A0AAD5RGJ3
A0A9N9LXW2	A0AAD6J3Z0
A0A9N9LXW2	A0AAD6NJA4
A0A9N9LXW2	A0AAD6NK31
A0A9N9LXW2	A0AAD6SW16
A0A9N9LXW2	A0AAD6UQP4
A0A9N9LXW2	A0AAD7CSE0
A0A9N9LXW2	A0AAD7D1D7
A0A9N9LXW2	A0AAD7EMG0
A0A9N9LXW2	A0AAD7H3E9
A0A9N9LXW2	A0AAD7J5J2
A0A9N9LXW2	A0AAD7JKZ3
A0A9N9LXW2	A0AAD7K2V0
A0A9N9LXW2	A0AAD7MRF3
A0A9N9LXW2	A0AAD7NJT2
A0A9N9LXW2	A0AAD7TEA0
A0A9N9LXW2	A0AAD8QC98
A0A9N9LXW2	A0AAD8UIL4
A0A9N9LXW2	A0AAD9E8H7
A0A9N9LXW2	A0AAD9HEX9
A0A9N9LXW2	A0AAD9W6S7
A0A9N9LXW2	A0AAE0DKH0
A0A9N9LXW2	A0AAE0J5C7
A0A9N9LXW2	A0AAE0K995
A0A9N9LXW2	A0AAE0TRE5
A0A9N9LXW2	A0AAE0TXL8
A0A9N9LXW2	A0AAE0XKL8
A0A9N9LXW2	A0AAE1I5J0
A0A9N9LXW2	A0AAI8YEM3
A0A9N9LXW2	A0AAI9E8J8
A0A9N9LXW2	A0AAI9EAT6
A0A9N9LXW2	A0AAI9ZVP4
A0A9N9LXW2	A0AAJ0ABM2
A0A9N9LXW2	A0AAJ0C8C6
A0A9N9LXW2	A0AAJ0DDL3
A0A9N9LXW2	A0AAJ0DNK8
A0A9N9LXW2	A0AAJ0F2M0
A0A9N9LXW2	A0AAJ0G150
A0A9N9LXW2	A0AAJ0GID0
A0A9N9LXW2	A0AAJ0M8F5
A0A9N9LXW2	A0AAN6FGX5
A0A9N9LXW2	A0AAN6FPX2
A0A9N9LXW2	A0AAN6FYD4
A0A9N9LXW2	A0AAN6IHH2
A0A9N9LXW2	A0AAN6IWZ5
A0A9N9LXW2	A0AAN6J193
A0A9N9LXW2	A0AAN6JBP9
A0A9N9LXW2	A0AAN6KNI5
A0A9N9LXW2	A0AAN6L0X7
A0A9N9LXW2	A0AAN6L1U7
A0A9N9LXW2	A0AAN6LYU1
A0A9N9LXW2	A0AAN6ND86
A0A9N9LXW2	A0AAN6QTW2
A0A9N9LXW2	A0AAN6XK38
A0A9N9LXW2	A0AAN6YXA8
A0A9N9LXW2	A0AAN7BXZ5
A0A9N9LXW2	A0AAN7T7Q9
A0A9N9LXW2	A0AAN7TJK4
A0A9N9LXW2	A0AAN7U326
A0A9N9LXW2	A0AAN7W4P3
A0A9N9LXW2	A0AAN8MLA5
A0A9N9LXW2	A0AAN8MW30
A0A9N9LXW2	A0AAN8MXR9
A0A9N9LXW2	A0AAN8N2L3
A0A9N9LXW2	A0AAN8NZV7
A0A9N9LXW2	A0AAQ3LZL9
A0A9N9LXW2	A0AAQ3M2U8
A0A9N9LXW2	A0AAQ3M852
A0A9N9LXW2	A0AAV9JWE2
A0A9N9LXW2	A0AAV9P1Y4
A0A9N9LXW2	A0AAV9PAA9
A0A9N9LXW2	A0AAV9PFW9
A0A9N9LXW2	A0AAV9QK65
A0A9N9LXW2	A0AAV9UB47
A0A9N9LXW2	A0AAV9UL21
A0A9N9LXW2	A0AAV9V6U2
A0A9N9LXW2	A0AAV9VJN4
A0A9N9LXW2	A0AAV9VLS4
A0A9N9LXW2	A0AAV9VX17
A0A9N9LXW2	A0AAV9WIJ7
A0A9N9LXW2	A0AAV9WSZ8
A0A9N9LXW2	A0AAV9X2B5
A0A9N9LXW2	A0AAV9XET0
A0A9N9LXW2	A0AAV9XJB6
A0A9N9LXW2	A0AAW0CBD3
A0A9N9LXW2	A0AB34G1W5
A0A9N9LXW2	A0AB34KA60
A0A9N9LXW2	A0AB34KKP4
A0A9N9LXW2	A0AB74IRW4
A0A9N9LXW2	A0ABP0B5B5
A0A9N9LXW2	A0ABP0BLZ2
A0A9N9LXW2	A0ABP0CZW6
A0A9N9LXW2	A0ABP0E3D2
A0A9N9LXW2	A0ABQ0CQG5
A0A9N9LXW2	A0ABQ0FYC3
A0A9N9LXW2	A0ABQ0LIA8
A0A9N9LXW2	A0ABQ7I878
A0A9N9LXW2	A0ABQ7IM94
A0A9N9LXW2	A0ABQ7PI35
A0A9N9LXW2	A0ABQ8GMY3
A0A9N9LXW2	A0ABQ8N365
A0A9N9LXW2	A0ABQ8QIG9
A0A9N9LXW2	A0ABQ8VIY5
A0A9N9LXW2	A0ABR0E4C7
A0A9N9LXW2	A0ABR0EWS2
A0A9N9LXW2	A0ABR0FWA2
A0A9N9LXW2	A0ABR0GTZ5
A0A9N9LXW2	A0ABR0HZ80
A0A9N9LXW2	A0ABR0INP8
A0A9N9LXW2	A0ABR0IZ02
A0A9N9LXW2	A0ABR0JYZ3
A0A9N9LXW2	A0ABR0L4W0
A0A9N9LXW2	A0ABR0TRB7
A0A9N9LXW2	A0ABR1KHL9
A0A9N9LXW2	A0ABR1NKN1
A0A9N9LXW2	A0ABR1NU80
A0A9N9LXW2	A0ABR1PNW0
A0A9N9LXW2	A0ABR1SFY0
A0A9N9LXW2	A0ABR1UD57
A0A9N9LXW2	A0ABR1XHF5
A0A9N9LXW2	A0ABR2ZZ01
A0A9N9LXW2	A0ABR3C0X5
A0A9N9LXW2	A0ABR3EPL5
A0A9N9LXW2	A0ABR3PNQ2
A0A9N9LXW2	A0ABR3SXQ6
A0A9N9LXW2	A0ABR3TC55
A0A9N9LXW2	A0ABR3TWR8
A0A9N9LXW2	A0ABR3VXJ2
A0A9N9LXW2	A0ABR3X454
A0A9N9LXW2	A0ABR3YUB8
A0A9N9LXW2	A0ABR3ZI14
A0A9N9LXW2	A0ABR4AJ15
A0A9N9LXW2	A0ABR4B0Y4
A0A9N9LXW2	A0ABR4BMK5
A0A9N9LXW2	A0ABR4BS06
A0A9N9LXW2	A0ABR4CCE3
A0A9N9LXW2	A0ABR4E567
A0A9N9LXW2	A0ABR4F7J8
A0A9N9LXW2	A0ABR4MAT1
A0A9N9LXW2	A0ABY0H2A5
A0A9N9LXW2	A0ABY2H0D1
A0A9N9LXW2	A0ABY6RVL6
A0A9N9LXW2	A0ACA9TFL9
A0A9N9LXW2	A0ACB5RUX0
A0A9N9LXW2	A0ACB6QHH6
A0A9N9LXW2	A0ACB6QIU6
A0A9N9LXW2	A0ACB6RG49
A0A9N9LXW2	A0ACB8H9N0
A0A9N9LXW2	A0ACB8H9U9
A0A9N9LXW2	A0ACB8HA52
A0A9N9LXW2	A0ACB8QLS4
A0A9N9LXW2	A0ACB8RHH7
A0A9N9LXW2	A0ACB8T765
A0A9N9LXW2	A0ACB9ZAH5
A0A9N9LXW2	A0ACC0DM41
A0A9N9LXW2	A0ACC0QMC4
A0A9N9LXW2	A0ACC0QWU4
A0A9N9LXW2	A0ACC0UB63
A0A9N9LXW2	A0ACC0UCN6
A0A9N9LXW2	A0ACC1MLA8
A0A9N9LXW2	A0ACC1RIB5
A0A9N9LXW2	A0ACC1UCT7
A0A9N9LXW2	A0ACC2IC80
A0A9N9LXW2	A0ACC2J9D2
A0A9N9LXW2	A0ACC2JLY7
A0A9N9LXW2	A0ACC3NCC8
A0A9N9LXW2	A0ACC3NFM7
A0A9N9LXW2	A0ACC3NHH7
A0A9N9LXW2	A0ACC3SBR1
A0A9N9LXW2	A0ACC4DBR1
A0A9N9LXW2	A0ACD3Z1I3
A0A9N9LXW2	A0ACD3ZI13
A0A9N9LXW2	A7EHD3
A0A9N9LXW2	A7F6Y4
A0A9N9LXW2	B0DMA1
A0A9N9LXW2	C7YYG0
A0A9N9LXW2	E3QED9
A0A9N9LXW2	F9XKI3
A0A9N9LXW2	F9XNQ6
A0A9N9LXW2	G1XN18
A0A9N9LXW2	G1XN75
A0A9N9LXW2	G2X011
A0A9N9LXW2	G2XXS1
A0A9N9LXW2	G4MTU8
A0A9N9LXW2	H1UXI3
A0A9N9LXW2	H6C7R7
A0A9N9LXW2	J4KM64
A0A9N9LXW2	K2RF87
A0A9N9LXW2	K5UXV0
A0A9N9LXW2	L2G8K6
A0A9N9LXW2	L7IUI4
A0A9N9LXW2	M1W198
A0A9N9LXW2	M2NEU0
A0A9N9LXW2	M3A9A8
A0A9N9LXW2	M3AH24
A0A9N9LXW2	M3AVT3
A0A9N9LXW2	M3C9Q8
A0A9N9LXW2	M3D2V0
A0A9N9LXW2	M7UD60
A0A9N9LXW2	N1J7Q9
A0A9N9LXW2	N1PF89
A0A9N9LXW2	N1PJH7
A0A9N9LXW2	N1PQK2
A0A9N9LXW2	N1PUW0
A0A9N9LXW2	N1S678
A0A9N9LXW2	N4U644
A0A9N9LXW2	Q96TI3
A0A9N9LXW2	R1GBN1
A0A9N9LXW2	R7YPG2
A0A9N9LXW2	S3BZ48
A0A9N9LXW2	S8A895
A0A9N9LXW2	S8AP51
A0A9N9LXW2	S8AXM2
A0A9N9LXW2	S8BXK9
A0A9N9LXW2	S8CE74
A0A9N9LXW2	T5AFN0
A0A9N9LXW2	U1G4R5
A0A9N9LXW2	U1HZ89
A0A9N9LXW2	U7PQY9
A0A9N9LXW2	V9DGU7
A0A9N9LXW2	W2RM76
A0A9N9LXW2	W3WHW9
A0A9N9LXW2	W3XNJ3
A0A9N9LXW2	W7I5U6
A0A9N9LXW2	W7I6I3
A0A9N9LXW2	W7MFI0
A0A9N9LXW2	W9C785
A0A9N9LXW2	W9HXK8
A0A9N9LXW2	W9JY87
A0A9N9LXW2	W9P8N6
A0A9N9LXW2	W9VNH1
A0A9N9LXW2	W9X9Z6
A0A9N9LXW2	W9XMU2
A0A9N9LXW2	W9YGL3
A0A9N9LXW2	X0CLH6
A0A9N9LXW2	X0JEB6
A0A9N9LXW2	X0K8E5
A0A9N9LXW2	X0LZC5
A0A9N9LXW2	A0A3N4HNW1
A0A9N9LXW2	A0A3N4IPE1
A0A9N9LXW2	A0A3N4K8D0
A0A9N9LXW2	A0A3N4LFB6
A0A9N9LXW2	A0A3N4LW77
A0A9N9LXW2	A0A3S4AMG6
A0A9N9LXW2	G2RFH3
A0A9N9LXW2	Q2HEC0
A0A9N9LXW2	A0A409X545
A0A9N9LXW2	A0A420HKD2
A0A9N9LXW2	A0A423VK10
A0A9N9LXW2	A0A423WXH4
A0A9N9LXW2	A0A4Q4NP34
A0A9N9LXW2	A0A2W1HTX3
A0A9N9LXW2	A0A3M7LXG1
A0A9N9LXW2	A0A4Q4MAA6
A0A9N9LXW2	A0A4V1X6P4
A0A9N9LXW2	A0A6A7AGA7
A0A9N9LXW2	A0A6S6WGC4
A0A9N9LXW2	A0A8J2ID19
A0A9N9LXW2	A0A8K0QU28
A0A9N9LXW2	A0A922SX66
A0A9N9LXW2	A0AAD4FIH5
A0A9N9LXW2	A0AB37WR93
A0A9N9LXW2	A0ABR3UFU1
A0A9N9LXW2	A0ABY0FWW0
A0A9N9LXW2	A0ACB6FRC5
A0A9N9LXW2	B2WDF2
A0A9N9LXW2	E3RKW5
A0A9N9LXW2	R0KL62
A0A9N9LXW2	A0A4S2MTZ1
A0A9N9LXW2	A0A4S4KID4
A0A9N9LXW2	A0A4U0V422
A0A9N9LXW2	A0A4V1Q3C6
A0A9N9LXW2	A0A4Y7SAP2
A0A9N9LXW2	A0A4Y7T3P6
A0A9N9LXW2	A0A4V6QED0
A0A9N9LXW2	A0A4Y8D0A4
A0A9N9LXW2	A0A1D9PTG4
A0A9N9LXW2	A0A384JWB2
A0A9N9LXW2	A0A4S8R655
A0A9N9LXW2	A0A4Z1F478
A0A9N9LXW2	A0A4Z1FTN5
A0A9N9LXW2	A0A4Z1GVX3
A0A9N9LXW2	A0A4Z1H969
A0A9N9LXW2	A0A4Z1IMI3
A0A9N9LXW2	A0A4Z1JMX4
A0A9N9LXW2	A0A5M9JH55
A0A9N9LXW2	A0A5N6JSQ9
A0A9N9LXW2	A0A8A3P9S6
A0A9N9LXW2	A0A8H2VS30
A0A9N9LXW2	A0A8H6AHL4
A0A9N9LXW2	A0A9P4Q4R2
A0A9N9LXW2	A0A9P5IXS6
A0A9N9LXW2	A0A9X0DPC2
A0A9N9LXW2	A0ABQ7IXC9
A0A9N9LXW2	A7E8E8
A0A9N9LXW2	G2Y4X7
A0A9N9LXW2	M7URR6
A0A9N9LXW2	W9C6R2
A0A9N9LXW2	A0A4Y9Z7G4
A0A9N9LXW2	A0A4Z1E9P8
A0A9N9LXW2	A0A4Z1GXY5
A0A9N9LXW2	A0A4Z1HN92
A0A9N9LXW2	A0A507EU45
A0A9N9LXW2	A0A559LTH3
A0A9N9LXW2	A0A559M6N5
A0A9N9LXW2	A0A5C6G6T5
A0A9N9LXW2	A0A5J5EI82
A0A9N9LXW2	U4L2I7
A0A9N9LXW2	A0A5M9J5P0
A0A9N9LXW2	A0A5N6JNB3
A0A9N9LXW2	A0A8A3P2H8
A0A9N9LXW2	A0A9X0ASR5
A0A9N9LXW2	W9BZD3
A0A9N9LXW2	A0A5N5D1B5
A0A9N9LXW2	A0A5N5WYK3
A0A9N9LXW2	A0A5N6DCN8
A0A9N9LXW2	A0A5N6UJU5
A0A9N9LXW2	A0A5N6YET4
A0A9N9LXW2	A0A5N6J900
A0A9N9LXW2	A0A698XLH0
A0A9N9LXW2	A0A6A4HHG2
A0A9N9LXW2	A0A6A5R8S8
A0A9N9LXW2	A0A6A5TDN7
A0A9N9LXW2	A0A6A6S3A1
A0A9N9LXW2	A0A9P4TPH8
A0A9N9LXW2	A0A9W4ULZ7
A0A9N9LXW2	A0A6A5WJZ6
A0A9N9LXW2	A0A6A5WT48
A0A9N9LXW2	A0A6A5XGX1
A0A9N9LXW2	A0A6A5Y322
A0A9N9LXW2	A0A6A5YP59
A0A9N9LXW2	A0A6A5Z7L4
A0A9N9LXW2	A0A164RAH3
A0A9N9LXW2	A0A166DTI6
A0A9N9LXW2	A0A6G1GF50
A0A9N9LXW2	A0A6A6D3V8
A0A9N9LXW2	A0A6A6DEK0
A0A9N9LXW2	A0A6A6E2R4
A0A9N9LXW2	A0A6A6I429
A0A9N9LXW2	A0A6A6JR23
A0A9N9LXW2	A0A6A6P8E7
A0A9N9LXW2	A0A6A6PDQ3
A0A9N9LXW2	A0A6A6R1S1
A0A9N9LXW2	A0A6A6RQ29
A0A9N9LXW2	A0A6A6RWM4
A0A9N9LXW2	A0A6A6TZ24
A0A9N9LXW2	A0A6A6UW36
A0A9N9LXW2	A0A6A6VLY7
A0A9N9LXW2	A0A6A6VQH4
A0A9N9LXW2	M3D2B0
A0A9N9LXW2	A0A6A6VZ40
A0A9N9LXW2	A0A6A6WLA0
A0A9N9LXW2	A0A6A6X999
A0A9N9LXW2	A0A6A6YIB0
A0A9N9LXW2	A0A6A6YIL2
A0A9N9LXW2	A0A6A6QUQ7
A0A9N9LXW2	A0A6G1GRW5
A0A9N9LXW2	A0A6G1GZN1
A0A9N9LXW2	A0A6G1JXQ0
A0A9N9LXW2	A0A1Y1ZWF3
A0A9N9LXW2	A0A2T2N295
A0A9N9LXW2	A0A6A5S9R3
A0A9N9LXW2	A0A6A5WGP5
A0A9N9LXW2	A0A6A5YDP4
A0A9N9LXW2	A0A6A6E5D0
A0A9N9LXW2	A0A6A6TV45
A0A9N9LXW2	A0A9P4JVS4
A0A9N9LXW2	A0ACB6QDU3
A0A9N9LXW2	A0A6G1LHH1
A0A9N9LXW2	A0A9W7SSJ9
A0A9N9LXW2	A0A6G1M972
A0A9N9LXW2	A0A437AEF9
A0A9N9LXW2	A0A7C8NGK3
A0A9N9LXW2	A0A7C8PX01
A0A9N9LXW2	A0A7C8RAE6
A0A9N9LXW2	A0A8H2DTR3
A0A9N9LXW2	A0A8H8VMB0
A0A9N9LXW2	A0A9P6GD45
A0A9N9LXW2	A0AAN8MT50
A0A9N9LXW2	A0AAN8N8D8
A0A9N9LXW2	A0AAV9UNB0
A0A9N9LXW2	A0AAV9WG77
A0A9N9LXW2	G1XS72
A0A9N9LXW2	A0A6H0XNI2
A0A9N9LXW2	A0A6J3LV43
A0A9N9LXW2	A0A6J3LW51
A0A9N9LXW2	A0A7C8I2F1
A0A9N9LXW2	A0A7C8IHL7
A0A9N9LXW2	A0A6A6V9C0
A0A9N9LXW2	A0A7C8JDI9
A0A9N9LXW2	A0A436ZY67
A0A9N9LXW2	A0A7C8K5L1
A0A9N9LXW2	A0A7C8KN05
A0A9N9LXW2	A0A7C8RMH3
A0A9N9LXW2	A0A7C8V4F7
A0A9N9LXW2	A0AAN8MTR7
A0A9N9LXW2	A0AAN8PHS8
A0A9N9LXW2	A0AAV9U7U0
A0A9N9LXW2	G1XNN7
A0A9N9LXW2	S8BRY2
A0A9N9LXW2	A0A7C8MEQ8
A0A9N9LXW2	A0A9P4T4X0
A0A9N9LXW2	A0A7C8NGK8
A0A9N9LXW2	A0AAN8RYJ0
A0A9N9LXW2	A0A7D5Z638
A0A9N9LXW2	A0A0D9NK72
A0A9N9LXW2	A0A7H8R1G7
A0A9N9LXW2	A0A7U2F463
A0A9N9LXW2	A0A8A1M824
A0A9N9LXW2	A0A022WGP6
A0A9N9LXW2	A0A022Y7J2
A0A9N9LXW2	A0A059JJQ6
A0A9N9LXW2	A0A0G2I941
A0A9N9LXW2	A0A0J6YFZ0
A0A9N9LXW2	A0A0J8RYC4
A0A9N9LXW2	A0A178EW52
A0A9N9LXW2	A0A178FCH7
A0A9N9LXW2	A0A179UBU9
A0A9N9LXW2	A0A1B7P2S2
A0A9N9LXW2	A0A1D2J8Q5
A0A9N9LXW2	A0A1J9Q3N9
A0A9N9LXW2	A0A1J9QK96
A0A9N9LXW2	A0A2B7X1D4
A0A9N9LXW2	A0A2B7Y2D7
A0A9N9LXW2	A0A2B7Z651
A0A9N9LXW2	A0A8H7YES8
A0A9N9LXW2	A0A9P4YJ40
A0A9N9LXW2	A0ABX2VUI5
A0A9N9LXW2	A0ACB8V0J7
A0A9N9LXW2	C0NAP3
A0A9N9LXW2	C1GA49
A0A9N9LXW2	C1GQA4
A0A9N9LXW2	C5FTV9
A0A9N9LXW2	C5PBC3
A0A9N9LXW2	C6H4P2
A0A9N9LXW2	E4V2N9
A0A9N9LXW2	E9DGK7
A0A9N9LXW2	F0UIU7
A0A9N9LXW2	F2PWT3
A0A9N9LXW2	F2S706
A0A9N9LXW2	F2T308
A0A9N9LXW2	J3K3P9
A0A9N9LXW2	A0A8A3PLC2
A0A9N9LXW2	A0A8E2AW04
A0A9N9LXW2	A0A8E2AKR6
A0A9N9LXW2	A0A8E2F331
A0A9N9LXW2	A0A8E5MJW1
A0A9N9LXW2	A0A8H2XZI9
A0A9N9LXW2	A0A0K6G833
A0A9N9LXW2	A0A8H3BVH4
A0A9N9LXW2	A0A8H3CQ20
A0A9N9LXW2	A0A8H3FR24
A0A9N9LXW2	A0A8H3FVH9
A0A9N9LXW2	A0A8H3G324
A0A9N9LXW2	A0A8H3HVS0
A0A9N9LXW2	A0A8H4ERI9
A0A9N9LXW2	A0A8H4KUG6
A0A9N9LXW2	A0ACC1SLU8
A0A9N9LXW2	A0A8H4RD19
A0A9N9LXW2	A0A0D2D206
A0A9N9LXW2	A0A8E2F2M6
A0A9N9LXW2	A0A8H3Z591
A0A9N9LXW2	A0AA40EBB7
A0A9N9LXW2	A0A8H4SQZ4
A0A9N9LXW2	A0A8H4UR38
A0A9N9LXW2	A0AAE8M117
A0A9N9LXW2	A0A8H4WA62
A0A9N9LXW2	A0A8H4ZIX0
A0A9N9LXW2	A0A8H4JVE1
A0A9N9LXW2	A0A8H5TQU7
A0A9N9LXW2	A0A8H5VII5
A0A9N9LXW2	A0A8H5CSQ3
A0A9N9LXW2	A0A8H5CSR4
A0A9N9LXW2	A0A8H5HDP7
A0A9N9LXW2	A0A8H5J9Q5
A0A9N9LXW2	A0A8H5KLF1
A0A9N9LXW2	A0A8H5SS39
A0A9N9LXW2	A0A1L7TGL4
A0A9N9LXW2	A0A2L2TQ94
A0A9N9LXW2	A0AAN6C3C0
A0A9N9LXW2	K3VPY0
A0A9N9LXW2	A0A8H5UKS9
A0A9N9LXW2	A0A8H5UPN3
A0A9N9LXW2	A0A8H6AXV0
A0A9N9LXW2	A0A8H6JGN5
A0A9N9LXW2	A0A8H6L2R8
A0A9N9LXW2	A0A8H6M1T0
A0A9N9LXW2	A0A8H5EVZ1
A0A9N9LXW2	A0A8H6X7R3
A0A9N9LXW2	A0A8H6ZAK3
A0A9N9LXW2	A0A8H7AFZ9
A0A9N9LXW2	A0A8H7F114
A0A9N9LXW2	A0A8H7H065
A0A9N9LXW2	A0A8H7IQP6
A0A9N9LXW2	A0A8H7TLJ9
A0A9N9LXW2	A0A0D2IUZ3
A0A9N9LXW2	A0A0D2JSE2
A0A9N9LXW2	A0A1B8B0A6
A0A9N9LXW2	A0A1E1K7Q4
A0A9N9LXW2	A0A2K0WPA0
A0A9N9LXW2	A0A507BB61
A0A9N9LXW2	A0A8H3J3F8
A0A9N9LXW2	A0A8H5JRL3
A0A9N9LXW2	A0A8H6DNI4
A0A9N9LXW2	A0A9P4LGD6
A0A9N9LXW2	A0A9P7I6A0
A0A9N9LXW2	A0AA39CFY0
A0A9N9LXW2	A0AAE0I6T4
A0A9N9LXW2	A0ACC3NIQ5
A0A9N9LXW2	S0EMH8
A0A9N9LXW2	W3XKJ8
A0A9N9LXW2	W7N554
A0A9N9LXW2	A0A8H8BUN9
A0A9N9LXW2	A0A8H8CNT2
A0A9N9LXW2	A0A409XPQ5
A0A9N9LXW2	A0A8S0XSP5
A0A9N9LXW2	A0ACB8HA24
A0A9N9LXW2	A0A8H8TWG2
A0A9N9LXW2	A0A7D8UM11
A0A9N9LXW2	A0A8H8RNN3
A0A9N9LXW2	A0A8H8U903
A0A9N9LXW2	A0A8T9BE97
A0A9N9LXW2	A0A8I2ZGI6
A0A9N9LXW2	A0A8I2ZPC4
A0A9N9LXW2	A0A8K0TF79
A0A9N9LXW2	A0A9P8VDX7
A0A9N9LXW2	A0A8T2V451
A0A9N9LXW2	A0A8T2QF77
A0A9N9LXW2	A0A8T2V851
A0A9N9LXW2	A0A8T9C986
A0A9N9LXW2	A0A977JZM9
A0A9N9LXW2	A0A977TF49
A0A9N9LXW2	A0A9N9CE55
A0A9N9LXW2	A0A9N9FWN2
A0A9N9LXW2	A0A9N9E246
A0A9N9LXW2	A0ACA9LR35
A0A9N9LXW2	A0ACA9MFV3
A0A9N9LXW2	A0ACA9Q961
A0A9N9LXW2	A0A9N9LC05
A0A9N9LXW2	A0A9N9LHE3
A0A9N9LXW2	A0A9N9TUY4
A0A9N9LXW2	A0AA35M0Q8
A0A9N9LXW2	A0A9P3LDL9
A0A9N9LXW2	A0A9P4IZQ8
A0A9N9LXW2	A0A9P4LI39
A0A9N9LXW2	A0A9P4MUD9
A0A9N9LXW2	A0A9P4PLN5
A0A9N9LXW2	A0A9P4QDB0
A0A9N9LXW2	A0A9P4QYK7
A0A9N9LXW2	A0A9P4TTN6
A0A9N9LXW2	A0A9P4V0B1
A0A9N9LXW2	A0A9P4VSJ9
A0A9N9LXW2	A0A9P4XX01
A0A9N9LXW2	A0A9P5PKH0
A0A9N9LXW2	A0A9P6BY48
A0A9N9LXW2	A0A9P6C3F1
A0A9N9LXW2	A0A8H7F118
A0A9N9LXW2	C7FF05
A0A9N9LXW2	K5XUX5
A0A9N9LXW2	A0A9P6G6A9
A0A9N9LXW2	A0A9P6KM80
A0A9N9LXW2	A0A2T2NBF2
A0A9N9LXW2	A0A6A5V9S9
A0A9N9LXW2	A0A6A6TQ10
A0A9N9LXW2	A0A9P4PJF6
A0A9N9LXW2	A0A9P6VMU7
A0A9N9LXW2	A0A9P7ECI6
A0A9N9LXW2	A0A9P7RNZ5
A0A9N9LXW2	A0A9P7YAX7
A0A9N9LXW2	A0A9P7YSQ7
A0A9N9LXW2	A0A084GGH5
A0A9N9LXW2	A0A1D9QFS6
A0A9N9LXW2	A0A1W5D0E8
A0A9N9LXW2	A0A1Y2A1T8
A0A9N9LXW2	A0A2T2PBL1
A0A9N9LXW2	A0A2T3BB17
A0A9N9LXW2	A0A384K5I7
A0A9N9LXW2	A0A3D8Q8E3
A0A9N9LXW2	A0A3S5CVR8
A0A9N9LXW2	A0A4S8QND8
A0A9N9LXW2	A0A4Y8CKP8
A0A9N9LXW2	A0A4Z1F9Z6
A0A9N9LXW2	A0A4Z1GFL5
A0A9N9LXW2	A0A4Z1HQT1
A0A9N9LXW2	A0A4Z1I948
A0A9N9LXW2	A0A4Z1JEZ4
A0A9N9LXW2	A0A4Z1KR16
A0A9N9LXW2	A0A4Z1P3H5
A0A9N9LXW2	A0A507BNL8
A0A9N9LXW2	A0A517L981
A0A9N9LXW2	A0A5M8PVF2
A0A9N9LXW2	A0A5M9J8H7
A0A9N9LXW2	A0A5N6JUP9
A0A9N9LXW2	A0A6A5WAJ2
A0A9N9LXW2	A0A6A6EVU5
A0A9N9LXW2	A0A6A6QJA3
A0A9N9LXW2	A0A6A6X2A2
A0A9N9LXW2	A0A6A6Z4Q4
A0A9N9LXW2	A0A6G1HLY0
A0A9N9LXW2	A0A8A3P3U8
A0A9N9LXW2	A0A8E2E040
A0A9N9LXW2	A0A8E2JYI7
A0A9N9LXW2	A0A8H3VS12
A0A9N9LXW2	A0A8H3YMW2
A0A9N9LXW2	A0A8H6AJG6
A0A9N9LXW2	A0A8S8ZTB1
A0A9N9LXW2	A0A9P4K111
A0A9N9LXW2	A0A9P5HSB3
A0A9N9LXW2	A0A9P9E097
A0A9N9LXW2	A0A9X0AFN1
A0A9N9LXW2	A0AA39YT88
A0A9N9LXW2	A0AA40BHX9
A0A9N9LXW2	A0AAD9MDM7
A0A9N9LXW2	A0AAE0I3J3
A0A9N9LXW2	A0AAE0J3H6
A0A9N9LXW2	A0AAE0JPQ1
A0A9N9LXW2	A0AAE0P4P8
A0A9N9LXW2	A0AAE0P8W8
A0A9N9LXW2	A0AAE0TX29
A0A9N9LXW2	A0AAE0XJ80
A0A9N9LXW2	A0AAJ0BL54
A0A9N9LXW2	A0AAJ0ICZ1
A0A9N9LXW2	A0AAJ0MJ41
A0A9N9LXW2	A0AAN6MI70
A0A9N9LXW2	A0AAN6N4Q5
A0A9N9LXW2	A0AAN6NPY6
A0A9N9LXW2	A0AAN6PQI6
A0A9N9LXW2	A0AAN6PYT8
A0A9N9LXW2	A0AAN6Z7Y0
A0A9N9LXW2	A0AAV9H153
A0A9N9LXW2	A0ABQ7I6H2
A0A9N9LXW2	A0ABR3DR17
A0A9N9LXW2	A0ACB6QAH6
A0A9N9LXW2	A7FA30
A0A9N9LXW2	F7VQW2
A0A9N9LXW2	F8MZA8
A0A9N9LXW2	G2RCR3
A0A9N9LXW2	G2XU65
A0A9N9LXW2	M7UHP1
A0A9N9LXW2	P00440
A0A9N9LXW2	A0A9P8I7W5
A0A9N9LXW2	A0A9P9CYR3
A0A9N9LXW2	A0A9P9E535
A0A9N9LXW2	A0A9P9EIM9
A0A9N9LXW2	A0A9P9WK24
A0A9N9LXW2	A0A9Q0AYM7
A0A9N9LXW2	A0A9Q0B7W3
A0A9N9LXW2	A0A9Q8PG69
A0A9N9LXW2	A0A9Q8WN77
A0A9N9LXW2	A0A9Q8Z733
A0A9N9LXW2	A0A9Q9RQ73
A0A9N9LXW2	A0A1L7SRP7
A0A9N9LXW2	A0A420MG99
A0A9N9LXW2	A0A5C6SCU9
A0A9N9LXW2	A0A8H4WW32
A0A9N9LXW2	A0A8H5I5E5
A0A9N9LXW2	A0A8H5JKQ2
A0A9N9LXW2	A0A8J5NR04
A0A9N9LXW2	A0A9P8DHJ5
A0A9N9LXW2	A0A9W8RLY5
A0A9N9LXW2	A0ACC1STZ8
A0A9N9LXW2	X0KKX5
A0A9N9LXW2	A0A9W4XG49
A0A9N9LXW2	A0A9W8RNA8
A0A9N9LXW2	A0A9W8TQB9
A0A9N9LXW2	A0A9W8VIW2
A0A9N9LXW2	A0A9W8Z3C7
A0A9N9LXW2	A0A9W8ZND0
A0A9N9LXW2	A0A9P4WZQ1
A0A9N9LXW2	A0A9W8X6H4
A0A9N9LXW2	A0A9W9IP98
A0A9N9LXW2	A0A9W9K980
A0A9N9LXW2	A0A9X0C4D4
A0A9N9LXW2	A0A2I1CR74
A0A9N9LXW2	A0AA38RMA6
A0A9N9LXW2	A0AA38VH97
A0A9N9LXW2	A0A1J7J6R4
A0A9N9LXW2	A0AA39QZS5
A0A9N9LXW2	A0AA39R8U1
A0A9N9LXW2	A0AA39WML9
A0A9N9LXW2	A0A4Z0Z0E1
A0A9N9LXW2	A0AA39XY02
A0A9N9LXW2	A0AA39ZHB9
A0A9N9LXW2	A0AA40DDV9
A0A9N9LXW2	A0AA40EG60
A0A9N9LXW2	A0AA40EQQ0
A0A9N9LXW2	A0AA40EUS9
A0A9N9LXW2	A0AA39XF85
A0A9N9LXW2	A0AA40F239
A0A9N9LXW2	A0AA39X2C0
A0A9N9LXW2	A0AA40K5X6
A0A9N9LXW2	A0A0G2GB29
A0A9N9LXW2	A0AA40F0I2
A0A9N9LXW2	A0AAJ0BD24
A0A9N9LXW2	A0AAN6YT11
A0A9N9LXW2	A0AAV9GWB4
A0A9N9LXW2	A0AA40K892
A0A9N9LXW2	A0AA43QK37
A0A9N9LXW2	A0AAD2H6M4
A0A9N9LXW2	A0AAD2H4D2
A0A9N9LXW2	A0AAD2H686
A0A9N9LXW2	A0AAD4BGZ0
A0A9N9LXW2	A0A8I2YWL6
A0A9N9LXW2	A0A8I3A4L4
A0A9N9LXW2	A0AAD4DPP0
A0A9N9LXW2	A0A0C3EEV9
A0A9N9LXW2	A0A0C3PGK8
A0A9N9LXW2	A0A1B7NAD1
A0A9N9LXW2	A0A9P6ZPI2
A0A9N9LXW2	A0A9P7AQK0
A0A9N9LXW2	A0A9P7FEP6
A0A9N9LXW2	A0AAD4E4K7
A0A9N9LXW2	A0AAD4F503
A0A9N9LXW2	A0AAD4G8V0
A0A9N9LXW2	A0AAD4HFX7
A0A9N9LXW2	A0AAD4NQN5
A0A9N9LXW2	A0A163EMQ2
A0A9N9LXW2	A0A177DXP3
A0A9N9LXW2	A0A4Q4M420
A0A9N9LXW2	A0A4Q4NVL9
A0A9N9LXW2	A0A4Q4QXM4
A0A9N9LXW2	A0A8H7BCK5
A0A9N9LXW2	A0A8J2MWK5
A0A9N9LXW2	A0AB37WDN7
A0A9N9LXW2	A0ABR3UY57
A0A9N9LXW2	A0ABY0GHJ6
A0A9N9LXW2	A0ACB6FMU4
A0A9N9LXW2	A0ACB6RNM5
A0A9N9LXW2	A0AAD5V4M1
A0A9N9LXW2	A0AAD5VHA7
A0A9N9LXW2	A0A8H5CPZ2
A0A9N9LXW2	A0A8H5G7U9
A0A9N9LXW2	A0AAD5VP74
A0A9N9LXW2	K5XV01
A0A9N9LXW2	O42713
A0A9N9LXW2	A0AAD5VMD2
A0A9N9LXW2	A0AAD5VMH3
A0A9N9LXW2	A0AAD9S3E1
A0A9N9LXW2	A0AAD9Y405
A0A9N9LXW2	A0A066X9U3
A0A9N9LXW2	A0A161VWW8
A0A9N9LXW2	A0A1B7Y8K3
A0A9N9LXW2	A0A4T0VD25
A0A9N9LXW2	A0A8H3ZU88
A0A9N9LXW2	A0A8H4CP16
A0A9N9LXW2	A0A9P4IEM6
A0A9N9LXW2	A0A9P5K8K9
A0A9N9LXW2	A0A9W4W5A5
A0A9N9LXW2	A0AA40CS78
A0A9N9LXW2	A0AAD5RIJ0
A0A9N9LXW2	A0AAD9HT65
A0A9N9LXW2	A0AAV9N2L3
A0A9N9LXW2	A0AAX4IHE0
A0A9N9LXW2	E3QP00
A0A9N9LXW2	L2FUJ7
A0A9N9LXW2	T0KKD1
A0A9N9LXW2	A0AAE0CWK9
A0A9N9LXW2	A0AAE0HH01
A0A9N9LXW2	A0AAE0HTN1
A0A9N9LXW2	A0AAE0HXT4
A0A9N9LXW2	A0AAE0HXX2
A0A9N9LXW2	A0A2N3N1M7
A0A9N9LXW2	A0A7C8I9R9
A0A9N9LXW2	A0AA39YEC9
A0A9N9LXW2	A0AAE8MND4
A0A9N9LXW2	A0AAJ0BIF4
A0A9N9LXW2	A0AAV9H4Y7
A0A9N9LXW2	A0AAE0I0E2
A0A9N9LXW2	A0AAE0IQ25
A0A9N9LXW2	A0AAE0IRJ6
A0A9N9LXW2	A0AAE0IZ57
A0A9N9LXW2	A0AAE0JEM3
A0A9N9LXW2	A0AAE0LX03
A0A9N9LXW2	A0AAE0LXM5
A0A9N9LXW2	A0AAE0M3J0
A0A9N9LXW2	A0AAE0MX90
A0A9N9LXW2	A0AAE0MYQ7
A0A9N9LXW2	A0AAE0PA40
A0A9N9LXW2	A0AAE0TW34
A0A9N9LXW2	A0AAE0U1Q5
A0A9N9LXW2	A0AAE0UEY7
A0A9N9LXW2	A0AAE0XG17
A0A9N9LXW2	A0AAI9EBC0
A0A9N9LXW2	A0AAJ0D004
A0A9N9LXW2	A0AAJ0MR40
A0A9N9LXW2	A0AAN5YXU1
A0A9N9LXW2	A0AAN6DS14
A0A9N9LXW2	A0A0D2EE95
A0A9N9LXW2	A0AAN6M0W3
A0A9N9LXW2	A0AAN6N6Z9
A0A9N9LXW2	A0AAN6REI1
A0A9N9LXW2	A0AAN6RG63
A0A9N9LXW2	A0A9W8XEL1
A0A9N9LXW2	A0AAN6RXR8
A0A9N9LXW2	A0AAN6S1N6
A0A9N9LXW2	A0AAN6SJ69
A0A9N9LXW2	A0AAN6T5J5
A0A9N9LXW2	A0AAN6TAP9
A0A9N9LXW2	A0AAN6TNB8
A0A9N9LXW2	A0AAN6U965
A0A9N9LXW2	A0AAN6UNL4
A0A9N9LXW2	A0AAN6UYU1
A0A9N9LXW2	A0AAN6WP52
A0A9N9LXW2	A0AAN6WZ32
A0A9N9LXW2	A0AAN6X491
A0A9N9LXW2	A0AAN6YWZ4
A0A9N9LXW2	A0AAN6ZPW2
A0A9N9LXW2	A0AAN7ADW1
A0A9N9LXW2	A0AAN7B8K4
A0A9N9LXW2	A0AAJ0H0X6
A0A9N9LXW2	A0AAN7C0V6
A0A9N9LXW2	A0AAN7CEA7
A0A9N9LXW2	A0AAN7D1A6
A0A9N9LXW2	A0AAN8S1M3
A0A9N9LXW2	A0A437ABS8
A0A9N9LXW2	A0A6G1M9S3
A0A9N9LXW2	A0A7C8NPY3
A0A9N9LXW2	A0A7C8PHR6
A0A9N9LXW2	A0A7C8QXT6
A0A9N9LXW2	A0A7C8U3L5
A0A9N9LXW2	A0A7C8UG49
A0A9N9LXW2	A0A7C8VLB4
A0A9N9LXW2	A0AAD6IYQ0
A0A9N9LXW2	A0AAN8N2P8
A0A9N9LXW2	A0AAV9V5C2
A0A9N9LXW2	A0AAV9VIS4
A0A9N9LXW2	A0AAV9W7Y2
A0A9N9LXW2	A0AAV9XAI9
A0A9N9LXW2	G1XTB4
A0A9N9LXW2	S8C046
A0A9N9LXW2	W7HTX7
A0A9N9LXW2	A0AAQ3R599
A0A9N9LXW2	A0AAV9G6Z5
A0A9N9LXW2	A0AAV9GSE5
A0A9N9LXW2	A0AAV9H7L1
A0A9N9LXW2	A0AAV9JT62
A0A9N9LXW2	A0AAV9WFZ0
A0A9N9LXW2	A0AAV9WJA4
A0A9N9LXW2	A0AAV9WVQ3
A0A9N9LXW2	A0AAV9WYC9
A0A9N9LXW2	A0AAV9X5N6
A0A9N9LXW2	A0AAW1R416
A0A9N9LXW2	A0AAX6MY24
A0A9N9LXW2	A0AB34FF60
A0A9N9LXW2	A0AB34KNK6
A0A9N9LXW2	A0ABN7V5N9
A0A9N9LXW2	A0ABP0BX44
A0A9N9LXW2	A0ABQ0FZE5
A0A9N9LXW2	A0A175VT74
A0A9N9LXW2	A0ABQ0GCI4
A0A9N9LXW2	A0ABQ6WCU9
A0A9N9LXW2	A0A1E3B9D8
A0A9N9LXW2	A0A5N7ABB3
A0A9N9LXW2	A0A7R7ZNQ8
A0A9N9LXW2	A0ABQ8KCN2
A0A9N9LXW2	A0A165R782
A0A9N9LXW2	A0A2H3J9C6
A0A9N9LXW2	A0A2H3JRM0
A0A9N9LXW2	S8FTY5
A0A9N9LXW2	A0ABQ8V9V9
A0A9N9LXW2	A0A1Q3EBY1
A0A9N9LXW2	A0A9W9DWD5
A0A9N9LXW2	A0ACC1TW98
A0A9N9LXW2	A0ABQ9P8C6
A0A9N9LXW2	A0ABQ9RHE8
A0A9N9LXW2	A0A9P7QUR7
A0A9N9LXW2	A0AAI9XJT9
A0A9N9LXW2	A0AAI9XMS7
A0A9N9LXW2	A0ABQ9S1X6
A0A9N9LXW2	A0A8H3W3M4
A0A9N9LXW2	A0ABR0E9M4
A0A9N9LXW2	A0ABR0G9R0
A0A9N9LXW2	A0ABR0HVR8
A0A9N9LXW2	A0ABR1HK27
A0A9N9LXW2	A0ABR1H2J5
A0A9N9LXW2	A0ABR1HTM9
A0A9N9LXW2	A0ABR1IWX6
A0A9N9LXW2	A0ABR1RG58
A0A9N9LXW2	A0ABR1S703
A0A9N9LXW2	A0ABR1TF91
A0A9N9LXW2	A0ABR1V4N8
A0A9N9LXW2	A0ABR1WRC7
A0A9N9LXW2	A0ABR2I1D8
A0A9N9LXW2	A0AAW0QMN1
A0A9N9LXW2	A0ABR1QW44
A0A9N9LXW2	A0ABR1TL01
A0A9N9LXW2	A0ABR1ULA3
A0A9N9LXW2	A0ABR2VBH3
A0A9N9LXW2	A0ABR2ZUF7
A0A9N9LXW2	A0ABR3CI13
A0A9N9LXW2	A0A0G2DYV8
A0A9N9LXW2	A0A1J9R1M8
A0A9N9LXW2	A0A1S8BB58
A0A9N9LXW2	A0A5N5DDM5
A0A9N9LXW2	A0AA40CYF2
A0A9N9LXW2	A0ABR3T0M1
A0A9N9LXW2	A0ABR3TJ48
A0A9N9LXW2	A0ACB5RUH5
A0A9N9LXW2	R1GGH2
A0A9N9LXW2	A0ABR3D601
A0A9N9LXW2	A0ABR3DT09
A0A9N9LXW2	A0ABR3EVX9
A0A9N9LXW2	A0ABR3GY74
A0A9N9LXW2	A0ABR3QSB3
A0A9N9LXW2	A0A177CN05
A0A9N9LXW2	A0A2V1DZT3
A0A9N9LXW2	A0A364NF04
A0A9N9LXW2	A0A6A5U3L8
A0A9N9LXW2	A0A6A5VR23
A0A9N9LXW2	A0A6A6AM28
A0A9N9LXW2	A0A6A6IR15
A0A9N9LXW2	A0A6A7AZP2
A0A9N9LXW2	A0A6G1IV16
A0A9N9LXW2	A0A8H7JAM7
A0A9N9LXW2	A0A9P4GBK0
A0A9N9LXW2	A0A9P6GIB7
A0A9N9LXW2	A0ACB6RLP9
A0A9N9LXW2	A0ABR3REZ5
A0A9N9LXW2	A0ABR3TL16
A0A9N9LXW2	A0ABR3CWN2
A0A9N9LXW2	A0ABR3VR49
A0A9N9LXW2	A0ABR3YV94
A0A9N9LXW2	A0A0C2IMK2
A0A9N9LXW2	A0ABP0CGC6
A0A9N9LXW2	A0ABP0DC11
A0A9N9LXW2	U7PQI0
A0A9N9LXW2	A0ABR4A6Y8
A0A9N9LXW2	A0ABR4CKZ7
A0A9N9LXW2	A0ABR4EHH4
A0A9N9LXW2	A0ABR4IKC7
A0A9N9LXW2	A0ABR4PC11
A0A9N9LXW2	A0ABR4PTF1
A0A9N9LXW2	A0ABZ2WJK3
A0A9N9LXW2	A0ACA9JUR1
A0A9N9LXW2	A0A397V8I1
A0A9N9LXW2	A0A8H4B004
A0A9N9LXW2	A0A8H4ER60
A0A9N9LXW2	A0A9N8W1T2
A0A9N9LXW2	A0ACA9LXK0
A0A9N9LXW2	A0ACB6QK91
A0A9N9LXW2	A0ACB7P0J0
A0A9N9LXW2	A0ACB7PFM9
A0A9N9LXW2	A0ACB7PQN8
A0A9N9LXW2	A0ACB7PSA7
A0A9N9LXW2	A0ACB8BYL3
A0A9N9LXW2	A0ACB8TB58
A0A9N9LXW2	A0ACB8TSI7
A0A9N9LXW2	A0ACC1P0Q8
A0A9N9LXW2	A0ACC1S227
A0A9N9LXW2	A0ACC1T874
A0A9N9LXW2	A0ACC1T8L1
A0A9N9LXW2	A0ACC2BG01
A0A9N9LXW2	A0ACC3A5L7
A0A9N9LXW2	A0ACC3NX25
A0A9N9LXW2	A0ACC3YYZ1
A0A9N9LXW2	A0ACC3Z5L5
A0A9N9LXW2	A0ACD1GWX4
A0A9N9LXW2	A0A1L9X8A5
A0A9N9LXW2	A0ACD1G6D5
A0A9N9LXW2	A0ACD3AW72
A0A9N9LXW2	A0ACD3AX98
A0A9N9LXW2	A0ACD3B8Y7
A0A9N9LXW2	B0DMX0
A0A9N9LXW2	B2AU58
A0A9N9LXW2	A0AA40D4L4
A0A9N9LXW2	A0ABR0G0T6
A0A9N9LXW2	A0ABR0GX39
A0A9N9LXW2	A0ABY6RZE0
A0A9N9LXW2	B6QJ94
A0A9N9LXW2	B8MQC5
A0A9N9LXW2	D4CZZ8
A0A9N9LXW2	E4ZW06
A0A9N9LXW2	E9F624
A0A9N9LXW2	F8MV64
A0A9N9LXW2	F8PR61
A0A9N9LXW2	F8NNY5
A0A9N9LXW2	G2Q3M6
A0A9N9LXW2	G3JUG5
A0A9N9LXW2	A0A2H4S9M8
A0A9N9LXW2	G4TM93
A0A9N9LXW2	A0A0C3AKS7
A0A9N9LXW2	G4TM94
A0A9N9LXW2	G9N886
A0A9N9LXW2	J4H162
A0A9N9LXW2	K2R777
A0A9N9LXW2	A0A8H4IQ82
A0A9N9LXW2	A0ABQ8GV98
A0A9N9LXW2	K5X0S3
A0A9N9LXW2	A0A8H7C4Z8
A0A9N9LXW2	K5X7N2
A0A9N9LXW2	C7FF04
A0A9N9LXW2	K5X6W9
A0A9N9LXW2	K5XJW5
A0A9N9LXW2	A0A8H7C551
A0A9N9LXW2	A0AAD4M2Z7
A0A9N9LXW2	Q00024
A0A9N9LXW2	Q2WG53
A0A9N9LXW2	M2MGH4
A0A9N9LXW2	A0AAD6IWR0
A0A9N9LXW2	M2SKF1
A0A9N9LXW2	A0A8H5ZBE3
A0A9N9LXW2	M2VC29
A0A9N9LXW2	A0A7U2FA84
A0A9N9LXW2	A0A8K0RHV4
A0A9N9LXW2	A0A9P4H4W2
A0A9N9LXW2	A0ABR3QTY1
A0A9N9LXW2	E3RX72
A0A9N9LXW2	E5A3G2
A0A9N9LXW2	N4WPH6
A0A9N9LXW2	Q0U7P7
A0A9N9LXW2	W6XT64
A0A9N9LXW2	W7EC18
A0A9N9LXW2	M7SBG2
A0A9N9LXW2	N4X0Z4
A0A9N9LXW2	Q2H7D7
A0A9N9LXW2	Q7S218
A0A9N9LXW2	R0KLC6
A0A9N9LXW2	S3C8M1
A0A9N9LXW2	S3DFC4
A0A9N9LXW2	S8AAI6
A0A9N9LXW2	T5A6R2
A0A9N9LXW2	U1HKV1
A0A9N9LXW2	U1I0C6
A0A9N9LXW2	U4LH50
A0A9N9LXW2	U7PUG4
A0A9N9LXW2	V2XB88
A0A9N9LXW2	W3WKD9
A0A9N9LXW2	W3X0R7
A0A9N9LXW2	W6XZQ4
A0A9N9LXW2	A0A177D9T1
A0A9N9LXW2	W7EAK6
A0A9N9LXW2	W6YQP8
A0A9N9LXW2	W7HXW7
A0A9N9LXW2	S8BJJ0
A0A9N9LXW2	W7M1Q0
A0A9N9LXW2	W7MRZ5
A0A9N9LXW2	A0A8H5S8V9
A0A9N9LXW2	N1S3Z4
A0A9N9LXW2	W9CSJ2
A0A9N9LXW2	X0A9J0
A0A9N9LXW2	A0A8H5SCC9
A0A9N9LXW2	A0A8H5T6U4
A0A9N9LXW2	A0A8H6DIP9
A0A9N9LXW2	A0A9P5BDM4
A0A9N9LXW2	A0A9P7I402
A0A9N9LXW2	A0A9P8IMB7
A0A9N9LXW2	X0H685
A0A9N9LXW2	A0A3L6NAE7
A0A9N9LXW2	A0A8H4PDS8
A0A9N9LXW2	A0A8H5EN09
A0A9N9LXW2	A0A8H5J780
A0A9N9LXW2	A0A8H5YWG8
A0A9N9LXW2	A0A8H6GKA5
A0A9N9LXW2	A0A8J5UIE6
A0A9N9LXW2	A0A9P5AC41
A0A9N9LXW2	W9JKK9
A0A9N9LXW2	X0BL08
A0A9N9LXW2	X0MJE3
A0A9P8N0Q3	A0A9P8N0Q3
A0A9P8N0Q3	A0ABR3YRD1
A0A9W9BY78	A0A9W9BY78
A0A9W9BY78	A0A6A6SVM2
A0A9W9BY78	A0A9W8XWX0
A0A9W9BY78	A0A177CZG6
A0A9W9BY78	A0A2V1DTY0
A0A9W9BY78	A0A6A5TIJ7
A0A9W9BY78	A0A6G1JJB9
A0A9W9BY78	A0A9P4PTR1
A0A9W9BY78	A0ABR3QRF7
A0A9W9BY78	A0A9W9WQE3
A0A9W9H0G7	A0A9W9H0G7
A0A9W9L8K5	A0A9W9L8K5
A0A9W9L8K5	A0A0J9END7
A0A9W9L8K5	A0A0G2I8P6
A0A9W9L8K5	A0A0H1B4Y0
A0A9W9L8K5	A0A0M8NS36
A0A9W9L8K5	A0A179UUW6
A0A9W9L8K5	A0A1B7NYA4
A0A9W9L8K5	A0A1D2JJY4
A0A9W9L8K5	A0A1J9P4E5
A0A9W9L8K5	A0A1J9R8T8
A0A9W9L8K5	A0A1L9RA92
A0A9W9L8K5	A0A2B7X5B2
A0A9W9L8K5	A0A2B7XVW2
A0A9W9L8K5	A0A2B7ZD97
A0A9W9L8K5	A0A3A2ZLH4
A0A9W9L8K5	A0A8A1L447
A0A9W9L8K5	A0A8A1MPW2
A0A9W9L8K5	A0A8H7YT13
A0A9W9L8K5	A0A9W4J4I1
A0A9W9L8K5	A0A9W4MKU2
A0A9W9L8K5	A0A9W9G6A9
A0A9W9L8K5	A0A9W9HKK0
A0A9W9L8K5	A0A9W9W781
A0A9W9L8K5	A0ABP2EPS6
A0A9W9L8K5	C0NXG2
A0A9W9L8K5	C1G320
A0A9W9L8K5	C1H6P8
A0A9W9L8K5	C6H8D1
A0A9W9L8K5	A0A1V6R4C4
A0A9W9L8K5	A0A0A2LDC3
A0A9W9L8K5	A0A101MLX7
A0A9W9L8K5	A0A1V6NBC1
A0A9W9L8K5	A0A1V6QSQ2
A0A9W9L8K5	A0A1V6SJE6
A0A9W9L8K5	A0A9P5GB19
A0A9W9L8K5	A0A9W9MGJ8
A0A9W9L8K5	A0AAD6E2M1
A0A9W9L8K5	A0ABQ8W8T8
A0A9W9L8K5	A0A1V6XP46
A0A9W9L8K5	A0A0A2JBW7
A0A9W9L8K5	A0A135LG02
A0A9W9L8K5	A0A167UWJ4
A0A9W9L8K5	A0A1V6T290
A0A9W9L8K5	A0A1V6TP25
A0A9W9L8K5	A0A9W4P7V8
A0A9W9L8K5	A0A9W9FEI0
A0A9W9L8K5	A0A9W9MFP2
A0A9W9L8K5	A0A9W9NW18
A0A9W9L8K5	A0A9X0BRX4
A0A9W9L8K5	A0AAD6CLF4
A0A9W9L8K5	A0AAD6D6A6
A0A9W9L8K5	A0ABQ8WGD7
A0A9W9L8K5	A0ABR4G5U9
A0A9W9L8K5	A0ABR4HCD2
A0A9W9L8K5	A0ABR4IBP9
A0A9W9L8K5	A0ABR4L7P9
A0A9W9L8K5	B6HML8
A0A9W9L8K5	A0A9W9VBH4
A0AAD6J3H0	A0AAD6J3H0
A0AAV9Q813	A0AAV9Q813
A0AAV9UJ91	A0AAV9UJ91
A0AAX6MN94	A0AAX6MN94
A0ABP0BGA7	A0ABP0BGA7
A0ABP0C0L0	A0ABP0C0L0
A0ABR0J2L1	A0ABR0J2L1
A0ABR0RJ42	A0ABR0RJ42
A0ABR0RJ42	A0AAN8EDQ9
A0ABR1SKI5	A0ABR1SKI5
A0ABR1SKI5	A0A4Z1KK63
