position	nonaromatic_residue	n_carriers	n_tested	aromatic_at_ref_site_pct	compensating_rings	verdict
Phe65	L	512	512	0		not compensated
Phe65	T	65	65	0		not compensated
Phe65	I	42	42	0		not compensated
Phe65	M	40	40	0		not compensated
Phe65	S	24	24	0		not compensated
Phe65	V	10	10	0		not compensated
Trp68	A	187	187	11	W:20	not compensated
Trp68	V	74	74	84	W:61, F:1	COMPENSATED
Trp68	H	60	60	87	W:47, F:5	COMPENSATED
Trp68	Q	51	51	22	F:9, Y:1, W:1	not compensated
Trp68	S	41	41	49	W:13, F:7	partial
Trp68	G	22	22	5	W:1	not compensated
Trp68	R	21	21	5	W:1	not compensated
Trp68	C	20	20	0		not compensated
Trp68	L	19	19	0		not compensated
Trp68	M	16	16	6	W:1	not compensated
Phe227	V	48	48	73	F:35	COMPENSATED
Phe227	L	16	16	0		not compensated
