accession	structural_cluster	vector	Arg209_residue	in_Arg209Y_group	kingdom	phylum	genus
A0A010QXZ0	cluster_1	~-L-W-G-S-L-H-S-F-H--	L	no	Fungi	Ascomycota	Colletotrichum
A0A014P1F1	cluster_1	~-L-W-E-P-L-L-S-F-H--	L	no	Fungi	Ascomycota	Metarhizium
A0A084GCK1	cluster_1	~-L-S-L-S-Y-F-S-F-H--	Y	yes	Fungi	Ascomycota	Pseudallescheria
A0A0A1UQ03	cluster_1	~-L-W-E-V-F-L-S-F-H--	F	no	Fungi	Ascomycota	Metarhizium
A0A0B4EB98	cluster_1	~-L-W-E-V-F-L-S-F-H--	F	no	Fungi	Ascomycota	Metarhizium
A0A0B4F0K9	cluster_1	~-L-W-E-A-S-I-A-F-H--	S	no	Fungi	Ascomycota	Metarhizium
A0A0B4G3L8	cluster_1	~-L-W-E-V-F-L-S-F-H--	F	no	Fungi	Ascomycota	Metarhizium
A0A0B7KF87	cluster_1	~-L-W-L-F-G-L-S-F-H--	G	no	Fungi	Ascomycota	Bionectria
A0A0C2F7M2	cluster_1	~-L-A-L-T-Y-P-S-F-H--	Y	yes	Fungi	Ascomycota	Sporothrix
A0A0C4DYF2	cluster_1	~-L-A-L-N-Y-F-S-F-H--	Y	yes	Fungi	Ascomycota	Magnaporthiopsis
A0A0D9NNM1	cluster_1	~-L-W-E-V-F-L-S-F-H--	F	no	Fungi	Ascomycota	Metarhizium
A0A0D9NRE3	cluster_1	~-L-W-E-P-L-L-S-F-H--	L	no	Fungi	Ascomycota	Metarhizium
A0A0F0I246	cluster_1	~-L-W-S-G-G-F-S-F-H--	G	no	Fungi	Ascomycota	Aspergillus
A0A0F2MLY8	cluster_1	~-L-A-L-T-Y-P-S-F-H--	Y	yes	Fungi	Ascomycota	Sporothrix
A0A0F4GNX0	cluster_1	~-L-W-E-V-S-I-S-F-H--	S	no	Fungi	Ascomycota	Zymoseptoria
A0A0F7ZPL7	cluster_1	~-L-W-E-P-V-Q-S-F-L--	V	no	Fungi	Ascomycota	Hirsutella
A0A0L1JHV9	cluster_1	~-L-W-E-G-H-L-S-F-H--	H	no	Fungi	Ascomycota	Aspergillus
A0A0L1JIN5	cluster_1	~-L-W-S-G-R-F-S-F-H--	R	no	Fungi	Ascomycota	Aspergillus
A0A0U5C9K9	cluster_1	~-L-W-I-G-A-L-A-F-H--	A	no	Fungi	Ascomycota	Aspergillus
A0A0W7WYA7	cluster_1	I-L-W-E-G-T-I-S-F-H--	T	no	Bacteria	Actinomycetota	Streptomyces
A0A117E182	cluster_1	~-L-W-S-E-A-T-S-F-H--	A	no	Fungi	Ascomycota	Aspergillus
A0A135T100	cluster_1	~-L-W-G-S-L-H-S-F-H--	L	no	Fungi	Ascomycota	Colletotrichum
A0A139GZD1	cluster_3	~-L-W-E-D-G-L-S-F-L-C	G	no	Fungi	Ascomycota	Pseudocercospora
A0A139H1A4	cluster_1	~-L-W-E-G-S-P-S-F-H--	S	no	Fungi	Ascomycota	Pseudocercospora
A0A139H5V8	cluster_1	~-L-W-E-N-L-V-S-F-H--	L	no	Fungi	Ascomycota	Pseudocercospora
A0A139HFA6	cluster_794	~-L-W-E-N-L-V-S-F-H--	L	no	Fungi	Ascomycota	Pseudocercospora
A0A139HS50	cluster_3	~-L-W-E-D-G-L-S-F-L-C	G	no	Fungi	Ascomycota	Pseudocercospora
A0A139HWZ2	cluster_1	~-L-F-I-A-T-I-S-F-H--	T	no	Fungi	Ascomycota	Pseudocercospora
A0A139I8P4	cluster_1	~-L-F-E-P-E-I-S-F-H--	E	no	Fungi	Ascomycota	Pseudocercospora
A0A146F475	cluster_1	~-L-W-S-E-A-T-S-F-H--	A	no	Fungi	Ascomycota	Aspergillus
A0A150GSZ2	cluster_22	Y-L-F-D-A-F-T-S-F-Q--	F	no	Plants	Chlorophyta	Gonium
A0A162MRN0	cluster_1	~-L-S-L-N-Y-F-S-F-H--	Y	yes	Fungi	Ascomycota	Niveomyces
A0A163IS79	cluster_447	~-L-W-Q-T-F-F-S-F-H--	F	no	Fungi	Ascomycota	Didymella
A0A167TE01	cluster_1	~-L-A-L-T-Y-P-S-F-H--	Y	yes	Fungi	Ascomycota	Niveomyces
A0A175W9V9	cluster_1	~-L-A-L-T-Y-P-S-F-H--	Y	yes	Fungi	Ascomycota	Madurella
A0A177CCF1	cluster_1	~-L-W-E-K-T-P-T-F-L--	T	no	Fungi	Ascomycota	Paraphaeosphaeria
A0A177CDD2	cluster_1	~-L-A-L-M-Y-F-S-F-H--	Y	yes	Fungi	Ascomycota	Paraphaeosphaeria
A0A177WRA1	cluster_1	~-L-W-E-N-G-P-S-F-H--	G	no	Fungi	Chytridiomycota	Batrachochytrium
A0A194VBC9	cluster_1	~-L-W-L-G-F-F-S-F-H--	F	no	Fungi	Ascomycota	Cytospora
A0A194W4Q8	cluster_1	~-L-W-L-G-F-F-S-F-H--	F	no	Fungi	Ascomycota	Cytospora
A0A194X723	cluster_1	~-L-A-L-M-Y-F-S-F-H--	Y	yes	Fungi	Ascomycota	Mollisia
A0A1C9CXH9	cluster_1	~-L-A-M-S-Y-F-S-F-H--	Y	yes	Fungi	Ascomycota	Thermothelomyces
A0A1F7ZW72	cluster_1	~-L-W-E-G-H-L-S-F-H--	H	no	Fungi	Ascomycota	Aspergillus
A0A1F8A303	cluster_1	~-L-W-S-S-R-F-S-F-H--	R	no	Fungi	Ascomycota	Aspergillus
A0A1J7JKX2	cluster_1	~-L-A-L-T-Y-P-S-F-H--	Y	yes	Fungi	Ascomycota	Coniochaeta
A0A1L9NFH0	cluster_1	~-L-W-S-E-A-T-S-F-H--	A	no	Fungi	Ascomycota	Aspergillus
A0A1L9UDA4	cluster_1	~-L-W-S-E-A-T-S-F-H--	A	no	Fungi	Ascomycota	Aspergillus
A0A1L9WQQ0	cluster_1	~-L-W-D-G-T-V-S-F-H--	T	no	Fungi	Ascomycota	Aspergillus
A0A1M3T6R9	cluster_1	~-L-W-S-E-A-T-S-F-H--	A	no	Fungi	Ascomycota	Aspergillus
A0A1R3RM65	cluster_1	~-L-W-S-E-A-T-S-F-H--	A	no	Fungi	Ascomycota	Aspergillus
A0A1S9DSW9	cluster_1	~-L-W-E-G-H-L-S-F-H--	H	no	Fungi	Ascomycota	Aspergillus
A0A1S9E169	cluster_1	~-L-W-S-G-G-F-S-F-H--	G	no	Fungi	Ascomycota	Aspergillus
A0A1V6RJ70	cluster_1	~-L-W-D-T-K-F-S-F-H--	K	no	Fungi	Ascomycota	Penicillium
A0A1V8SKS2	cluster_3	~-L-W-E-D-G-L-S-F-H-C	G	no	Fungi	Ascomycota	Cryoendolithus
A0A1V8TJ40	cluster_3	~-L-W-E-D-G-L-S-F-H-C	G	no	Fungi	Ascomycota	Cryoendolithus
A0A1W2TRD3	cluster_1	~-L-A-L-T-Y-P-S-F-H--	Y	yes	Fungi	Ascomycota	Rosellinia
A0A1X7RSK7	cluster_1	~-L-W-E-V-S-I-S-F-H--	S	no	Fungi	Ascomycota	Zymoseptoria
A0A1Y1ZS34	cluster_1	~-L-A-L-M-Y-F-S-F-H--	Y	yes	Fungi	Ascomycota	Clohesyomyces
A0A1Y2DQ55	cluster_1	~-L-W-G-T-S-L-S-F-H--	S	no	Fungi	Ascomycota	Pseudomassariella
A0A1Y2EBR8	cluster_1	~-L-A-L-M-Y-F-S-F-H--	Y	yes	Fungi	Ascomycota	Pseudomassariella
A0A1Y6CW86	cluster_1	L-L-W-D-A-M-T-S-F-H-C	M	no	Bacteria	Pseudomonadota	Methylomagnum
A0A1Y6LIE0	cluster_1	~-L-W-E-V-S-I-S-F-H--	S	no	Fungi	Ascomycota	Zymoseptoria
A0A2A9PJA7	cluster_1	~-L-W-D-G-G-Q-S-F-H--	G	no	Fungi	Ascomycota	Ophiocordyceps
A0A2C5YSY6	cluster_1	~-L-W-D-G-A-Q-S-F-H--	A	no	Fungi	Ascomycota	Ophiocordyceps
A0A2D3V5Q1	cluster_1	~-L-W-E-N-I-V-S-F-H--	I	no	Fungi	Ascomycota	Ramularia
A0A2D3V8K9	cluster_1	~-L-W-E-S-T-I-S-F-H--	T	no	Fungi	Ascomycota	Ramularia
A0A2D3VL88	cluster_1	~-L-W-E-P-T-I-A-F-H--	T	no	Fungi	Ascomycota	Ramularia
A0A2G5HLZ7	cluster_1	~-L-Y-E-Q-V-V-A-F-H--	V	no	Fungi	Ascomycota	Cercospora
A0A2G5HTJ1	cluster_3	~-L-W-E-D-A-L-S-F-H-C	A	no	Fungi	Ascomycota	Cercospora
A0A2G5HZD7	cluster_1	~-L-W-E-N-I-V-S-F-H--	I	no	Fungi	Ascomycota	Cercospora
A0A2G7FQL5	cluster_1	~-L-W-S-G-G-F-S-F-H--	G	no	Fungi	Ascomycota	Aspergillus
A0A2G7FYG7	cluster_550	~-L-W-E-G-H-L-S-F-H--	H	no	Fungi	Ascomycota	Aspergillus
A0A2H1GEV7	cluster_1	~-L-W-E-V-S-I-S-F-H--	S	no	Fungi	Ascomycota	Zymoseptoria
A0A2H5BVB1	cluster_1	N-L-W-E-G-T-I-S-F-H--	T	no	Bacteria	Actinomycetota	Streptomyces
A0A2I1D3W9	cluster_1	~-L-W-D-G-R-V-S-F-H--	R	no	Fungi	Ascomycota	Aspergillus
A0A2I2FM34	cluster_1	~-L-W-D-G-R-V-S-F-H--	R	no	Fungi	Ascomycota	Aspergillus
A0A2J5HRQ5	cluster_1	~-L-W-D-G-R-V-S-F-H--	R	no	Fungi	Ascomycota	Aspergillus
A0A2J6R7T9	cluster_1	~-L-A-L-I-Y-F-S-F-H--	Y	yes	Fungi	Ascomycota	Hyaloscypha
A0A2J7ZPY5	cluster_22	Y-L-F-D-A-F-T-S-F-Q--	F	no	Plants	Chlorophyta	Tetrabaena
A0A2P1AAW5	cluster_1	I-L-W-E-G-T-I-S-F-H--	T	no	Bacteria	Actinomycetota	Streptomyces
A0A2P5HS54	cluster_1	~-L-W-L-G-F-F-S-F-H--	F	no	Fungi	Ascomycota	Diaporthe
A0A2P5HUK7	cluster_1	~-L-A-L-T-Y-A-S-F-H--	Y	yes	Fungi	Ascomycota	Diaporthe
A0A2S6BQA0	cluster_275	~-L-Y-E-Q-V-V-A-F-H--	V	no	Fungi	Ascomycota	Cercospora
A0A2S6BYK8	cluster_3	~-L-W-E-D-A-L-S-F-H-C	A	no	Fungi	Ascomycota	Cercospora
A0A2S6C060	cluster_1	~-L-W-E-D-S-T-S-F-H--	S	no	Fungi	Ascomycota	Cercospora
A0A2S6CLS6	cluster_1	~-L-W-E-N-I-V-S-F-H--	I	no	Fungi	Ascomycota	Cercospora
A0A2T2N650	cluster_1	~-L-A-L-M-Y-F-S-F-H--	Y	yes	Fungi	Ascomycota	Corynespora
A0A2T9YY23	cluster_1	~-L-L-E-G-L-M-S-F-H--	L	no	Fungi	Zoopagomycota	Smittium
A0A2T9ZGX3	cluster_1	~-L-F-E-G-L-M-S-F-H--	L	no	Fungi	Zoopagomycota	Smittium
A0A2V1CZ41	cluster_1	~-L-G-L-I-Y-P-S-F-H--	Y	yes	Fungi	Ascomycota	Periconia
A0A2V1DGW1	cluster_1	~-L-W-D-K-T-P-T-F-L--	T	no	Fungi	Ascomycota	Periconia
A0A2V5H5N5	cluster_1	~-L-W-D-G-T-V-S-F-H--	T	no	Fungi	Ascomycota	Aspergillus
A0A2V5IH92	cluster_1	~-L-W-D-G-A-V-S-F-H--	A	no	Fungi	Ascomycota	Aspergillus
A0A316VK00	cluster_1	~-L-C-E-Q-R-S-G-F-I--	R	no	Fungi	Basidiomycota	Meira
A0A317VQ11	cluster_1	~-L-W-S-E-A-T-S-F-H--	A	no	Fungi	Ascomycota	Aspergillus
A0A317WSV7	cluster_1	~-L-W-S-E-A-T-S-F-H--	A	no	Fungi	Ascomycota	Aspergillus
A0A318YR58	cluster_1	~-L-W-S-E-A-T-S-F-H--	A	no	Fungi	Ascomycota	Aspergillus
A0A319AKB9	cluster_1	~-L-W-D-G-A-V-S-F-H--	A	no	Fungi	Ascomycota	Aspergillus
A0A319B885	cluster_1	~-L-W-S-E-A-T-S-F-H--	A	no	Fungi	Ascomycota	Aspergillus
A0A319C6N8	cluster_1	~-L-W-D-G-T-V-S-F-H--	T	no	Fungi	Ascomycota	Aspergillus
A0A319DEV9	cluster_1	~-L-W-D-G-R-P-S-F-H--	R	no	Fungi	Ascomycota	Aspergillus
A0A319FE23	cluster_1	~-L-W-S-E-A-T-S-F-H--	A	no	Fungi	Ascomycota	Aspergillus
A0A367LMW1	cluster_1	~-L-W-D-G-G-Q-S-F-H--	G	no	Fungi	Ascomycota	Ophiocordyceps
A0A370BTI8	cluster_1	~-L-W-S-E-A-T-S-F-H--	A	no	Fungi	Ascomycota	Aspergillus
A0A370PGZ2	cluster_1	~-L-W-S-E-A-T-S-F-H--	A	no	Fungi	Ascomycota	Aspergillus
A0A395GM41	cluster_1	~-L-W-S-E-A-T-S-F-H--	A	no	Fungi	Ascomycota	Aspergillus
A0A395HNK2	cluster_1	~-L-W-D-G-S-V-S-F-H--	S	no	Fungi	Ascomycota	Aspergillus
A0A397H7T2	cluster_1	~-L-W-D-I-Q-F-S-F-H--	Q	no	Fungi	Ascomycota	Aspergillus
A0A3F3PZY0	cluster_1	~-L-W-S-E-A-T-S-F-H--	A	no	Fungi	Ascomycota	Aspergillus
A0A401KKL5	cluster_1	~-L-W-S-E-A-T-S-F-H--	A	no	Fungi	Ascomycota	Aspergillus
A0A401VX81	cluster_48	N-L-W-E-G-V-L-S-F-H--	V	no	Bacteria	Actinomycetota	Streptomyces
A0A423VRG5	cluster_214	~-L-W-F-G-F-F-S-F-H--	F	no	Fungi	Ascomycota	Cytospora
A0A423WHC4	cluster_215	~-L-W-F-G-F-F-S-F-H--	F	no	Fungi	Ascomycota	Cytospora
A0A423XJ27	cluster_216	~-L-W-L-G-F-F-S-F-H--	F	no	Fungi	Ascomycota	Cytospora
A0A439CSR6	cluster_1	~-L-A-L-T-Y-P-S-F-H--	Y	yes	Fungi	Ascomycota	Xylaria
A0A446BNG4	cluster_1	~-L-A-L-T-Y-P-S-F-H--	Y	yes	Fungi	Ascomycota	Thermothielavioides
A0A484FQK8	cluster_1	~-L-W-G-S-L-H-S-F-H--	L	no	Fungi	Ascomycota	Colletotrichum
A0A4P7N6R7	cluster_1	~-L-A-L-N-F-F-S-F-H--	F	no	Fungi	Ascomycota	Pyricularia
A0A4Q4TEY4	cluster_1	~-L-W-L-A-R-F-S-F-H--	R	no	Fungi	Ascomycota	Monosporascus
A0A4R8QLU2	cluster_1	~-L-W-G-S-L-H-S-F-H--	L	no	Fungi	Ascomycota	Colletotrichum
A0A4R8RMW3	cluster_1	~-L-W-G-S-L-H-S-F-H--	L	no	Fungi	Ascomycota	Colletotrichum
A0A4R8TJ20	cluster_1	~-L-W-G-S-L-H-S-F-H--	L	no	Fungi	Ascomycota	Colletotrichum
A0A4R8TLY6	cluster_1	~-L-W-E-P-T-L-S-F-H--	T	no	Fungi	Ascomycota	Colletotrichum
A0A4V3HSJ2	cluster_1	~-L-W-E-P-I-L-S-F-H--	I	no	Fungi	Ascomycota	Colletotrichum
A0A4Z0YS91	cluster_1	~-L-A-L-T-Y-P-S-F-H--	Y	yes	Fungi	Ascomycota	Xylaria
A0A502E729	cluster_1	L-L-W-D-A-M-T-S-F-H-C	M	no	Bacteria	Actinomycetota	Mycolicibacterium
A0A505I610	cluster_1	~-L-W-S-E-A-T-S-F-H--	A	no	Fungi	Ascomycota	Aspergillus
A0A507BF90	cluster_1	~-L-A-L-T-Y-P-S-F-H--	Y	yes	Fungi	Ascomycota	Thyridium
A0A553HQA6	cluster_1	~-L-W-D-L-A-I-S-F-H--	A	no	Fungi	Ascomycota	Xylaria
A0A553HXR9	cluster_1	~-L-A-L-T-Y-P-S-F-H--	Y	yes	Fungi	Ascomycota	Xylaria
A0A5C3N8U3	cluster_1	~-L-W-G-N-V-P-S-F-H--	V	no	Fungi	Basidiomycota	Heliocybe
A0A5N5X5R8	cluster_1	~-L-W-E-G-H-L-S-F-H--	H	no	Fungi	Ascomycota	Aspergillus
A0A5N6D168	cluster_1	~-L-W-E-G-H-L-S-F-H--	H	no	Fungi	Ascomycota	Aspergillus
A0A5N6DUW5	cluster_1	~-L-W-S-G-G-F-S-F-H--	G	no	Fungi	Ascomycota	Aspergillus
A0A5N6EJD5	cluster_1	~-L-W-S-G-G-F-S-F-H--	G	no	Fungi	Ascomycota	Aspergillus
A0A5N6F508	cluster_1	~-L-W-E-G-H-L-S-F-H--	H	no	Fungi	Ascomycota	Aspergillus
A0A5N6FIA9	cluster_1	~-L-W-E-G-H-L-S-F-H--	H	no	Fungi	Ascomycota	Petromyces
A0A5N6GZN3	cluster_1	~-L-W-S-G-G-F-S-F-H--	G	no	Fungi	Ascomycota	Aspergillus
A0A5N6HEJ2	cluster_1	~-L-W-E-G-H-L-S-F-H--	H	no	Fungi	Ascomycota	Aspergillus
A0A5N6I6U2	cluster_1	~-L-W-E-G-H-L-S-F-H--	H	no	Fungi	Ascomycota	Aspergillus
A0A5N6J598	cluster_1	~-L-W-S-G-G-F-S-F-H--	G	no	Fungi	Ascomycota	Aspergillus
A0A5N6JFE5	cluster_1	~-L-W-E-G-H-L-S-F-H--	H	no	Fungi	Ascomycota	Aspergillus
A0A5N6SWG5	cluster_1	~-L-W-E-G-H-L-S-F-H--	H	no	Fungi	Ascomycota	Aspergillus
A0A5N6T1N2	cluster_1	~-L-W-S-S-G-F-S-F-H--	G	no	Fungi	Ascomycota	Aspergillus
A0A5N6V107	cluster_1	~-L-W-S-S-G-F-S-F-H--	G	no	Fungi	Ascomycota	Aspergillus
A0A5N6V2I9	cluster_1	~-L-W-E-G-H-L-S-F-H--	H	no	Fungi	Ascomycota	Aspergillus
A0A5N6WFB8	cluster_1	~-L-W-S-G-G-F-S-F-H--	G	no	Fungi	Ascomycota	Aspergillus
A0A5N6X6I8	cluster_1	~-L-W-E-G-H-L-S-F-H--	H	no	Fungi	Ascomycota	Aspergillus
A0A5N6XCN8	cluster_1	~-L-W-S-G-G-F-S-F-H--	G	no	Fungi	Ascomycota	Aspergillus
A0A5N6YG73	cluster_1	~-L-W-S-G-G-F-S-F-H--	G	no	Fungi	Ascomycota	Aspergillus
A0A5N6YPB6	cluster_1	~-L-W-E-G-H-L-S-F-H--	H	no	Fungi	Ascomycota	Aspergillus
A0A5N6Z0V1	cluster_1	~-L-W-S-G-G-L-S-F-H--	G	no	Fungi	Ascomycota	Aspergillus
A0A5N6Z8Z5	cluster_1	~-L-W-E-G-H-L-S-F-H--	H	no	Fungi	Ascomycota	Aspergillus
A0A5N6ZKF8	cluster_1	~-L-W-S-S-G-F-S-F-H--	G	no	Fungi	Ascomycota	Aspergillus
A0A5N7AK09	cluster_1	~-L-W-E-G-H-L-S-F-H--	H	no	Fungi	Ascomycota	Aspergillus
A0A5N7AP20	cluster_1	~-L-W-S-G-R-F-S-F-H--	R	no	Fungi	Ascomycota	Aspergillus
A0A5N7BUY0	cluster_1	~-L-W-E-G-H-L-S-F-H--	H	no	Fungi	Ascomycota	Petromyces
A0A5N7BZL8	cluster_1	~-L-W-S-G-R-L-S-F-H--	R	no	Fungi	Ascomycota	Petromyces
A0A5N7DS27	cluster_1	~-L-W-S-G-R-F-S-F-H--	R	no	Fungi	Ascomycota	Aspergillus
A0A6A4Z1Y6	cluster_5	E-L-W-M-P-A-M-S-F-H--	A	no	Oomycota	Oomycota	Aphanomyces
A0A6A5U3X8	cluster_1	~-L-A-L-M-Y-F-S-F-H--	Y	yes	Fungi	Ascomycota	Byssothecium
A0A6A5U9F7	cluster_1	~-L-W-E-K-T-P-T-F-L--	T	no	Fungi	Ascomycota	Byssothecium
A0A6A5UP97	cluster_1	~-L-W-E-K-T-P-T-F-L--	T	no	Fungi	Ascomycota	Bimuria
A0A6A5VXR6	cluster_1	~-L-W-D-P-F-P-S-F-I--	F	no	Fungi	Ascomycota	Amniculicola
A0A6A5W2X8	cluster_1	~-L-A-L-M-Y-F-S-F-H--	Y	yes	Fungi	Ascomycota	Amniculicola
A0A6A5XX45	cluster_1	~-L-W-E-K-T-P-T-F-L--	T	no	Fungi	Ascomycota	Aaosphaeria
A0A6A5Y4J9	cluster_1	~-L-A-L-L-Y-F-S-F-H--	Y	yes	Fungi	Ascomycota	Aaosphaeria
A0A6A5Z917	cluster_1	~-L-A-L-M-Y-F-S-F-H--	Y	yes	Fungi	Ascomycota	Lophiotrema
A0A6A6C4J6	cluster_1	~-L-W-E-P-T-I-S-F-H--	T	no	Fungi	Ascomycota	Zasmidium
A0A6A6CER1	cluster_1	~-L-W-E-G-V-T-A-F-L--	V	no	Fungi	Ascomycota	Zasmidium
A0A6A6E0T2	cluster_1	~-L-A-L-L-Y-F-S-F-H--	Y	yes	Fungi	Ascomycota	Zopfia
A0A6A6F7N9	cluster_1	~-L-W-E-N-L-V-S-F-H--	L	no	Fungi	Ascomycota	Cercospora
A0A6A6FIZ2	cluster_3	~-L-W-E-D-A-L-S-F-H-C	A	no	Fungi	Ascomycota	Cercospora
A0A6A6I9W4	cluster_1	~-L-A-L-M-Y-F-S-F-H--	Y	yes	Fungi	Ascomycota	Trematosphaeria
A0A6A6JJV2	cluster_1	~-L-W-D-P-F-P-S-F-I--	F	no	Fungi	Ascomycota	Westerdykella
A0A6A6JKI9	cluster_1	~-L-A-L-M-Y-F-S-F-H--	Y	yes	Fungi	Ascomycota	Westerdykella
A0A6A6QI61	cluster_1	~-L-W-E-I-N-T-S-F-H--	N	no	Fungi	Ascomycota	Lophium
A0A6A6RLB0	cluster_1	~-L-W-E-K-I-P-P-F-L--	I	no	Fungi	Ascomycota	Massarina
A0A6A6RY10	cluster_1	~-L-A-L-M-Y-F-S-F-H--	Y	yes	Fungi	Ascomycota	Massarina
A0A6A6SBX8	cluster_1	~-L-W-D-P-S-L-S-F-L--	S	no	Fungi	Ascomycota	Massarina
A0A6A6TBX0	cluster_1	~-L-A-L-M-Y-F-S-F-H--	Y	yes	Fungi	Ascomycota	Lophiostoma
A0A6A6U8W6	cluster_1	~-L-A-L-T-Y-P-S-F-H--	Y	yes	Fungi	Ascomycota	Microthyrium
A0A6A6V5Z2	cluster_1	~-L-A-L-M-Y-F-S-F-H--	Y	yes	Fungi	Ascomycota	Sporormia
A0A6A6VHS6	cluster_1	~-L-W-D-P-F-P-S-F-I--	F	no	Fungi	Ascomycota	Sporormia
A0A6A6XS31	cluster_1	~-L-A-L-M-Y-F-S-F-H--	Y	yes	Fungi	Ascomycota	Melanomma
A0A6A6YP93	cluster_1	~-L-W-E-I-N-T-S-F-H--	N	no	Fungi	Ascomycota	Mytilinidion
A0A6A6ZWM6	cluster_1	~-L-A-L-M-Y-F-S-F-H--	Y	yes	Fungi	Ascomycota	Ophiobolus
A0A6G1INV5	cluster_1	~-L-A-L-M-Y-F-S-F-H--	Y	yes	Fungi	Ascomycota	Lentithecium
A0A6G1KA37	cluster_1	~-L-A-L-M-Y-F-S-F-H--	Y	yes	Fungi	Ascomycota	Pleomassaria
A0A6H9UQ49	cluster_1	I-L-W-E-G-T-I-S-F-H--	T	no	Bacteria	Actinomycetota	Streptomyces
A0A6J3LV43	cluster_3	~-L-W-E-D-G-L-S-F-H-C	G	no	Fungi	Ascomycota	Dissoconium
A0A6J3M5I3	cluster_1	~-L-W-E-A-G-L-S-F-H--	G	no	Fungi	Ascomycota	Dissoconium
A0A6L6WYS5	cluster_1	I-L-W-E-G-T-I-S-F-H--	T	no	Bacteria	Actinomycetota	Streptomyces
A0A6S7G5G2	cluster_1	~-L-W-L-N-S-E-A-F-H-C	S	no	Animals	Cnidaria	Paramuricea
A0A6V1U849	cluster_9	~-L-H-N-G-E-T-A-F-I-C	E	no	Oomycota	?	Heterosigma
A0A7C8IMI0	cluster_1	~-L-A-L-T-Y-P-S-F-H--	Y	yes	Fungi	Ascomycota	Xylaria
A0A7C8M1F0	cluster_1	~-L-A-L-M-Y-F-S-F-H--	Y	yes	Fungi	Ascomycota	Massariosphaeria
A0A7D5YT00	cluster_1	~-L-W-E-V-F-L-S-F-H--	F	no	Fungi	Ascomycota	Metarhizium
A0A7D5YVH6	cluster_1	~-L-W-E-P-S-L-S-F-H--	S	no	Fungi	Ascomycota	Metarhizium
A0A7H8RB58	cluster_1	~-L-W-E-F-A-L-S-F-H--	A	no	Fungi	Ascomycota	Talaromyces
A0A7J0CCQ1	cluster_1	N-L-W-E-G-T-I-S-F-H--	T	no	Bacteria	Actinomycetota	Streptomyces
A0A7K0C9D4	cluster_1	I-L-W-E-G-T-I-S-F-H--	T	no	Bacteria	Actinomycetota	Streptomyces
A0A7M6DQ32	cluster_23	~-L-F-R-A-D-Y-S-F-L--	D	no	Animals	Cnidaria	Clytia
A0A7S2W3X4	cluster_9	A-L-Q-G-G-S-E-S-F-I--	S	no	Oomycota	?	Rhizochromulina
A0A7S2W4W4	cluster_9	A-L-Q-G-G-S-E-S-F-I--	S	no	Oomycota	?	Rhizochromulina
A0A7S2W594	cluster_9	A-L-Q-G-G-W-E-S-F-I--	W	no	Oomycota	?	Rhizochromulina
A0A7S4DCA4	cluster_9	~-L-H-L-G-E-T-A-F-I-C	E	no	Oomycota	?	Heterosigma
A0A7U2MN31	cluster_1	~-L-W-S-G-G-F-S-F-H--	G	no	Fungi	Ascomycota	Aspergillus
A0A7U2QZU7	cluster_1	~-L-W-E-G-H-L-S-F-H--	H	no	Fungi	Ascomycota	Aspergillus
A0A813FA30	cluster_81	A-L-G-G-G-I-T-S-F-V--	I	no	?	?	Polarella
A0A813FLF8	cluster_225	A-L-G-D-G-F-T-S-F-L--	F	no	?	?	Polarella
A0A813HFF9	cluster_226	A-L-G-D-G-F-T-S-F-L--	F	no	?	?	Polarella
A0A813JVL4	cluster_81	A-L-G-V-G-I-T-S-F-L--	I	no	?	?	Polarella
A0A813K9V7	cluster_81	A-L-G-D-G-F-T-S-F-L--	F	no	?	?	Polarella
A0A846HA78	cluster_1	M-L-W-E-N-S-L-S-F-V--	S	no	Bacteria	Cyanobacteriota	Hassallia
A0A856MK52	cluster_1	M-L-W-E-N-G-I-S-F-I--	G	no	Bacteria	Cyanobacteriota	Brasilonema
A0A8A1UX83	cluster_48	N-L-W-E-G-V-L-S-F-H--	V	no	Bacteria	Actinomycetota	Streptomyces
A0A8E0QRX9	cluster_1	~-L-W-V-G-A-L-A-F-H--	A	no	Fungi	Ascomycota	Aspergillus
A0A8G1RYK6	cluster_1	~-L-W-D-G-T-V-S-F-H--	T	no	Fungi	Ascomycota	Aspergillus
A0A8G1VMI2	cluster_1	~-L-W-S-E-A-T-S-F-H--	A	no	Fungi	Ascomycota	Aspergillus
A0A8H3FYE1	cluster_1	~-L-W-E-R-T-F-S-F-L--	T	no	Fungi	Ascomycota	Gomphillus
A0A8H3WPE4	cluster_1	~-L-W-G-S-L-H-S-F-H--	L	no	Fungi	Ascomycota	Colletotrichum
A0A8H4CIC1	cluster_1	~-L-W-G-S-L-H-S-F-H--	L	no	Fungi	Ascomycota	Colletotrichum
A0A8H4RXW4	cluster_1051	~-L-A-L-L-Y-F-S-F-H--	Y	yes	Fungi	Ascomycota	Cudoniella
A0A8H4VEL5	cluster_1	~-L-W-D-G-A-Q-S-F-H--	A	no	Fungi	Ascomycota	Ophiocordyceps
A0A8H5ZV75	cluster_1	~-L-W-S-G-R-L-S-F-H--	R	no	Fungi	Ascomycota	Petromyces
A0A8H6K5B3	cluster_1	~-L-W-G-S-L-H-S-F-H--	L	no	Fungi	Ascomycota	Colletotrichum
A0A8H6MXZ4	cluster_1	~-L-W-G-S-L-H-S-F-H--	L	no	Fungi	Ascomycota	Colletotrichum
A0A8H6NLN1	cluster_1	~-L-W-G-S-L-H-S-F-H--	L	no	Fungi	Ascomycota	Colletotrichum
A0A8H6RGS3	cluster_3	~-L-W-E-D-G-L-S-F-L-C	G	no	Fungi	Ascomycota	Pseudocercospora
A0A8H6RWT0	cluster_1	~-L-W-E-N-L-V-S-F-H--	L	no	Fungi	Ascomycota	Pseudocercospora
A0A8H6VEP3	cluster_1	~-L-F-I-P-T-I-S-F-H--	T	no	Fungi	Ascomycota	Pseudocercospora
A0A8H7AEH3	cluster_1	~-L-W-S-A-F-P-S-F-H--	F	no	Fungi	Ascomycota	Endocarpon
A0A8H7H1R4	cluster_1	~-L-W-E-N-F-K-S-F-H--	F	no	Fungi	Basidiomycota	Rhizoctonia
A0A8H7H281	cluster_1	~-L-W-E-D-G-N-S-F-H--	G	no	Fungi	Basidiomycota	Rhizoctonia
A0A8H7HQN1	cluster_1	~-L-W-E-N-L-I-S-F-H--	L	no	Fungi	Basidiomycota	Rhizoctonia
A0A8H7IE62	cluster_1	~-L-W-D-N-L-L-S-F-H--	L	no	Fungi	Basidiomycota	Rhizoctonia
A0A8H7LHE7	cluster_1	~-L-W-E-N-L-I-S-F-H--	L	no	Fungi	Basidiomycota	Rhizoctonia
A0A8H8SZK0	cluster_1	~-L-W-E-N-F-K-S-F-H--	F	no	Fungi	Basidiomycota	Rhizoctonia
A0A8K0WNM9	cluster_1	~-L-W-E-G-L-R-S-F-H--	L	no	Fungi	Ascomycota	Stachybotrys
A0A8T8WPH3	cluster_1	~-L-W-D-G-T-V-S-F-H--	T	no	Fungi	Ascomycota	Aspergillus
A0A914W9Q0	cluster_887	~-L-F-E-G-M-M-S-F-F--	M	no	Animals	Nematoda	Plectus
A0A914WL47	cluster_1	~-L-F-E-G-M-M-S-F-F--	M	no	Animals	Nematoda	Plectus
A0A918F473	cluster_1	N-L-W-E-G-S-I-S-F-H--	S	no	Bacteria	Actinomycetota	Streptomyces
A0A919FJI3	cluster_1	N-L-W-E-G-V-I-S-F-H--	V	no	Bacteria	Actinomycetota	Kitasatospora
A0A9N9W1M7	cluster_1	~-L-W-D-F-G-L-S-F-H--	G	no	Fungi	Ascomycota	Clonostachys
A0A9N9Y220	cluster_1	~-L-W-D-F-G-L-S-F-H--	G	no	Fungi	Ascomycota	Clonostachys
A0A9P1H0N5	cluster_1	~-L-S-L-S-Y-F-S-F-H--	Y	yes	Fungi	Ascomycota	Parascedosporium
A0A9P1M7K0	cluster_1	~-L-A-M-I-Y-P-S-F-H--	Y	yes	Fungi	Ascomycota	Parascedosporium
A0A9P3C899	cluster_1	~-L-W-E-N-I-V-S-F-H--	I	no	Fungi	Ascomycota	Cercospora
A0A9P3CF74	cluster_417	~-L-Y-E-Q-V-V-A-F-H--	V	no	Fungi	Ascomycota	Cercospora
A0A9P3CP31	cluster_1	~-L-Y-E-Q-V-V-A-F-H--	V	no	Fungi	Ascomycota	Cercospora
A0A9P3CPX6	cluster_3	~-L-W-E-D-A-L-S-F-H-C	A	no	Fungi	Ascomycota	Cercospora
A0A9P4I595	cluster_1	~-L-W-L-R-N-N-A-F-H--	N	no	Fungi	Ascomycota	Rhizodiscina
A0A9P4K276	cluster_1	~-L-W-D-P-F-P-S-F-I--	F	no	Fungi	Ascomycota	Lojkania
A0A9P4K8D0	cluster_1	~-L-G-L-M-Y-F-S-F-H--	Y	yes	Fungi	Ascomycota	Lojkania
A0A9P4M4U2	cluster_1	~-L-W-A-S-F-P-S-F-H--	F	no	Fungi	Ascomycota	Rhizodiscina
A0A9P4MWE6	cluster_1	~-L-A-L-L-Y-F-S-F-H--	Y	yes	Fungi	Ascomycota	Delitschia
A0A9P4NY90	cluster_1	S-L-W-Q-F-M-P-S-F-H--	M	no	Fungi	Ascomycota	Tothia
A0A9P4PM39	cluster_1	~-L-W-E-K-T-P-T-F-L--	T	no	Fungi	Ascomycota	Karstenula
A0A9P4PMY7	cluster_1	~-L-A-L-M-Y-F-S-F-H--	Y	yes	Fungi	Ascomycota	Karstenula
A0A9P4QZV1	cluster_1	~-L-A-L-M-Y-F-S-F-H--	Y	yes	Fungi	Ascomycota	Polyplosphaeria
A0A9P5BQW9	cluster_1	~-L-W-G-S-L-H-S-F-H--	L	no	Fungi	Ascomycota	Colletotrichum
A0A9P6GF49	cluster_1	~-L-A-L-M-Y-F-S-F-H--	Y	yes	Fungi	Ascomycota	Paraphaeosphaeria
A0A9P6GNG8	cluster_1	~-L-W-E-K-T-P-T-F-L--	T	no	Fungi	Ascomycota	Paraphaeosphaeria
A0A9P6I471	cluster_1	~-L-W-G-S-L-H-S-F-H--	L	no	Fungi	Ascomycota	Colletotrichum
A0A9P7RI56	cluster_1	~-L-W-G-S-L-H-S-F-H--	L	no	Fungi	Ascomycota	Colletotrichum
A0A9P7YDW7	cluster_1	~-L-A-L-I-Y-F-S-F-H--	Y	yes	Fungi	Ascomycota	Amylocarpus
A0A9P8M2B5	cluster_1	~-L-W-E-V-F-L-S-F-H--	F	no	Fungi	Ascomycota	Metarhizium
A0A9P8M342	cluster_1	~-L-W-E-P-L-L-S-F-H--	L	no	Fungi	Ascomycota	Metarhizium
A0A9P9EE65	cluster_1	~-L-A-L-M-Y-F-S-F-H--	Y	yes	Fungi	Ascomycota	Dendryphion
A0A9Q0AJM4	cluster_1	~-L-A-L-T-Y-P-S-F-H--	Y	yes	Fungi	Ascomycota	Neoarthrinium
A0A9Q0B0H4	cluster_1	~-L-W-G-S-L-H-S-F-H--	L	no	Fungi	Ascomycota	Colletotrichum
A0A9Q8LDJ5	cluster_1	~-L-W-E-P-T-I-S-F-H--	T	no	Fungi	Ascomycota	Passalora
A0A9Q9AWR3	cluster_3	~-L-W-E-D-G-L-S-F-H-C	G	no	Fungi	Ascomycota	Septoria
A0A9Q9EIM0	cluster_1	~-L-W-E-N-I-V-S-F-H--	I	no	Fungi	Ascomycota	Septoria
A0A9W4U7M0	cluster_1	~-L-W-D-K-T-P-T-F-L--	T	no	Fungi	Ascomycota	Periconia
A0A9W4WDL8	cluster_1	~-L-W-G-S-L-H-S-F-H--	L	no	Fungi	Ascomycota	Colletotrichum
A0A9W4XQI1	cluster_1	~-L-A-L-M-Y-F-S-F-H--	Y	yes	Fungi	Ascomycota	Periconia
A0A9W5YQX1	cluster_1	~-L-W-S-E-A-T-S-F-H--	A	no	Fungi	Ascomycota	Aspergillus
A0A9W6ALU9	cluster_1	~-L-W-S-E-A-T-S-F-H--	A	no	Fungi	Ascomycota	Aspergillus
A0A9W7ZKP7	cluster_1	~-L-W-E-D-Q-T-S-F-H-C	Q	no	Fungi	Zoopagomycota	Mycoemilia
A0A9W7ZTN6	cluster_1	~-L-F-E-G-I-Q-S-F-H--	I	no	Fungi	Zoopagomycota	Mycoemilia
A0A9W7ZY02	cluster_1	~-L-F-E-N-R-M-A-F-H--	R	no	Fungi	Zoopagomycota	Tieghemiomyces
A0A9W8DT63	cluster_1	~-L-F-E-N-R-M-A-F-H--	R	no	Fungi	Zoopagomycota	Tieghemiomyces
A0A9W8N7V4	cluster_1	~-L-A-L-T-Y-P-S-F-H--	Y	yes	Fungi	Ascomycota	Xylaria
A0A9W8TQB9	cluster_3	~-L-W-E-N-N-L-T-F-H-C	N	no	Fungi	Ascomycota	Xylaria
A0A9W9CD07	cluster_303	~-L-W-E-K-T-P-T-F-L--	T	no	Fungi	Ascomycota	Didymosphaeria
A0A9W9SI09	cluster_1	~-L-W-D-T-K-F-S-F-H--	K	no	Fungi	Ascomycota	Penicillium
A0A9W9W8Y3	cluster_1	~-L-W-D-A-E-F-S-F-H--	E	no	Fungi	Ascomycota	Penicillium
A0A9X5I711	cluster_1	M-L-W-E-N-S-L-S-F-I--	S	no	Bacteria	Cyanobacteriota	Scytonema
A0AA38RL25	cluster_1	~-L-A-L-T-Y-P-S-F-H--	Y	yes	Fungi	Ascomycota	Pleurostoma
A0AA38RLD9	cluster_1	~-L-A-L-T-Y-P-S-F-H--	Y	yes	Fungi	Ascomycota	Coniochaeta
A0AA38W271	cluster_1	~-L-S-L-N-Y-F-S-F-H--	Y	yes	Fungi	Ascomycota	Coniochaeta
A0AA39PN87	cluster_1	G-L-I-L-V-V-Y-A-F-H--	V	no	Fungi	Basidiomycota	Armillaria
A0AA39WCE6	cluster_1	~-L-A-L-T-Y-P-S-F-H--	Y	yes	Fungi	Ascomycota	Bombardia
A0AA39WJQ3	cluster_1	~-L-A-L-T-Y-P-S-F-H--	Y	yes	Fungi	Ascomycota	Immersiella
A0AA39WLS3	cluster_1	~-L-A-L-T-Y-A-S-F-H--	Y	yes	Fungi	Ascomycota	Immersiella
A0AA39WY20	cluster_1	~-L-G-L-N-Y-F-S-F-H--	Y	yes	Fungi	Ascomycota	Immersiella
A0AA39XD07	cluster_1	S-L-W-E-T-G-Q-S-F-H--	G	no	Fungi	Ascomycota	Immersiella
A0AA39Y697	cluster_1	~-L-G-M-N-Y-F-S-F-H--	Y	yes	Fungi	Ascomycota	Cercophora
A0AA39Y7F5	cluster_1	~-L-A-L-N-Y-P-S-F-H--	Y	yes	Fungi	Ascomycota	Cercophora
A0AA39ZZ44	cluster_1	~-L-A-L-T-Y-P-S-F-H--	Y	yes	Fungi	Ascomycota	Lasiosphaeria
A0AA40A3H6	cluster_1	~-L-A-L-T-Y-A-S-F-H--	Y	yes	Fungi	Ascomycota	Lasiosphaeris
A0AA40ANQ1	cluster_1	~-L-A-L-S-Y-P-S-F-H--	Y	yes	Fungi	Ascomycota	Lasiosphaeris
A0AA40BQV3	cluster_1	~-L-A-L-T-Y-A-S-F-H--	Y	yes	Fungi	Ascomycota	Schizothecium
A0AA40DDD7	cluster_1	~-L-A-L-T-Y-P-S-F-H--	Y	yes	Fungi	Ascomycota	Cercophora
A0AA40DEJ6	cluster_1	~-L-A-L-N-Y-F-S-F-H--	Y	yes	Fungi	Ascomycota	Cercophora
A0AA40ECL0	cluster_1	~-L-A-L-N-Y-F-S-F-H--	Y	yes	Fungi	Ascomycota	Apiosordaria
A0AA40F5A8	cluster_1	~-L-A-L-N-Y-P-S-F-H--	Y	yes	Fungi	Ascomycota	Schizothecium
A0AA40K3E2	cluster_1	~-L-A-L-T-Y-P-S-F-H--	Y	yes	Fungi	Ascomycota	Apiosordaria
A0AA97P1L6	cluster_1	~-L-A-L-N-F-F-S-F-H--	F	no	Fungi	Ascomycota	Pyricularia
A0AAD4CRI2	cluster_1	~-L-W-D-G-R-V-S-F-H--	R	no	Fungi	Ascomycota	Aspergillus
A0AAD4GXZ1	cluster_1	~-L-W-E-G-Q-L-S-F-H--	Q	no	Fungi	Ascomycota	Aspergillus
A0AAD7UG45	cluster_622	~-L-W-T-A-G-Q-S-F-H--	G	no	Oomycota	?	Chrysophaeum
A0AAD7UNL2	cluster_624	~-L-W-S-A-G-H-S-F-H--	G	no	Oomycota	?	Chrysophaeum
A0AAD7UQ54	cluster_815	~-L-W-S-A-E-H-S-F-H--	E	no	Oomycota	?	Chrysophaeum
A0AAD7XMK8	cluster_9	~-L-H-L-G-M-T-A-F-V-C	M	no	Oomycota	?	Chrysophaeum
A0AAD8X9C3	cluster_1	~-L-W-G-S-L-H-S-F-H--	L	no	Fungi	Ascomycota	Glomerella
A0AAD9ALS5	cluster_1	~-L-W-G-S-L-H-S-F-H--	L	no	Fungi	Ascomycota	Colletotrichum
A0AAD9S832	cluster_1	~-L-W-L-G-Y-F-S-F-H--	Y	yes	Fungi	Ascomycota	Phomopsis
A0AAD9SAU8	cluster_1	~-L-A-L-T-T-P-S-F-H--	T	no	Fungi	Ascomycota	Phomopsis
A0AAD9YAS1	cluster_1	~-L-W-G-S-L-H-S-F-H--	L	no	Fungi	Ascomycota	Colletotrichum
A0AAE0HH78	cluster_1	~-L-A-L-S-Y-F-S-F-H--	Y	yes	Fungi	Ascomycota	Chaetomium
A0AAE0HSX3	cluster_1	~-L-A-L-T-Y-P-S-F-H--	Y	yes	Fungi	Ascomycota	Apodospora
A0AAE0HT14	cluster_1	~-L-A-L-T-Y-P-S-F-H--	Y	yes	Fungi	Ascomycota	Apodospora
A0AAE0I6J2	cluster_1	~-L-A-L-T-Y-P-S-F-H--	Y	yes	Fungi	Ascomycota	Cercophora
A0AAE0K860	cluster_1	~-L-A-L-T-Y-P-S-F-H--	Y	yes	Fungi	Ascomycota	Lasiosphaeria
A0AAE0NGK3	cluster_1	~-L-A-L-T-Y-P-S-F-H--	Y	yes	Fungi	Ascomycota	Podospora
A0AAE0NP88	cluster_1	~-L-A-L-T-Y-P-S-F-H--	Y	yes	Fungi	Ascomycota	Podospora
A0AAE0XD17	cluster_1	~-L-A-L-T-Y-P-S-F-H--	Y	yes	Fungi	Ascomycota	Podospora
A0AAE8MR11	cluster_1	~-L-S-L-S-Y-F-S-F-H--	Y	yes	Fungi	Ascomycota	Cephalotrichum
A0AAI8W1K5	cluster_1	~-L-W-E-P-T-I-S-F-H--	T	no	Fungi	Ascomycota	Lecanosticta
A0AAI9UBG7	cluster_1	~-L-W-G-S-L-H-S-F-H--	L	no	Fungi	Ascomycota	Colletotrichum
A0AAJ0B3A3	cluster_1	~-L-A-L-T-Y-P-S-F-H--	Y	yes	Fungi	Ascomycota	Echria
A0AAJ0B3L8	cluster_1	~-L-A-L-S-Y-P-S-F-H--	Y	yes	Fungi	Ascomycota	Echria
A0AAJ0BV50	cluster_1	~-L-S-L-N-F-F-S-F-H--	F	no	Fungi	Ascomycota	Phialemonium
A0AAJ0E604	cluster_1	~-L-W-G-S-L-H-S-F-H--	L	no	Fungi	Ascomycota	Colletotrichum
A0AAJ0EI35	cluster_1	~-L-W-G-S-L-H-S-F-H--	L	no	Fungi	Ascomycota	Colletotrichum
A0AAJ0EN58	cluster_1	~-L-W-G-S-L-H-S-F-H--	L	no	Fungi	Ascomycota	Colletotrichum
A0AAJ0GKT0	cluster_1	~-L-A-L-N-F-F-S-F-H--	F	no	Fungi	Ascomycota	Chaetomium
A0AAJ0H5P6	cluster_1	~-L-A-L-N-F-F-S-F-H--	F	no	Fungi	Ascomycota	Lasiosphaeria
A0AAJ0HDQ5	cluster_1	~-L-A-L-T-Y-P-S-F-H--	Y	yes	Fungi	Ascomycota	Lasiosphaeria
A0AAJ0HEA8	cluster_1	~-L-A-L-T-Y-A-S-F-H--	Y	yes	Fungi	Ascomycota	Lasiosphaeria
A0AAJ8BRQ6	cluster_1	~-L-W-S-E-A-T-S-F-H--	A	no	Fungi	Ascomycota	Aspergillus
A0AAN6M599	cluster_1	~-L-W-E-K-T-P-T-F-L--	T	no	Fungi	Ascomycota	Pseudopithomyces
A0AAN6MNM3	cluster_1	~-L-A-L-N-Y-P-S-F-H--	Y	yes	Fungi	Ascomycota	Staphylotrichum
A0AAN6N4Y0	cluster_1	~-L-A-L-T-Y-P-S-F-H--	Y	yes	Fungi	Ascomycota	Diplogelasinospora
A0AAN6P5W1	cluster_1	~-L-A-L-N-Y-P-S-F-H--	Y	yes	Fungi	Ascomycota	Parachaetomium
A0AAN6PI32	cluster_1	~-L-A-L-N-Y-F-S-F-H--	Y	yes	Fungi	Ascomycota	Parachaetomium
A0AAN6QDL8	cluster_1	~-L-A-L-T-Y-A-S-F-H--	Y	yes	Fungi	Ascomycota	Canariomyces
A0AAN6RFI8	cluster_1	~-L-A-L-M-Y-F-S-F-H--	Y	yes	Fungi	Ascomycota	Pseudopithomyces
A0AAN6RUV2	cluster_1	~-L-A-L-N-Y-F-S-F-H--	Y	yes	Fungi	Ascomycota	Staphylotrichum
A0AAN6UVQ6	cluster_1	~-L-A-L-N-Y-F-S-F-H--	Y	yes	Fungi	Ascomycota	Dichotomopilus
A0AAN6VYC9	cluster_1	~-L-A-L-T-Y-P-S-F-H--	Y	yes	Fungi	Ascomycota	Triangularia
A0AAN6W7F1	cluster_1	~-L-A-L-N-Y-F-S-F-H--	Y	yes	Fungi	Ascomycota	Triangularia
A0AAN6WQA5	cluster_1	~-L-A-L-N-Y-P-S-F-H--	Y	yes	Fungi	Ascomycota	Podospora
A0AAN6WUW4	cluster_1	~-L-A-L-T-Y-P-S-F-H--	Y	yes	Fungi	Ascomycota	Podospora
A0AAN6XB50	cluster_1	~-L-A-L-N-Y-F-S-F-H--	Y	yes	Fungi	Ascomycota	Triangularia
A0AAN6Y0W5	cluster_1	~-L-G-L-E-F-P-S-F-H--	F	no	Fungi	Ascomycota	Rhypophila
A0AAN6ZWU7	cluster_1	~-L-A-L-N-Y-F-S-F-H--	Y	yes	Fungi	Ascomycota	Chaetomidium
A0AAN7AR50	cluster_1	~-L-A-L-T-Y-P-S-F-H--	Y	yes	Fungi	Ascomycota	Triangularia
A0AAN7BA66	cluster_1	~-L-A-L-T-Y-P-S-F-H--	Y	yes	Fungi	Ascomycota	Rhypophila
A0AAN7BBE1	cluster_1	~-L-A-L-T-Y-P-S-F-H--	Y	yes	Fungi	Ascomycota	Rhypophila
A0AAN7BQM1	cluster_1	~-L-G-L-M-Y-F-S-F-H--	Y	yes	Fungi	Ascomycota	Podospora
A0AAN7CA35	cluster_1	~-L-A-L-N-Y-F-S-F-H--	Y	yes	Fungi	Ascomycota	Achaetomium
A0AAN7GYN8	cluster_1	~-L-A-L-T-Y-P-S-F-H--	Y	yes	Fungi	Ascomycota	Podospora
A0AAN7HDM4	cluster_1	~-L-A-L-S-Y-F-S-F-H--	Y	yes	Fungi	Ascomycota	Corynascus
A0AAN7Z794	cluster_1	~-L-A-L-T-Y-A-S-F-H--	Y	yes	Fungi	Ascomycota	Xylaria
A0AAN9ULJ2	cluster_1	~-L-W-L-G-F-F-S-F-H--	F	no	Fungi	Ascomycota	Cytospora
A0AAN9YPY3	cluster_1	~-L-A-L-T-Y-P-S-F-H--	Y	yes	Fungi	Ascomycota	Diatrype
A0AAV9GEE9	cluster_1	~-L-A-L-T-Y-A-S-F-H--	Y	yes	Fungi	Ascomycota	Podospora
A0AAV9GKC3	cluster_1	~-L-G-L-N-Y-F-S-F-H--	Y	yes	Fungi	Ascomycota	Podospora
A0AAV9GMT8	cluster_1	~-L-A-L-T-Y-P-S-F-H--	Y	yes	Fungi	Ascomycota	Podospora
A0AAV9HUP8	cluster_1	~-L-A-L-T-Y-P-S-F-H--	Y	yes	Fungi	Ascomycota	Cladorrhinum
A0AAW0QU21	cluster_1	~-L-W-E-R-T-P-P-F-L--	T	no	Fungi	Ascomycota	Apiospora
A0AAX6MK48	cluster_1	~-L-W-E-L-T-P-T-F-L--	T	no	Fungi	Ascomycota	Daldinia
A0AB37UNL5	cluster_1	M-L-W-E-N-S-L-S-F-I--	S	no	Bacteria	Cyanobacteriota	Chroococcidiopsis
A0AB74BTV7	cluster_1	~-L-W-E-G-H-L-S-F-H--	H	no	Fungi	Ascomycota	Aspergillus
A0AB74C971	cluster_1	~-L-W-S-G-G-F-S-F-H--	G	no	Fungi	Ascomycota	Aspergillus
A0ABN7UWA3	cluster_685	~-L-W-E-D-V-V-A-F-H-C	V	no	Fungi	Mucoromycota	Gigaspora
A0ABP0B1V4	cluster_1	~-L-A-L-T-Y-P-S-F-H--	Y	yes	Fungi	Ascomycota	Sporothrix
A0ABP0CPT3	cluster_1	~-L-S-L-N-Y-F-S-F-H--	Y	yes	Fungi	Ascomycota	Sporothrix
A0ABP0CRD0	cluster_1	~-L-A-L-T-Y-P-S-F-H--	Y	yes	Fungi	Ascomycota	Sporothrix
A0ABP0CYK4	cluster_1	~-L-A-L-T-Y-P-S-F-H--	Y	yes	Fungi	Ascomycota	Sporothrix
A0ABP4FJU9	cluster_1	N-L-W-E-G-S-I-S-F-H--	S	no	Bacteria	Actinomycetota	Streptomyces
A0ABP6MHW8	cluster_1	N-L-W-E-G-T-I-S-F-H--	T	no	Bacteria	Actinomycetota	Streptomyces
A0ABQ0CRJ4	cluster_1	~-L-W-E-A-A-F-S-F-I--	A	no	Fungi	Ascomycota	Epichloe
A0ABQ0G2N7	cluster_1	~-L-A-L-N-Y-P-S-F-H--	Y	yes	Fungi	Ascomycota	Madurella
A0ABQ0G3Z9	cluster_1	~-L-A-L-M-Y-A-S-F-H--	Y	yes	Fungi	Ascomycota	Madurella
A0ABQ0GH37	cluster_1	~-L-A-L-T-Y-P-S-F-H--	Y	yes	Fungi	Ascomycota	Madurella
A0ABQ6WNZ5	cluster_1	~-L-W-S-S-G-F-S-F-H--	G	no	Fungi	Ascomycota	Aspergillus
A0ABQ6WYP4	cluster_1	~-L-W-E-G-H-L-S-F-H--	H	no	Fungi	Ascomycota	Aspergillus
A0ABQ8FNS5	cluster_371	~-L-W-E-N-A-P-S-F-H--	A	no	Fungi	Chytridiomycota	Batrachochytrium
A0ABQ8NXU0	cluster_1	~-L-A-L-N-F-F-S-F-H--	F	no	Fungi	Ascomycota	Pyricularia
A0ABQ9Q389	cluster_1	~-L-W-G-S-L-H-S-F-H--	L	no	Fungi	Ascomycota	Colletotrichum
A0ABQ9QZ22	cluster_1	~-L-W-G-S-L-H-S-F-H--	L	no	Fungi	Ascomycota	Colletotrichum
A0ABQ9SJ08	cluster_1	~-L-W-G-S-L-H-S-F-H--	L	no	Fungi	Ascomycota	Colletotrichum
A0ABR0E5Z9	cluster_481	~-L-W-E-P-T-I-S-F-H--	T	no	Fungi	Ascomycota	Zasmidium
A0ABR0EDL9	cluster_1	~-L-W-E-G-V-T-A-F-L--	V	no	Fungi	Ascomycota	Zasmidium
A0ABR0FAF3	cluster_1	~-L-A-L-N-Y-F-S-F-H--	Y	yes	Fungi	Ascomycota	Podospora
A0ABR0FAT7	cluster_1	~-L-A-L-T-Y-P-S-F-H--	Y	yes	Fungi	Ascomycota	Podospora
A0ABR0G5J0	cluster_1	~-L-A-L-N-Y-F-S-F-H--	Y	yes	Fungi	Ascomycota	Podospora
A0ABR0G7F0	cluster_1	~-L-A-L-T-Y-P-S-F-H--	Y	yes	Fungi	Ascomycota	Podospora
A0ABR0H352	cluster_1	~-L-A-L-N-Y-F-S-F-H--	Y	yes	Fungi	Ascomycota	Podospora
A0ABR0H4B3	cluster_1	~-L-A-L-T-Y-P-S-F-H--	Y	yes	Fungi	Ascomycota	Podospora
A0ABR0HM73	cluster_1	~-L-A-L-N-Y-F-S-F-H--	Y	yes	Fungi	Ascomycota	Podospora
A0ABR0HSZ9	cluster_1	~-L-A-L-T-Y-P-S-F-H--	Y	yes	Fungi	Ascomycota	Podospora
A0ABR0SBR0	cluster_1	~-L-W-E-G-V-F-S-F-H--	V	no	Fungi	Ascomycota	Cladobotryum
A0ABR1G7X3	cluster_9	~-L-H-L-G-M-T-A-F-I-C	M	no	Oomycota	?	Aureococcus
A0ABR1GDE4	cluster_9	~-L-H-L-G-M-T-A-F-I-C	M	no	Oomycota	?	Aureococcus
A0ABR1NZS4	cluster_1	~-L-W-L-G-F-F-S-F-H--	F	no	Fungi	Ascomycota	Diaporthe
A0ABR1PTC1	cluster_1	~-L-S-L-N-Y-F-S-F-H--	Y	yes	Fungi	Ascomycota	Apiospora
A0ABR1Q1Z9	cluster_1	~-L-W-E-R-T-P-P-F-L--	T	no	Fungi	Ascomycota	Apiospora
A0ABR1RLR2	cluster_1	~-L-S-L-N-Y-F-S-F-H--	Y	yes	Fungi	Ascomycota	Apiospora
A0ABR1RYJ1	cluster_1	~-L-S-L-N-Y-F-S-F-H--	Y	yes	Fungi	Ascomycota	Apiospora
A0ABR1RZG1	cluster_1	~-L-W-E-R-T-P-P-F-L--	T	no	Fungi	Ascomycota	Apiospora
A0ABR1S4H1	cluster_1	~-L-W-E-G-L-T-S-F-H--	L	no	Fungi	Ascomycota	Apiospora
A0ABR1T246	cluster_1	~-L-W-E-G-L-T-S-F-H--	L	no	Fungi	Ascomycota	Apiospora
A0ABR1UHA3	cluster_1	~-L-S-L-N-Y-F-S-F-H--	Y	yes	Fungi	Ascomycota	Apiospora
A0ABR1VBU5	cluster_1	~-L-W-E-R-T-P-P-F-L--	T	no	Fungi	Ascomycota	Apiospora
A0ABR1VKF8	cluster_1	~-L-W-E-R-T-P-P-F-L--	T	no	Fungi	Ascomycota	Apiospora
A0ABR1VLJ6	cluster_1	~-L-W-E-G-L-T-S-F-H--	L	no	Fungi	Ascomycota	Apiospora
A0ABR1VWS6	cluster_1	~-L-W-E-R-T-P-P-F-L--	T	no	Fungi	Ascomycota	Apiospora
A0ABR1W1A7	cluster_1	~-L-S-L-N-Y-F-S-F-H--	Y	yes	Fungi	Ascomycota	Apiospora
A0ABR1X8L1	cluster_1	~-L-S-L-N-Y-F-S-F-H--	Y	yes	Fungi	Ascomycota	Apiospora
A0ABR2HL23	cluster_1	~-L-S-L-N-Y-F-S-F-H--	Y	yes	Fungi	Ascomycota	Apiospora
A0ABR2JI60	cluster_1	~-L-W-E-G-L-T-S-F-H--	L	no	Fungi	Ascomycota	Apiospora
A0ABR2JIV1	cluster_1	~-L-W-E-R-T-P-P-F-L--	T	no	Fungi	Ascomycota	Apiospora
A0ABR3RMI3	cluster_1	~-L-W-E-K-T-P-T-F-L--	T	no	Fungi	Ascomycota	Paraconiothyrium
A0ABR3V2B3	cluster_1	~-L-A-L-M-Y-F-S-F-H--	Y	yes	Fungi	Ascomycota	Humicola
A0ABR3VZ55	cluster_1	~-L-A-L-T-Y-A-S-F-H--	Y	yes	Fungi	Ascomycota	Diaporthe
A0ABR3W2E0	cluster_1	~-L-W-L-G-Y-F-S-F-H--	Y	yes	Fungi	Ascomycota	Diaporthe
A0ABR3WER5	cluster_1	~-L-S-L-N-Y-F-S-F-H--	Y	yes	Fungi	Ascomycota	Phialemonium
A0ABR3WG91	cluster_1	~-L-A-L-T-Y-P-S-F-H--	Y	yes	Fungi	Ascomycota	Phialemonium
A0ABR3YYR7	cluster_1	~-L-A-L-T-Y-P-S-F-H--	Y	yes	Fungi	Ascomycota	Sporothrix
A0ABR4DNW5	cluster_1	~-L-A-L-I-Y-F-S-F-H--	Y	yes	Fungi	Ascomycota	Remersonia
A0ABR4EBM5	cluster_1	~-L-W-L-G-F-F-S-F-H--	F	no	Fungi	Ascomycota	Diaporthe
A0ABR4FJN7	cluster_1	~-L-W-D-G-A-L-A-F-H--	A	no	Fungi	Ascomycota	Aspergillus
A0ABR4GQ44	cluster_1	~-L-W-D-G-D-V-S-F-H--	D	no	Fungi	Ascomycota	Aspergillus
A0ABR4KNX9	cluster_1	~-L-W-I-G-A-L-A-F-H--	A	no	Fungi	Ascomycota	Aspergillus
A0ABR4KP32	cluster_1	~-L-W-D-G-D-V-S-F-H--	D	no	Fungi	Ascomycota	Aspergillus
A0ABR4LCV8	cluster_1	~-L-W-D-G-D-V-S-F-H--	D	no	Fungi	Ascomycota	Aspergillus
A0ABR4NFV4	cluster_1	~-L-W-E-N-S-P-S-F-H--	S	no	Fungi	Chytridiomycota	Polyrhizophydium
A0ABR4NG28	cluster_1	~-L-W-E-N-S-P-S-F-H--	S	no	Fungi	Chytridiomycota	Polyrhizophydium
A0ABT2ABP4	cluster_10	~-L-W-E-N-R-N-S-F-H-C	R	no	Bacteria	Pseudomonadota	Massilia
A0ABT5C395	cluster_82	~-L-W-D-V-L-F-L-F-L--	L	no	Bacteria	Myxococcota	Sorangium
A0ABW9IRU2	cluster_1	N-L-W-E-G-T-I-S-F-H--	T	no	Bacteria	Actinomycetota	Streptomyces
A0ABX1MER1	cluster_1	M-L-W-E-N-G-I-S-F-I--	G	no	Bacteria	Cyanobacteriota	Brasilonema
A0ABY3YVG1	cluster_48	N-L-W-E-G-V-L-S-F-H--	V	no	Bacteria	Actinomycetota	Streptomyces
A0ABY6SHP1	cluster_1	~-L-A-L-T-Y-P-S-F-H--	Y	yes	Fungi	Ascomycota	Podospora
A0ABZ0NNX6	cluster_1	~-L-Y-I-Q-V-V-A-F-H--	V	no	Fungi	Ascomycota	Cercospora
A0ABZ1QTL9	cluster_1	N-L-W-E-G-T-I-S-F-H--	T	no	Bacteria	Actinomycetota	Streptomyces
A0ABZ1W8D9	cluster_1	N-L-W-E-G-V-I-S-F-H--	V	no	Bacteria	Actinomycetota	Kitasatospora
A0ACA9U3U3	cluster_1	~-L-W-D-F-G-L-S-F-H--	G	no	Fungi	Ascomycota	Clonostachys
A0ACB6QZ82	cluster_1	~-L-A-L-M-Y-F-S-F-H--	Y	yes	Fungi	Ascomycota	Lindgomyces
A0ACB7P620	cluster_1	~-L-A-L-S-Y-F-S-F-H--	Y	yes	Fungi	Ascomycota	Chaetomium
A0ACB7PME6	cluster_1	~-L-A-L-T-Y-P-S-F-H--	Y	yes	Fungi	Ascomycota	Chaetomium
A0ACB9YLY3	cluster_1	~-L-W-E-L-T-P-T-F-L--	T	no	Fungi	Ascomycota	Hypoxylon
A0ACB9YZX1	cluster_1	~-L-A-L-T-Y-P-S-F-H--	Y	yes	Fungi	Ascomycota	Hypoxylon
A0ACC0CLK3	cluster_1	~-L-W-E-L-T-P-T-F-L--	T	no	Fungi	Ascomycota	Hypoxylon
A0ACC0CM42	cluster_1	~-L-A-L-T-Y-P-S-F-H--	Y	yes	Fungi	Ascomycota	Hypoxylon
A0ACC1P414	cluster_3	~-L-W-E-N-G-L-T-F-H-C	G	no	Fungi	Ascomycota	Xylaria
A0ACC1PLZ8	cluster_1	~-L-A-L-T-Y-P-S-F-H--	Y	yes	Fungi	Ascomycota	Xylaria
A0ACC1SMW6	cluster_1	~-L-W-D-F-A-V-S-F-H--	A	no	Fungi	Ascomycota	Fusarium
A0ACC2J4D6	cluster_1	~-L-A-L-T-Y-A-S-F-H--	Y	yes	Fungi	Ascomycota	Nemania
A0ACC3ZH19	cluster_1	~-L-W-G-S-L-Q-S-F-H--	L	no	Fungi	Ascomycota	Colletotrichum
A0ACD1FZQ3	cluster_1	~-L-W-D-G-A-V-S-F-H--	A	no	Fungi	Ascomycota	Aspergillus
A0ACD1H4T4	cluster_1	~-L-W-D-G-T-V-S-F-H--	T	no	Fungi	Ascomycota	Aspergillus
A0ACD1IUP0	cluster_1	~-L-W-S-E-A-T-S-F-H--	A	no	Fungi	Ascomycota	Aspergillus
A1CDX9	cluster_1	~-L-W-D-P-R-F-S-F-H--	R	no	Fungi	Ascomycota	Aspergillus
A1CIU9	cluster_1	~-L-W-D-P-I-V-S-F-H--	I	no	Fungi	Ascomycota	Aspergillus
A1CVG0	cluster_1	~-L-W-D-G-A-L-A-F-H--	A	no	Fungi	Ascomycota	Neosartorya
A2QTR2	cluster_1	~-L-W-S-E-A-T-S-F-H--	A	no	Fungi	Ascomycota	Aspergillus
A9G933	cluster_82	~-L-W-D-V-L-F-L-F-L--	L	no	Bacteria	Myxococcota	Sorangium
B2B2Q9	cluster_1	~-L-A-L-T-Y-P-S-F-H--	Y	yes	Fungi	Ascomycota	Podospora
E9E768	cluster_1	~-L-W-E-G-F-L-S-F-H--	F	no	Fungi	Ascomycota	Metarhizium
E9F8S4	cluster_1	~-L-W-E-V-F-L-S-F-H--	F	no	Fungi	Ascomycota	Metarhizium
E9FCM3	cluster_1	~-L-W-E-P-L-L-S-F-H--	L	no	Fungi	Ascomycota	Metarhizium
F0Y8A8	cluster_9	~-L-H-L-G-M-T-A-F-I-C	M	no	Oomycota	?	Aureococcus
F4P663	cluster_1	~-L-W-E-N-G-P-S-F-H--	G	no	Fungi	Chytridiomycota	Batrachochytrium
F9XAH9	cluster_1	~-L-W-E-V-S-I-S-F-H--	S	no	Fungi	Ascomycota	Zymoseptoria
G0SFX8	cluster_1	~-L-A-L-S-Y-F-S-F-H--	Y	yes	Fungi	Ascomycota	Chaetomium
G2QC95	cluster_1	~-L-A-M-S-Y-F-S-F-H--	Y	yes	Fungi	Ascomycota	Thermothelomyces
G2R0R5	cluster_1	~-L-A-L-T-Y-P-S-F-H--	Y	yes	Fungi	Ascomycota	Thermothielavioides
G3XML2	cluster_1	~-L-W-S-E-A-T-S-F-H--	A	no	Fungi	Ascomycota	Aspergillus
G4N2I5	cluster_1	~-L-A-L-N-F-F-S-F-H--	F	no	Fungi	Ascomycota	Pyricularia
H0EV23	cluster_1	~-L-W-A-A-F-P-S-F-H--	F	no	Fungi	Ascomycota	Glarea
J3P591	cluster_1	~-L-A-L-N-Y-F-S-F-H--	Y	yes	Fungi	Ascomycota	Gaeumannomyces
K9U0G3	cluster_1	M-L-W-E-N-S-L-S-F-I--	S	no	Bacteria	Cyanobacteriota	Chroococcidiopsis
L0N6P7	cluster_1	I-L-W-E-G-T-I-S-F-H--	T	no	Bacteria	Actinomycetota	Streptomyces
L2G525	cluster_1	~-L-W-G-S-L-H-S-F-H--	L	no	Fungi	Ascomycota	Colletotrichum
L7JMT9	cluster_1	~-L-A-L-N-F-F-S-F-H--	F	no	Fungi	Ascomycota	Pyricularia
M2ZZI0	cluster_1	~-L-F-E-P-M-I-S-F-H--	M	no	Fungi	Ascomycota	Pseudocercospora
M3AR17	cluster_1	~-L-W-E-N-L-V-S-F-H--	L	no	Fungi	Ascomycota	Pseudocercospora
M3AVT3	cluster_3	~-L-W-E-D-G-L-S-F-L-C	G	no	Fungi	Ascomycota	Pseudocercospora
M3CVQ9	cluster_1	~-L-W-E-N-L-V-S-F-H--	L	no	Fungi	Ascomycota	Sphaerulina
M3D714	cluster_1	~-L-F-E-T-M-V-S-F-H--	M	no	Fungi	Ascomycota	Sphaerulina
M7SCY3	cluster_1	~-L-W-E-K-T-P-P-F-L--	T	no	Fungi	Ascomycota	Eutypa
M7TJF3	cluster_1	~-L-A-L-T-Y-P-S-F-H--	Y	yes	Fungi	Ascomycota	Eutypa
N1Q9G7	cluster_1	~-L-W-E-G-S-P-S-F-H--	S	no	Fungi	Ascomycota	Pseudocercospora
N4VNF7	cluster_1	~-L-W-E-P-I-L-S-F-H--	I	no	Fungi	Ascomycota	Colletotrichum
Q2H7I7	cluster_1	~-L-A-L-S-Y-F-S-F-H--	Y	yes	Fungi	Ascomycota	Chaetomium
S3DFC4	cluster_3	~-L-W-E-D-G-I-S-F-H-C	G	no	Fungi	Ascomycota	Glarea
S3DJB8	cluster_1	~-L-W-A-A-F-P-S-F-H--	F	no	Fungi	Ascomycota	Glarea
S3E0P4	cluster_1	~-L-A-L-M-Y-F-S-F-H--	Y	yes	Fungi	Ascomycota	Glarea
S7RR67	cluster_1	~-L-W-G-N-V-P-S-F-H--	V	no	Fungi	Basidiomycota	Gloeophyllum
T0K4C0	cluster_1	~-L-W-G-S-L-H-S-F-H--	L	no	Fungi	Ascomycota	Colletotrichum
T5AEJ8	cluster_1	~-L-W-D-S-G-Q-S-F-H--	G	no	Fungi	Ascomycota	Ophiocordyceps
U1GWY4	cluster_1	~-L-W-S-A-F-P-S-F-H--	F	no	Fungi	Ascomycota	Endocarpon
U7PL38	cluster_1	~-L-A-L-T-Y-P-S-F-H--	Y	yes	Fungi	Ascomycota	Sporothrix
W4FJK0	cluster_5	E-L-W-M-P-A-M-S-F-H--	A	no	Oomycota	Oomycota	Aphanomyces
