accession	structural_cluster	vector	secondary_structure_Gly46	kingdom	phylum	genus
A0A010SFQ0	cluster_1	~-F-W-E-N-N-A-T-F-H--	coil	Fungi	Ascomycota	Colletotrichum
A0A024GPM3	cluster_5	E-F-W-E-N-A-F-A-F-H--	helix	Oomycota	Oomycota	Albugo
A0A024TMR4	cluster_5	E-F-W-Q-N-N-F-S-F-H--	helix	Oomycota	Oomycota	Aphanomyces
A0A024TN69	cluster_5	E-F-W-Q-N-A-L-S-F-H--	helix	Oomycota	Oomycota	Aphanomyces
A0A067BLT8	cluster_5	E-F-W-Q-N-A-F-S-F-H--	helix	Oomycota	Oomycota	Saprolegnia
A0A067BX73	cluster_5	E-F-W-Q-N-G-F-S-F-H--	helix	Oomycota	Oomycota	Saprolegnia
A0A067BZH5	cluster_5	E-F-W-Q-N-A-F-S-F-H--	helix	Oomycota	Oomycota	Saprolegnia
A0A067C631	cluster_5	E-F-W-Q-N-G-F-S-F-H--	helix	Oomycota	Oomycota	Saprolegnia
A0A080Z0A1	cluster_5	E-F-W-E-N-S-F-S-F-H--	helix	Oomycota	Oomycota	Phytophthora
A0A080ZVS2	cluster_5	E-F-W-E-N-A-F-S-F-H--	helix	Oomycota	Oomycota	Phytophthora
A0A080ZVS5	cluster_5	E-F-W-E-N-A-F-S-F-H--	helix	Oomycota	Oomycota	Phytophthora
A0A080ZVS7	cluster_5	E-F-W-E-A-A-F-S-F-H--	helix	Oomycota	Oomycota	Phytophthora
A0A081AVN2	cluster_5	E-F-W-E-N-S-F-S-F-H--	helix	Oomycota	Oomycota	Phytophthora
A0A0A2JPW5	cluster_1	~-F-W-T-N-D-S-T-F-H--	coil	Fungi	Ascomycota	Penicillium
A0A0A2VYA5	cluster_1	~-F-W-E-N-N-T-T-F-H--	coil	Fungi	Ascomycota	Beauveria
A0A0A7CMC8	cluster_5	E-F-W-Q-N-A-F-S-F-H--	helix	Oomycota	Oomycota	Thraustotheca
A0A0B7A0D2	cluster_1068	~-F-W-E-N-G-L-S-F-H-C	coil	Animals	Mollusca	Arion
A0A0B7A1Q5	cluster_30	~-F-W-E-N-G-L-S-F-H-C	coil	Animals	Mollusca	Arion
A0A0B7A255	cluster_43	~-F-W-E-N-Y-L-S-F-H-C	coil	Animals	Mollusca	Arion
A0A0B7AFX7	cluster_30	~-F-W-E-S-S-L-T-F-H-C	coil	Animals	Mollusca	Arion
A0A0B7G340	cluster_1	~-F-W-E-D-G-G-S-F-H--	coil	Fungi	Basidiomycota	Thanatephorus
A0A0F8CNX3	cluster_3	~-F-W-E-G-V-I-S-F-H-C	coil	Fungi	Ascomycota	Ceratocystis
A0A0J9END7	cluster_3	~-F-W-E-N-G-I-A-F-H-C	coil	Fungi	Ascomycota	Ajellomyces
A0A0P1AML5	cluster_5	E-F-W-E-N-S-F-S-F-H--	helix	Oomycota	Oomycota	Plasmopara
A0A0P1AW40	cluster_5	E-F-W-E-N-A-F-A-F-H--	helix	Oomycota	Oomycota	Plasmopara
A0A0P1AY18	cluster_5	E-F-W-E-N-A-F-A-F-H--	helix	Oomycota	Oomycota	Plasmopara
A0A0P1AY43	cluster_5	E-F-W-E-N-A-F-S-F-H--	helix	Oomycota	Oomycota	Plasmopara
A0A0R0LTG5	cluster_699	~-F-W-E-A-L-L-S-F-H-C	coil	Fungi	Microsporidia	Pseudoloma
A0A0W8C3P5	cluster_5	E-F-W-E-A-A-F-S-F-H--	helix	Oomycota	Oomycota	Phytophthora
A0A0W8CSU7	cluster_5	E-F-W-E-A-A-F-S-F-H--	helix	Oomycota	Oomycota	Phytophthora
A0A0W8DI56	cluster_5	E-F-W-E-N-A-F-S-F-H--	helix	Oomycota	Oomycota	Phytophthora
A0A0W8DVC6	cluster_5	E-F-W-E-N-S-F-S-F-H--	helix	Oomycota	Oomycota	Phytophthora
A0A135LM00	cluster_1	~-F-W-E-D-N-I-T-F-H--	coil	Fungi	Ascomycota	Penicillium
A0A135SHP2	cluster_1	~-F-W-E-N-N-A-T-F-H--	coil	Fungi	Ascomycota	Colletotrichum
A0A135T5S7	cluster_1	~-F-W-E-N-N-V-T-F-H--	coil	Fungi	Ascomycota	Colletotrichum
A0A135TTE1	cluster_1	~-F-W-E-N-N-V-T-F-H--	coil	Fungi	Ascomycota	Colletotrichum
A0A137P353	cluster_1	~-F-W-G-A-E-M-S-F-H--	coil	Fungi	Zoopagomycota	Conidiobolus
A0A163HMT0	cluster_3	~-F-W-E-D-N-A-S-F-L-C	coil	Fungi	Ascomycota	Didymella
A0A179UUW6	cluster_3	~-F-W-E-N-G-I-A-F-H-C	coil	Fungi	Ascomycota	Blastomyces
A0A1E7FM11	cluster_89	E-F-W-H-D-T-T-S-F-W--	helix	Oomycota	Bacillariophyta	Fragilariopsis
A0A1G4ATQ6	cluster_1	~-F-W-E-N-N-I-T-F-H--	coil	Fungi	Ascomycota	Colletotrichum
A0A1L9SFN0	cluster_1	~-F-W-A-N-N-S-T-F-H--	coil	Fungi	Ascomycota	Penicilliopsis
A0A1M7UXB1	cluster_18	E-F-W-E-D-P-A-A-F-F-C	sheet	Bacteria	Actinomycetota	Geodermatophilus
A0A1R3RDN0	cluster_1	~-F-W-S-N-N-I-T-F-H--	coil	Fungi	Ascomycota	Aspergillus
A0A1V6PTM8	cluster_1	~-F-W-A-N-N-S-T-F-H--	coil	Fungi	Ascomycota	Penicillium
A0A1V9ZSP1	cluster_5	E-F-W-Q-N-A-F-S-F-H--	helix	Oomycota	Oomycota	Thraustotheca
A0A1Y1YHD6	cluster_1	~-F-W-E-G-N-M-S-F-H--	coil	Fungi	Zoopagomycota	Basidiobolus
A0A210R253	cluster_208	~-F-W-E-N-V-P-A-F-H--	coil	Animals	Mollusca	Mizuhopecten
A0A225W8Z8	cluster_5	E-F-W-Q-N-N-F-S-F-W--	helix	Oomycota	Oomycota	Phytophthora
A0A225WDY0	cluster_5	E-F-W-E-D-F-F-S-F-H--	helix	Oomycota	Oomycota	Phytophthora
A0A225WTA2	cluster_5	E-F-W-Q-N-N-F-S-F-W--	helix	Oomycota	Oomycota	Phytophthora
A0A225WXL0	cluster_5	E-F-W-E-N-S-F-S-F-H--	helix	Oomycota	Oomycota	Phytophthora
A0A225WXR8	cluster_5	E-F-W-E-N-A-F-S-F-H--	helix	Oomycota	Oomycota	Phytophthora
A0A225X0D9	cluster_5	E-F-W-E-N-S-F-S-F-H--	helix	Oomycota	Oomycota	Phytophthora
A0A2C5X0B9	cluster_3	~-F-W-E-G-V-I-S-F-H-C	coil	Fungi	Ascomycota	Ceratocystis
A0A2I1CST6	cluster_1	~-F-W-A-D-N-D-T-F-H--	coil	Fungi	Ascomycota	Aspergillus
A0A2I2F3S2	cluster_1	~-F-W-A-D-N-D-T-F-H--	coil	Fungi	Ascomycota	Aspergillus
A0A2J5HIG3	cluster_1	~-F-W-T-D-N-D-T-F-H--	coil	Fungi	Ascomycota	Aspergillus
A0A2P4YG47	cluster_5	E-F-W-E-N-A-F-S-F-H--	helix	Oomycota	Oomycota	Phytophthora
A0A2P4YVC2	cluster_647	E-F-W-E-N-A-F-S-F-H--	helix	?	?	?
A0A2P4YVC3	cluster_5	E-F-W-E-N-A-F-S-F-H--	helix	Oomycota	Oomycota	Phytophthora
A0A2S1ZRB0	cluster_30	~-F-Y-E-N-Y-L-S-F-V-C	coil	Animals	Annelida	Mesochaetopterus
A0A2S1ZRB4	cluster_30	~-F-F-E-N-L-L-S-F-H-C	coil	Animals	Annelida	Mesochaetopterus
A0A2S7Y5E7	cluster_1	~-F-W-E-N-N-T-T-F-H--	coil	Fungi	Ascomycota	Beauveria
A0A2T7PF37	cluster_330	~-F-W-E-N-A-L-A-F-H-C	coil	Animals	Mollusca	Pomacea
A0A2V5H2F1	cluster_1	~-F-W-N-G-G-P-S-F-H--	coil	Fungi	Ascomycota	Aspergillus
A0A317X784	cluster_1	~-F-W-E-N-N-S-T-F-H--	coil	Fungi	Ascomycota	Aspergillus
A0A319ER22	cluster_1	~-F-W-S-N-N-I-T-F-H--	coil	Fungi	Ascomycota	Aspergillus
A0A329RFR8	cluster_5	E-F-W-E-N-S-F-S-F-H--	helix	Oomycota	Oomycota	Phytophthora
A0A329SV65	cluster_5	E-F-W-E-N-S-F-S-F-H--	helix	Oomycota	Oomycota	Phytophthora
A0A329SVM1	cluster_5	E-F-W-E-N-A-F-S-F-H--	helix	Oomycota	Oomycota	Phytophthora
A0A329SX06	cluster_5	E-F-W-E-A-A-F-S-F-H--	helix	Oomycota	Oomycota	Phytophthora
A0A329SXL2	cluster_5	E-F-W-E-N-A-F-S-F-H--	helix	Oomycota	Oomycota	Phytophthora
A0A396ZW50	cluster_556	E-F-W-Q-N-G-F-S-F-H--	helix	Oomycota	Oomycota	Aphanomyces
A0A397AAT8	cluster_1	E-F-W-Q-N-N-F-A-F-H--	helix	Oomycota	Oomycota	Aphanomyces
A0A397AFH0	cluster_5	E-F-W-Q-N-G-F-S-F-H--	helix	Oomycota	Oomycota	Aphanomyces
A0A397AKU1	cluster_5	~-F-W-E-D-F-F-A-F-H--	coil	Oomycota	Oomycota	Aphanomyces
A0A397AP35	cluster_1	E-F-W-Q-N-N-F-A-F-H--	helix	Oomycota	Oomycota	Aphanomyces
A0A397BKS3	cluster_5	~-F-W-E-D-F-F-A-F-H--	coil	Oomycota	Oomycota	Aphanomyces
A0A397DBR8	cluster_557	E-F-W-Q-N-G-F-S-F-H--	helix	Oomycota	Oomycota	Aphanomyces
A0A397DM57	cluster_98	E-F-W-Q-N-G-F-S-F-H--	helix	Oomycota	Oomycota	Aphanomyces
A0A397EBP2	cluster_151	E-F-W-Q-N-G-F-S-F-H--	helix	Oomycota	Oomycota	Aphanomyces
A0A397EFZ1	cluster_1	E-F-W-Q-N-N-F-A-F-H--	helix	Oomycota	Oomycota	Aphanomyces
A0A397EYH3	cluster_5	~-F-W-E-D-F-F-A-F-H--	coil	Oomycota	Oomycota	Aphanomyces
A0A3F2RHN5	cluster_5	E-F-W-Q-N-N-F-S-F-W--	helix	Oomycota	Oomycota	Phytophthora
A0A3F2RUY6	cluster_5	E-F-W-E-N-A-F-S-F-H--	helix	Oomycota	Oomycota	Phytophthora
A0A3L6NAE7	cluster_3	~-F-W-E-N-T-V-S-F-H-C	coil	Fungi	Ascomycota	Fusarium
A0A3M6VTR1	cluster_5	E-F-W-E-N-A-F-S-F-H--	helix	Oomycota	Oomycota	Peronospora
A0A3M6VVA3	cluster_5	E-F-W-E-N-S-M-A-F-H--	helix	Oomycota	Oomycota	Peronospora
A0A3R6WJ77	cluster_5	~-F-W-E-D-F-F-A-F-H--	coil	Oomycota	Oomycota	Aphanomyces
A0A3R7EE27	cluster_98	E-F-W-Q-N-G-F-S-F-H--	helix	Oomycota	Oomycota	Aphanomyces
A0A3R7G723	cluster_1	~-F-W-A-N-N-I-T-F-H--	coil	Fungi	Ascomycota	Aspergillus
A0A3R7GQK8	cluster_5	E-F-W-E-N-A-F-S-F-H--	helix	Oomycota	Oomycota	Phytophthora
A0A3R7JUU1	cluster_5	E-F-W-Q-N-N-F-S-F-W--	helix	Oomycota	Oomycota	Phytophthora
A0A3R7WVT5	cluster_5	~-F-W-E-D-F-F-A-F-H--	coil	Oomycota	Oomycota	Aphanomyces
A0A3R8D824	cluster_1	E-F-W-Q-N-N-F-A-F-H--	helix	Oomycota	Oomycota	Aphanomyces
A0A418BCD2	cluster_98	E-F-W-Q-N-G-F-S-F-H--	helix	Oomycota	Oomycota	Aphanomyces
A0A418G3G2	cluster_151	E-F-W-Q-N-G-F-S-F-H--	helix	Oomycota	Oomycota	Aphanomyces
A0A421ESP4	cluster_5	E-F-W-E-N-S-F-S-F-H--	helix	Oomycota	Oomycota	Phytophthora
A0A421F565	cluster_5	E-F-W-E-N-A-F-S-F-H--	helix	Oomycota	Oomycota	Phytophthora
A0A421GCW4	cluster_5	E-F-W-E-N-S-F-S-F-H--	helix	Oomycota	Oomycota	Phytophthora
A0A421GP30	cluster_5	E-F-W-E-N-A-F-S-F-H--	helix	Oomycota	Oomycota	Phytophthora
A0A425CIB3	cluster_5	E-F-W-E-N-S-M-A-F-H--	helix	Oomycota	Oomycota	Peronospora
A0A425D2Q0	cluster_5	E-F-W-Q-N-G-F-S-F-H--	helix	Oomycota	Oomycota	Aphanomyces
A0A448ZLY4	cluster_167	E-F-W-H-D-T-T-S-F-W--	helix	Oomycota	Bacillariophyta	Pseudo-nitzschia
A0A485KUM6	cluster_5	E-F-W-Q-N-A-F-S-F-H--	helix	Oomycota	Oomycota	Aphanomyces
A0A485KVJ9	cluster_5	E-F-W-M-P-A-M-S-F-H--	helix	Oomycota	Oomycota	Aphanomyces
A0A485LCV6	cluster_5	E-F-W-Q-N-S-F-S-F-H--	helix	Oomycota	Oomycota	Aphanomyces
A0A4P9YZC7	cluster_1	~-F-W-E-G-N-M-S-F-H--	coil	Fungi	Zoopagomycota	Syncephalis
A0A4S8M8C5	cluster_1	~-F-W-S-N-F-S-A-F-H--	coil	Fungi	Basidiomycota	Dendrothele
A0A5Q6RZ13	cluster_6	~-F-W-E-G-V-F-A-F-H-C	coil	Bacteria	Actinomycetota	Mumia
A0A6A3DEX7	cluster_5	E-F-W-E-N-A-F-A-F-H--	helix	Oomycota	Oomycota	Phytophthora
A0A6A3E910	cluster_5	E-F-W-E-N-A-F-S-F-H--	helix	Oomycota	Oomycota	Phytophthora
A0A6A3GQY2	cluster_5	E-F-W-Q-N-N-F-S-F-W--	helix	Oomycota	Oomycota	Phytophthora
A0A6A3GT16	cluster_5	E-F-W-Q-N-N-F-S-F-W--	helix	Oomycota	Oomycota	Phytophthora
A0A6A3H818	cluster_5	E-F-W-E-N-A-F-S-F-H--	helix	Oomycota	Oomycota	Phytophthora
A0A6A3HD34	cluster_5	E-F-W-E-N-A-F-A-F-H--	helix	Oomycota	Oomycota	Phytophthora
A0A6A3I422	cluster_5	E-F-W-E-N-S-F-S-F-H--	helix	Oomycota	Oomycota	Phytophthora
A0A6A3ID73	cluster_5	E-F-W-E-N-A-F-S-F-H--	helix	Oomycota	Oomycota	Phytophthora
A0A6A3IIH7	cluster_5	E-F-W-E-N-A-F-S-F-H--	helix	Oomycota	Oomycota	Phytophthora
A0A6A3IQC5	cluster_5	E-F-W-E-N-A-F-S-F-H--	helix	Oomycota	Oomycota	Phytophthora
A0A6A3IZK2	cluster_5	E-F-W-E-N-A-F-A-F-H--	helix	Oomycota	Oomycota	Phytophthora
A0A6A3PYA1	cluster_5	E-F-W-E-N-A-F-S-F-H--	helix	Oomycota	Oomycota	Phytophthora
A0A6A3PYG5	cluster_5	E-F-W-E-N-A-F-A-F-H--	helix	Oomycota	Oomycota	Phytophthora
A0A6A3QF27	cluster_5	E-F-W-E-N-A-F-A-F-H--	helix	Oomycota	Oomycota	Phytophthora
A0A6A3SNW2	cluster_5	E-F-W-E-N-S-F-S-F-H--	helix	Oomycota	Oomycota	Phytophthora
A0A6A3T4C2	cluster_5	E-F-W-E-N-A-F-S-F-H--	helix	Oomycota	Oomycota	Phytophthora
A0A6A3VUU9	cluster_5	E-F-W-E-N-A-F-A-F-H--	helix	Oomycota	Oomycota	Phytophthora
A0A6A3VZF6	cluster_5	E-F-W-E-N-A-F-A-F-H--	helix	Oomycota	Oomycota	Phytophthora
A0A6A3WT82	cluster_5	E-F-W-E-N-A-F-S-F-H--	helix	Oomycota	Oomycota	Phytophthora
A0A6A3XBP4	cluster_5	E-F-W-E-N-A-F-S-F-H--	helix	Oomycota	Oomycota	Phytophthora
A0A6A4B3R7	cluster_5	E-F-W-Q-N-N-F-S-F-W--	helix	Oomycota	Oomycota	Phytophthora
A0A6A4BF22	cluster_5	E-F-W-E-N-A-F-A-F-H--	helix	Oomycota	Oomycota	Phytophthora
A0A6A4CBV5	cluster_5	E-F-W-E-N-A-F-S-F-H--	helix	Oomycota	Oomycota	Phytophthora
A0A6A4CRB3	cluster_5	E-F-W-E-N-A-F-S-F-H--	helix	Oomycota	Oomycota	Phytophthora
A0A6A4D4C1	cluster_5	E-F-W-E-N-A-F-S-F-H--	helix	Oomycota	Oomycota	Phytophthora
A0A6A4Z1Y6	cluster_5	E-L-W-M-P-A-M-S-F-H--	helix	Oomycota	Oomycota	Aphanomyces
A0A6A4ZVI5	cluster_5	E-F-W-Q-N-N-F-A-F-H--	helix	Oomycota	Oomycota	Aphanomyces
A0A6A5A976	cluster_175	E-F-W-Q-N-G-F-S-F-H--	helix	Oomycota	Oomycota	Aphanomyces
A0A6A5SUG0	cluster_1	~-F-W-T-N-D-S-T-F-H--	coil	Fungi	Ascomycota	Clathrospora
A0A6A5TM62	cluster_1	~-F-W-T-N-N-I-T-F-H--	coil	Fungi	Ascomycota	Byssothecium
A0A6A5WT48	cluster_3	~-F-W-E-N-N-V-A-F-H-C	coil	Fungi	Ascomycota	Amniculicola
A0A6A6ACS6	cluster_1	~-F-W-T-N-N-S-T-F-H--	coil	Fungi	Ascomycota	Dothidotthia
A0A6A6V958	cluster_1	~-F-W-E-G-F-A-S-F-H--	coil	Fungi	Ascomycota	Sporormia
A0A6G0JMA7	cluster_5	E-F-W-E-N-A-F-S-F-H--	helix	Oomycota	Oomycota	Phytophthora
A0A6G0MHL7	cluster_5	E-F-W-E-N-A-F-S-F-H--	helix	Oomycota	Oomycota	Phytophthora
A0A6G0MHQ7	cluster_5	E-F-W-E-N-A-F-A-F-H--	helix	Oomycota	Oomycota	Phytophthora
A0A6G0QAM8	cluster_5	E-F-W-E-N-A-F-A-F-H--	helix	Oomycota	Oomycota	Phytophthora
A0A6G0QBL9	cluster_5	E-F-W-E-N-A-F-S-F-H--	helix	Oomycota	Oomycota	Phytophthora
A0A6G0QBV8	cluster_5	E-F-W-E-N-A-F-A-F-H--	helix	Oomycota	Oomycota	Phytophthora
A0A6G0SNM6	cluster_5	E-F-W-Q-N-N-F-S-F-W--	helix	Oomycota	Oomycota	Phytophthora
A0A6G0WF35	cluster_5	E-F-W-Q-N-A-F-S-F-H--	helix	Oomycota	Oomycota	Aphanomyces
A0A6G0WYR1	cluster_5	E-F-W-M-P-A-M-S-F-H--	helix	Oomycota	Oomycota	Aphanomyces
A0A6J8EIX1	cluster_1	~-F-W-E-D-G-V-S-F-H--	coil	Animals	Mollusca	Mytilus
A0A7S1A6W1	cluster_22	E-F-W-L-E-F-K-S-F-H--	helix	?	?	Noctiluca
A0A7S1B601	cluster_167	E-F-W-H-D-D-P-S-F-W-C	helix	Oomycota	Bacillariophyta	Corethron
A0A7U2NQS5	cluster_1	~-F-W-T-N-D-M-T-F-H--	coil	Fungi	Ascomycota	Phaeosphaeria
A0A811ZGG6	cluster_2	~-F-W-E-N-L-T-S-F-L--	coil	Animals	Chordata	Nyctereutes
A0A812CHS0	cluster_30	~-F-W-E-N-Y-L-T-F-H-C	coil	Animals	Mollusca	Acanthosepion
A0A812CSK2	cluster_1	~-F-W-E-N-D-I-A-F-I--	coil	Animals	Mollusca	Acanthosepion
A0A833S9Q2	cluster_5	E-F-W-E-N-A-F-S-F-H--	helix	Oomycota	Oomycota	Phytophthora
A0A833TJH1	cluster_5	E-F-W-Q-N-N-F-S-F-W--	helix	Oomycota	Oomycota	Phytophthora
A0A833TLW3	cluster_5	E-F-W-E-N-S-F-S-F-H--	helix	Oomycota	Oomycota	Phytophthora
A0A833W147	cluster_5	E-F-W-E-A-A-F-C-F-H--	helix	Oomycota	Oomycota	Phytophthora
A0A833WD19	cluster_5	E-F-W-E-N-A-F-S-F-H--	helix	Oomycota	Oomycota	Phytophthora
A0A8B6GYH0	cluster_660	~-F-W-E-D-V-V-S-F-H--	coil	Animals	Mollusca	Mytilus
A0A8B8EX72	cluster_8	~-F-W-E-G-M-L-A-F-H--	coil	Animals	Mollusca	Crassostrea
A0A8B8EY98	cluster_8	~-F-W-E-G-M-L-A-F-H--	coil	Animals	Mollusca	Crassostrea
A0A8H2WBF2	cluster_1	~-F-W-E-D-G-G-S-F-H--	coil	Fungi	Basidiomycota	Rhizoctonia
A0A8H3VUY2	cluster_1	~-F-W-A-N-N-S-T-F-H--	coil	Fungi	Ascomycota	Colletotrichum
A0A8H4C6U6	cluster_1	~-F-W-A-N-N-S-T-F-H--	coil	Fungi	Ascomycota	Colletotrichum
A0A8H4JVE1	cluster_3	~-F-W-E-D-G-P-A-F-H-C	coil	Fungi	Ascomycota	Fusarium
A0A8H5CT78	cluster_1	~-F-W-S-N-F-S-A-F-H--	coil	Fungi	Basidiomycota	Tetrapyrgos
A0A8H5EN09	cluster_3	~-F-W-E-N-T-V-S-F-H-C	coil	Fungi	Ascomycota	Fusarium
A0A8H5HXK5	cluster_3	~-F-F-E-D-V-P-A-F-H-C	coil	Fungi	Basidiomycota	Collybiopsis
A0A8H5KLF1	cluster_3	~-F-W-E-N-N-V-A-F-H-C	coil	Fungi	Ascomycota	Fusarium
A0A8H5ZTP5	cluster_1	~-F-W-A-N-N-S-T-F-H--	coil	Fungi	Ascomycota	Petromyces
A0A8H7C4Z8	cluster_3	~-F-W-E-D-M-L-A-F-H-C	coil	Fungi	Basidiomycota	Agaricus
A0A8H7H1R4	cluster_1	~-L-W-E-N-F-K-S-F-H--	coil	Fungi	Basidiomycota	Rhizoctonia
A0A8H7H281	cluster_1	~-L-W-E-D-G-N-S-F-H--	coil	Fungi	Basidiomycota	Rhizoctonia
A0A8H7HQN1	cluster_1	~-L-W-E-N-L-I-S-F-H--	coil	Fungi	Basidiomycota	Rhizoctonia
A0A8H7IZ83	cluster_3	~-F-W-E-D-N-A-S-F-L-C	coil	Fungi	Ascomycota	Ascochyta
A0A8H7LHE7	cluster_1	~-L-W-E-N-L-I-S-F-H--	coil	Fungi	Basidiomycota	Rhizoctonia
A0A8H8SZK0	cluster_1	~-L-W-E-N-F-K-S-F-H--	coil	Fungi	Basidiomycota	Rhizoctonia
A0A8J4S3K7	cluster_5	E-F-W-E-N-S-F-S-F-H--	helix	Oomycota	Oomycota	Phytophthora
A0A8J4S5D5	cluster_5	E-F-W-Q-N-N-F-S-F-W--	helix	Oomycota	Oomycota	Phytophthora
A0A8J4S5S5	cluster_5	E-F-W-E-N-A-F-S-F-H--	helix	Oomycota	Oomycota	Phytophthora
A0A8J4S9F2	cluster_5	E-F-W-E-N-A-F-S-F-H--	helix	Oomycota	Oomycota	Phytophthora
A0A8J5IEP3	cluster_5	E-F-W-E-A-A-F-S-F-H--	helix	Oomycota	Oomycota	Phytophthora
A0A8J5IJ88	cluster_5	E-F-W-E-N-A-F-S-F-H--	helix	Oomycota	Oomycota	Phytophthora
A0A8J5MDI9	cluster_5	E-F-W-E-N-S-F-S-F-H--	helix	Oomycota	Oomycota	Phytophthora
A0A8J5MHP1	cluster_5	E-F-W-E-N-A-F-S-F-H--	helix	Oomycota	Oomycota	Phytophthora
A0A8K1CFR2	cluster_5	E-F-W-E-N-A-F-S-F-H--	helix	Oomycota	Oomycota	Pythium
A0A8K1FER6	cluster_5	E-F-W-E-N-S-M-S-F-H--	helix	Oomycota	Oomycota	Pythium
A0A8K1FF30	cluster_5	E-F-W-E-N-S-F-S-F-H--	helix	Oomycota	Oomycota	Pythium
A0A8K1FHN5	cluster_5	E-F-W-E-N-S-L-S-F-H--	helix	Oomycota	Oomycota	Pythium
A0A8K1FHV1	cluster_5	E-F-W-Q-N-S-F-S-F-W--	helix	Oomycota	Oomycota	Pythium
A0A8K1FNX2	cluster_5	E-F-W-Q-N-N-L-S-F-W--	helix	Oomycota	Oomycota	Pythium
A0A8R1E0T6	cluster_1	~-F-W-E-G-I-T-A-F-H--	coil	Animals	Nematoda	Caenorhabditis
A0A8S3ZS08	cluster_43	~-F-F-E-N-G-L-S-F-H-C	coil	Animals	Mollusca	Candidula
A0A8S3ZX52	cluster_350	~-F-W-E-N-S-L-T-F-H-C	coil	Animals	Mollusca	Candidula
A0A8S4A1C0	cluster_43	~-F-W-E-N-S-L-A-F-H-C	coil	Animals	Mollusca	Candidula
A0A8S9TLC1	cluster_5	E-F-W-E-N-S-F-S-F-H--	helix	Oomycota	Oomycota	Phytophthora
A0A8S9UGL0	cluster_5	E-F-W-Q-N-N-F-S-F-W--	helix	Oomycota	Oomycota	Phytophthora
A0A8S9UY53	cluster_5	E-F-W-E-N-A-F-S-F-H--	helix	Oomycota	Oomycota	Phytophthora
A0A8S9V4C1	cluster_5	E-F-W-E-N-A-F-S-F-H--	helix	Oomycota	Oomycota	Phytophthora
A0A8T0LKJ4	cluster_515	E-F-W-E-N-S-F-S-F-H--	helix	Oomycota	Oomycota	Phytophthora
A0A8T1URX7	cluster_5	E-F-W-E-A-A-F-S-F-H--	helix	Oomycota	Oomycota	Phytophthora
A0A8T1VCN1	cluster_5	E-F-W-E-N-A-F-S-F-H--	helix	Oomycota	Oomycota	Phytophthora
A0A8T1VD70	cluster_5	E-F-W-E-N-A-F-S-F-H--	helix	Oomycota	Oomycota	Phytophthora
A0A8T1VFJ2	cluster_5	E-F-W-E-A-A-F-S-F-H--	helix	Oomycota	Oomycota	Phytophthora
A0A8T1VFS8	cluster_5	E-F-W-E-N-S-F-S-F-H--	helix	Oomycota	Oomycota	Phytophthora
A0A8T1WA89	cluster_5	E-F-W-Q-N-N-F-S-F-W--	helix	Oomycota	Oomycota	Phytophthora
A0A8T1WG94	cluster_5	E-F-W-Q-N-N-F-S-F-W--	helix	Oomycota	Oomycota	Phytophthora
A0A8T1WKV8	cluster_5	E-F-W-E-N-A-F-S-F-H--	helix	Oomycota	Oomycota	Phytophthora
A0A8T1WL70	cluster_5	E-F-W-E-N-A-F-A-F-H--	helix	Oomycota	Oomycota	Phytophthora
A0A8T1WNJ2	cluster_5	E-F-W-E-N-A-F-S-F-H--	helix	Oomycota	Oomycota	Phytophthora
A0A8W8JTD0	cluster_8	~-F-W-E-G-M-L-A-F-H--	coil	Animals	Mollusca	Magallana
A0A8W8JU00	cluster_8	~-F-W-E-G-M-L-A-F-H--	coil	Animals	Mollusca	Magallana
A0A8W8KI22	cluster_8	~-F-F-E-G-L-L-A-F-H--	coil	Animals	Mollusca	Magallana
A0A921SH51	cluster_5	E-F-W-E-N-A-F-S-F-H--	helix	Oomycota	Oomycota	Phytophthora
A0A921V415	cluster_5	E-F-W-E-N-S-F-S-F-H--	helix	Oomycota	Oomycota	Phytophthora
A0A976IHW1	cluster_5	E-F-W-E-N-A-F-A-F-H--	helix	Oomycota	Oomycota	Bremia
A0A9D4RA75	cluster_1005	~-F-W-E-G-L-L-A-F-H--	coil	Animals	Mollusca	Dreissena
A0A9P4GNF1	cluster_1	~-F-W-T-N-L-S-T-F-H--	coil	Fungi	Ascomycota	Cucurbitaria
A0A9P4T7M4	cluster_3	~-F-W-E-D-N-A-S-F-L-C	coil	Fungi	Ascomycota	Curvularia
A0A9P5BW11	cluster_3	~-F-W-E-D-N-A-S-F-L-C	coil	Fungi	Ascomycota	Didymella
A0A9P7YP12	cluster_3	~-F-W-E-N-G-V-A-F-H-C	coil	Fungi	Ascomycota	Amylocarpus
A0A9P7ZDG1	cluster_1	~-F-W-E-G-S-A-S-F-H--	coil	Fungi	Ascomycota	Emericellopsis
A0A9P8CSX4	cluster_1	~-F-W-A-N-N-S-T-F-H--	coil	Fungi	Ascomycota	Emericellopsis
A0A9P9XQU4	cluster_1	~-F-W-E-N-N-A-T-F-H--	coil	Fungi	Ascomycota	Colletotrichum
A0A9P9Y2X6	cluster_1	~-F-W-E-G-S-A-S-F-H--	coil	Fungi	Ascomycota	Emericellopsis
A0A9Q9EQ81	cluster_1	~-I-F-E-P-T-I-S-F-H--	coil	Fungi	Ascomycota	Septoria
A0A9W4RK77	cluster_1	~-F-W-A-N-N-V-T-F-H--	coil	Fungi	Ascomycota	Colletotrichum
A0A9W6U6E5	cluster_5	E-F-W-Q-N-N-F-S-F-W--	helix	Oomycota	Oomycota	Phytophthora
A0A9W6X5Y7	cluster_5	E-F-W-E-N-A-F-S-F-H--	helix	Oomycota	Oomycota	Phytophthora
A0A9W6X5Y8	cluster_5	E-F-W-E-N-A-F-S-F-H--	helix	Oomycota	Oomycota	Phytophthora
A0A9W6X9Y3	cluster_5	E-F-W-E-A-A-F-S-F-H--	helix	Oomycota	Oomycota	Phytophthora
A0A9W6X9Y5	cluster_5	E-F-W-E-N-A-F-A-F-H--	helix	Oomycota	Oomycota	Phytophthora
A0A9W6X9Y8	cluster_5	E-F-W-E-N-A-F-S-F-H--	helix	Oomycota	Oomycota	Phytophthora
A0A9W7CFU9	cluster_5	E-F-W-E-A-A-F-S-F-H--	helix	Oomycota	Oomycota	Phytophthora
A0A9W7CJI0	cluster_5	E-F-W-E-N-A-F-A-F-H--	helix	Oomycota	Oomycota	Phytophthora
A0A9W7XTH6	cluster_1	~-F-A-E-G-L-M-S-F-L--	coil	Fungi	Zoopagomycota	Coemansia
A0A9W8X1Z9	cluster_3	~-F-W-E-D-N-A-S-F-L-C	coil	Fungi	Ascomycota	Didymella
A0A9W8XR00	cluster_1	~-F-W-T-N-N-I-T-F-H--	coil	Fungi	Ascomycota	Didymosphaeria
A0A9W9JLG4	cluster_1	~-F-W-E-N-N-I-T-F-H--	coil	Fungi	Ascomycota	Penicillium
A0A9W9VK00	cluster_1	~-F-W-A-N-N-L-T-F-H--	coil	Fungi	Ascomycota	Penicillium
A0A9X8E5P1	cluster_1	E-F-W-I-N-N-F-A-F-R--	helix	Oomycota	Oomycota	Aphanomyces
A0A9X8H3Z6	cluster_5	E-F-W-Q-N-G-F-S-F-H--	helix	Oomycota	Oomycota	Aphanomyces
A0A9X8H6Q2	cluster_5	~-F-W-E-D-F-F-A-F-H--	coil	Oomycota	Oomycota	Aphanomyces
A0AA40F239	cluster_3	~-F-W-E-N-V-P-A-F-H-C	coil	Fungi	Ascomycota	Schizothecium
A0AA41H3T0	cluster_29	~-F-W-E-N-A-N-A-F-F-C	coil	Bacteria	Pseudomonadota	Duganella
A0AA88XIM2	cluster_8	E-F-W-E-G-L-L-A-F-H--	helix	Animals	Mollusca	Pinctada
A0AA89BLK6	cluster_8	~-F-W-E-G-V-L-S-F-H--	coil	Animals	Mollusca	Pinctada
A0AAD5LBU8	cluster_5	E-F-W-Q-N-S-F-S-F-W--	helix	Oomycota	Oomycota	Pythium
A0AAD5LE61	cluster_5	E-F-W-E-N-A-F-S-F-H--	helix	Oomycota	Oomycota	Pythium
A0AAD5LMN7	cluster_5	E-F-W-E-N-S-L-S-F-H--	helix	Oomycota	Oomycota	Pythium
A0AAD5M2C2	cluster_5	E-F-W-Q-N-N-F-S-F-W--	helix	Oomycota	Oomycota	Pythium
A0AAD5M541	cluster_5	E-F-W-E-N-S-L-S-F-H--	helix	Oomycota	Oomycota	Pythium
A0AAD5M5S5	cluster_5	E-F-W-Q-N-G-F-S-F-W--	helix	Oomycota	Oomycota	Pythium
A0AAD5M6X4	cluster_5	E-F-W-E-N-A-F-S-F-H--	helix	Oomycota	Oomycota	Pythium
A0AAD5Q741	cluster_5	E-F-W-E-N-A-F-S-F-H--	helix	Oomycota	Oomycota	Pythium
A0AAD6GQB2	cluster_1	~-F-W-A-N-N-S-T-F-H--	coil	Fungi	Ascomycota	Penicillium
A0AAD8U6Q8	cluster_1	~-F-W-E-N-N-A-T-F-H--	coil	Fungi	Ascomycota	Glomerella
A0AAD9A2C7	cluster_1	~-F-W-A-N-N-S-T-F-H--	coil	Fungi	Ascomycota	Colletotrichum
A0AAI9ZNK8	cluster_1	~-F-W-E-H-N-V-T-F-H--	coil	Fungi	Ascomycota	Colletotrichum
A0AAJ0D004	cluster_3	~-F-W-E-N-N-P-A-F-H-C	coil	Fungi	Ascomycota	Conoideocrella
A0AAJ0DY96	cluster_1	~-F-W-E-N-N-A-T-F-H--	coil	Fungi	Ascomycota	Colletotrichum
A0AAJ0EKS8	cluster_1	~-F-W-E-N-N-A-T-F-H--	coil	Fungi	Ascomycota	Colletotrichum
A0AAN6W3U5	cluster_3	~-F-W-E-N-N-P-A-F-H-C	coil	Fungi	Ascomycota	Triangularia
A0AAN6WP52	cluster_3	~-F-W-E-N-N-P-A-F-H-C	coil	Fungi	Ascomycota	Podospora
A0AAN6XBQ4	cluster_3	~-F-W-E-N-N-P-A-F-H-C	coil	Fungi	Ascomycota	Triangularia
A0AAU9LEH6	cluster_5	E-F-W-E-N-A-F-A-F-L--	helix	Oomycota	Oomycota	Peronospora
A0AAV0TQH7	cluster_5	E-F-W-Q-N-N-F-S-F-W--	helix	Oomycota	Oomycota	Peronospora
A0AAV0TZW1	cluster_5	E-F-W-E-N-A-F-S-F-H--	helix	Oomycota	Oomycota	Peronospora
A0AAV0U2A6	cluster_5	E-F-W-E-N-A-F-S-F-H--	helix	Oomycota	Oomycota	Peronospora
A0AAV0U3J4	cluster_5	E-F-W-E-N-A-F-S-F-H--	helix	Oomycota	Oomycota	Peronospora
A0AAV0UD26	cluster_5	E-F-W-Q-N-N-S-S-F-W--	helix	Oomycota	Oomycota	Peronospora
A0AAV0UGV2	cluster_5	E-F-W-Q-N-N-S-S-F-W--	helix	Oomycota	Oomycota	Peronospora
A0AAV0UV36	cluster_5	E-F-W-E-N-S-L-A-F-H--	helix	Oomycota	Oomycota	Peronospora
A0AAV0UVP2	cluster_5	E-F-W-E-N-A-F-S-F-H--	helix	Oomycota	Oomycota	Peronospora
A0AAV0UVW7	cluster_5	E-F-W-E-N-S-L-A-F-H--	helix	Oomycota	Oomycota	Peronospora
A0AAV0UWJ7	cluster_5	E-F-W-E-N-A-F-S-F-H--	helix	Oomycota	Oomycota	Hyaloperonospora
A0AAV1UUI4	cluster_5	E-F-W-E-N-A-F-S-F-H--	helix	Oomycota	Oomycota	Peronospora
A0AAV2YL68	cluster_5	E-F-W-E-N-G-F-S-F-H--	helix	Oomycota	Oomycota	Lagenidium
A0AAV2Z3L5	cluster_5	E-F-W-E-N-A-F-S-F-H--	helix	Oomycota	Oomycota	Lagenidium
A0AAV2ZA52	cluster_5	E-F-W-E-N-A-L-S-F-H--	helix	Oomycota	Oomycota	Lagenidium
A0AAV9WFZ0	cluster_3	~-F-W-E-N-Y-V-A-F-H-C	coil	Fungi	Ascomycota	Arthrobotrys
A0AAW0S6A5	cluster_1	~-F-W-E-N-N-T-T-F-H--	coil	Fungi	Ascomycota	Beauveria
A0AAX6MN94	cluster_3	~-F-W-E-N-N-V-A-F-H-C	coil	Fungi	Ascomycota	Daldinia
A0ABD0JMJ5	cluster_477	~-F-W-E-N-S-L-S-F-H-C	coil	Animals	Mollusca	Batillaria
A0ABD0K492	cluster_478	~-F-W-E-N-W-L-S-F-H-C	coil	Animals	Mollusca	Batillaria
A0ABD3FSP5	cluster_5	E-F-W-E-N-S-F-S-F-H--	helix	Oomycota	Oomycota	Phytophthora
A0ABD3FTZ6	cluster_5	E-F-W-E-N-A-F-S-F-H--	helix	Oomycota	Oomycota	Phytophthora
A0ABD3FUV3	cluster_5	E-F-W-E-A-A-F-S-F-H--	helix	Oomycota	Oomycota	Phytophthora
A0ABN8CQB0	cluster_686	E-F-W-E-N-A-F-A-F-H--	helix	Oomycota	Oomycota	Peronospora
A0ABN8CT59	cluster_5	E-F-W-E-N-A-F-S-F-H--	helix	Oomycota	Oomycota	Peronospora
A0ABP2EPS6	cluster_3	~-F-W-E-N-G-I-A-F-H-C	coil	Fungi	Ascomycota	Ajellomyces
A0ABQ9PBW5	cluster_1	~-F-W-E-N-N-A-T-F-H--	coil	Fungi	Ascomycota	Colletotrichum
A0ABQ9QNJ5	cluster_1	~-F-W-E-N-N-A-T-F-H--	coil	Fungi	Ascomycota	Colletotrichum
A0ABR0G0T6	cluster_3	~-F-W-E-N-N-P-A-F-H-C	coil	Fungi	Ascomycota	Podospora
A0ABR0GX39	cluster_3	~-F-W-E-N-N-P-A-F-H-C	coil	Fungi	Ascomycota	Podospora
A0ABR0IQM8	cluster_110	~-F-W-E-N-N-P-A-F-H-C	coil	Fungi	Ascomycota	Podospora
A0ABR1IJA1	cluster_1	~-F-W-S-N-F-S-A-F-H--	coil	Fungi	Basidiomycota	Marasmiellus
A0ABR1IMN2	cluster_1	~-F-W-S-N-F-T-A-F-H--	coil	Fungi	Basidiomycota	Marasmiellus
A0ABR2WZL0	cluster_1	~-F-W-E-G-N-M-S-F-H--	coil	Fungi	Zoopagomycota	Basidiobolus
A0ABR3YKV9	cluster_3	~-F-W-E-G-V-M-S-F-H-C	coil	Fungi	Ascomycota	Ceratocystis
A0ABR4CKZ7	cluster_3	~-F-W-E-N-G-P-A-F-H-C	coil	Fungi	Ascomycota	Oculimacula
A0ABR4NG22	cluster_1	~-F-W-E-N-T-L-S-F-H--	coil	Fungi	Chytridiomycota	Polyrhizophydium
A0ABR4PTF1	cluster_3	~-F-W-E-N-N-V-A-F-H-C	coil	Fungi	Ascomycota	Phlyctema
A0ABW1QMG1	cluster_6	~-F-W-E-G-V-F-A-F-H-C	coil	Bacteria	Actinomycetota	Mumia
A0ABY6RZE0	cluster_3	~-F-W-E-N-N-P-A-F-H-C	coil	Fungi	Ascomycota	Podospora
A0ACB6RVN5	cluster_3	~-F-W-E-D-N-A-S-F-L-C	coil	Fungi	Ascomycota	Macroventuria
A0ACB8SW39	cluster_1	~-F-W-S-N-N-S-A-F-H--	coil	Fungi	Basidiomycota	Artomyces
A0ACC0WCW2	cluster_5	E-F-W-E-N-A-Y-S-F-H--	helix	Oomycota	Oomycota	Peronosclerospora
A0ACC0WDW4	cluster_5	E-F-W-E-N-G-F-A-F-H--	helix	Oomycota	Oomycota	Peronosclerospora
A0ACC1KZ88	cluster_1	~-F-A-E-G-L-M-S-F-H--	coil	Fungi	Zoopagomycota	Coemansia
A0ACC1NWS4	cluster_1	~-F-W-A-N-N-V-T-F-H--	coil	Fungi	Ascomycota	Zarea
A0ACC2IC80	cluster_3	~-F-W-E-D-N-A-S-F-L-C	coil	Fungi	Ascomycota	Boeremia
B2AU58	cluster_3	~-F-W-E-N-N-P-A-F-H-C	coil	Fungi	Ascomycota	Podospora
B5RHQ6	cluster_380	~-F-?-E-N-S-L-T-F-H-C	coil	Animals	Mollusca	Falcidens
B5RHQ9	cluster_43	~-F-W-E-N-N-L-T-F-H-C	coil	Animals	Mollusca	Leptochiton
B5RHR0	cluster_43	~-F-W-E-N-S-L-T-F-H-C	coil	Animals	Mollusca	Callochiton
D0N9M9	cluster_5	E-F-W-E-A-A-F-C-F-H--	helix	Oomycota	Oomycota	Phytophthora
D0N9N0	cluster_5	E-F-W-E-N-A-F-S-F-H--	helix	Oomycota	Oomycota	Phytophthora
D0N9N3	cluster_5	E-F-W-E-N-A-F-S-F-H--	helix	Oomycota	Oomycota	Phytophthora
D0NCR3	cluster_1	E-F-W-Q-N-N-F-S-F-W--	helix	Oomycota	Oomycota	Phytophthora
D0ND78	cluster_5	E-F-W-E-N-S-F-S-F-H--	helix	Oomycota	Oomycota	Phytophthora
E5A937	cluster_1	~-F-W-T-N-D-G-T-F-H--	coil	Fungi	Ascomycota	Leptosphaeria
E7CLR5	cluster_30	~-F-W-E-N-L-L-S-F-H-C	coil	Animals	Mollusca	Spirula
F0WX74	cluster_5	E-F-W-E-N-A-F-A-F-H--	helix	Oomycota	Oomycota	Albugo
F0XSV5	cluster_1	~-F-W-E-D-N-S-T-F-H--	coil	Fungi	Ascomycota	Grosmannia
G0NKK5	cluster_1	~-F-W-E-G-I-T-A-F-H--	coil	Animals	Nematoda	Caenorhabditis
G4ZQT5	cluster_5	E-F-W-Q-N-N-F-S-F-W--	helix	Oomycota	Oomycota	Phytophthora
G5A886	cluster_5	E-F-W-E-N-S-F-S-F-H--	helix	Oomycota	Oomycota	Phytophthora
G5AB88	cluster_5	E-F-W-E-N-A-F-S-F-H--	helix	Oomycota	Oomycota	Phytophthora
G5AB89	cluster_5	E-F-W-E-N-A-F-S-F-H--	helix	Oomycota	Oomycota	Phytophthora
G5AB99	cluster_5	E-F-W-E-A-S-F-S-F-H--	helix	Oomycota	Oomycota	Phytophthora
H3GFA7	cluster_5	E-F-W-E-N-S-L-S-F-H--	helix	Oomycota	Oomycota	Phytophthora
H3GI94	cluster_5	E-F-W-Q-N-N-F-S-F-W--	helix	Oomycota	Oomycota	Phytophthora
H3GPM2	cluster_5	E-F-W-E-S-S-F-S-F-H--	helix	Oomycota	Oomycota	Phytophthora
H3GPM3	cluster_5	E-F-W-E-N-A-F-S-F-H--	helix	Oomycota	Oomycota	Phytophthora
H3GPM4	cluster_5	E-F-W-E-N-A-F-S-F-H--	helix	Oomycota	Oomycota	Phytophthora
J5JUH6	cluster_1	~-F-W-E-N-N-T-T-F-H--	coil	Fungi	Ascomycota	Beauveria
K1QMD1	cluster_8	~-F-W-E-G-M-L-A-F-H--	coil	Animals	Mollusca	Magallana
K1RLT5	cluster_8	~-F-F-E-G-L-L-A-F-H--	coil	Animals	Mollusca	Magallana
K3W7U2	cluster_5	E-F-W-E-N-A-F-S-F-H--	helix	Oomycota	Oomycota	Globisporangium
K3X1J2	cluster_5	E-F-W-E-D-A-F-S-F-H--	helix	Oomycota	Oomycota	Globisporangium
K3X1K4	cluster_5	E-F-W-E-N-A-F-S-F-H--	helix	Oomycota	Oomycota	Globisporangium
K3X1K6	cluster_5	E-F-W-E-N-A-F-S-F-H--	helix	Oomycota	Oomycota	Globisporangium
K3X3G4	cluster_5	E-F-W-Q-N-N-F-S-F-W--	helix	Oomycota	Oomycota	Globisporangium
K3X5C6	cluster_533	E-F-W-E-N-S-L-S-F-H--	helix	Oomycota	Oomycota	Globisporangium
K5X0S3	cluster_3	~-F-W-E-D-M-L-A-F-H-C	coil	Fungi	Basidiomycota	Agaricus
L2GRS8	cluster_1	~-F-W-E-A-L-L-S-F-H-C	coil	Fungi	Microsporidia	Vavraia
L7JYP0	cluster_1	~-F-W-E-A-L-L-S-F-H-C	coil	Fungi	Microsporidia	Trachipleistophora
M4BES0	cluster_5	E-F-W-E-N-A-F-S-F-H--	helix	Oomycota	Oomycota	Hyaloperonospora
M4BES1	cluster_5	E-F-W-E-N-A-F-S-F-H--	helix	Oomycota	Oomycota	Hyaloperonospora
P12031	cluster_30	~-F-W-E-N-S-L-T-F-H-C	coil	Animals	Mollusca	Helix
P56823	cluster_30	~-F-W-E-N-S-L-T-F-H-C	coil	Animals	Mollusca	Helix
P56826	cluster_608	~-F-W-E-N-S-L-T-F-H-C	coil	Animals	Mollusca	Sepia
P80960	cluster_30	~-F-W-E-N-W-L-T-F-H-C	coil	Animals	Mollusca	Rapana
P81732	cluster_30	~-F-W-E-N-A-L-F-F-H-C	coil	Animals	Mollusca	Megathura
P83040	cluster_30	~-F-W-E-N-A-L-A-F-H-C	coil	Animals	Mollusca	Rapana
Q0U6S4	cluster_1	~-F-W-T-N-D-M-T-F-H--	coil	Fungi	Ascomycota	Phaeosphaeria
S8AEK3	cluster_3	~-F-W-E-G-V-P-S-F-H-C	coil	Fungi	Ascomycota	Dactylellina
T0JVN9	cluster_1	~-F-W-A-N-N-V-T-F-H--	coil	Fungi	Ascomycota	Colletotrichum
T0MGC7	cluster_1	~-F-W-E-A-S-M-S-F-H--	coil	Fungi	Microsporidia	Vairimorpha
T0Q7G0	cluster_5	E-F-W-Q-N-G-F-S-F-H--	helix	Oomycota	Oomycota	Saprolegnia
T0QAK3	cluster_5	E-F-W-Q-N-A-F-S-F-H--	helix	Oomycota	Oomycota	Saprolegnia
T0QV32	cluster_5	E-F-W-Q-N-A-F-S-F-H--	helix	Oomycota	Oomycota	Saprolegnia
V9DYL0	cluster_5	E-F-W-E-N-S-F-S-F-H--	helix	Oomycota	Oomycota	Phytophthora
V9ES59	cluster_5	E-F-W-E-N-A-F-S-F-H--	helix	Oomycota	Oomycota	Phytophthora
V9ES63	cluster_5	E-F-W-E-A-A-F-S-F-H--	helix	Oomycota	Oomycota	Phytophthora
V9EUD3	cluster_5	E-F-W-E-N-A-F-S-F-H--	helix	Oomycota	Oomycota	Phytophthora
V9FSW0	cluster_5	E-F-W-E-N-S-F-S-F-H--	helix	Oomycota	Oomycota	Phytophthora
W2FLR6	cluster_5	E-F-W-E-N-S-F-S-F-H--	helix	Oomycota	Oomycota	Phytophthora
W2GGF7	cluster_5	E-F-W-E-N-A-F-S-F-H--	helix	Oomycota	Oomycota	Phytophthora
W2GGG1	cluster_5	E-F-W-E-A-A-F-S-F-H--	helix	Oomycota	Oomycota	Phytophthora
W2GIT6	cluster_5	E-F-W-E-N-A-F-S-F-H--	helix	Oomycota	Oomycota	Phytophthora
W2HHV6	cluster_5	E-F-W-E-N-S-F-S-F-H--	helix	Oomycota	Oomycota	Phytophthora
W2HVG2	cluster_5	E-F-W-E-N-S-F-S-F-H--	helix	Oomycota	Oomycota	Phytophthora
W2IN87	cluster_5	E-F-W-E-N-A-F-S-F-H--	helix	Oomycota	Oomycota	Phytophthora
W2JZS2	cluster_5	E-F-W-E-N-S-F-S-F-H--	helix	Oomycota	Oomycota	Phytophthora
W2KU99	cluster_5	E-F-W-E-N-A-F-S-F-H--	helix	Oomycota	Oomycota	Phytophthora
W2LV84	cluster_5	E-F-W-E-N-S-F-S-F-H--	helix	Oomycota	Oomycota	Phytophthora
W2N022	cluster_5	E-F-W-E-N-A-F-S-F-H--	helix	Oomycota	Oomycota	Phytophthora
W2P1H2	cluster_5	E-F-W-E-N-S-F-S-F-H--	helix	Oomycota	Oomycota	Phytophthora
W2PX61	cluster_5	E-F-W-E-A-A-F-S-F-H--	helix	Oomycota	Oomycota	Phytophthora
W2PXC1	cluster_5	E-F-W-E-N-A-F-S-F-H--	helix	Oomycota	Oomycota	Phytophthora
W2PZ52	cluster_5	E-F-W-E-N-A-F-S-F-H--	helix	Oomycota	Oomycota	Phytophthora
W2QNA1	cluster_5	E-F-W-E-N-S-F-S-F-H--	helix	Oomycota	Oomycota	Phytophthora
W2QUM0	cluster_5	E-F-W-E-N-S-F-S-F-H--	helix	Oomycota	Oomycota	Phytophthora
W2VSG5	cluster_5	E-F-W-E-N-S-F-S-F-H--	helix	Oomycota	Oomycota	Phytophthora
W2WMX2	cluster_5	E-F-W-E-N-A-F-S-F-H--	helix	Oomycota	Oomycota	Phytophthora
W2WNV8	cluster_5	E-F-W-E-N-A-F-S-F-H--	helix	Oomycota	Oomycota	Phytophthora
W2WNW2	cluster_5	E-F-W-E-A-A-F-S-F-H--	helix	Oomycota	Oomycota	Phytophthora
W2XNG3	cluster_5	E-F-W-E-N-S-F-S-F-H--	helix	Oomycota	Oomycota	Phytophthora
W2Y568	cluster_5	E-F-W-E-N-S-F-S-F-H--	helix	Oomycota	Oomycota	Phytophthora
W2YZ13	cluster_5	E-F-W-E-N-A-F-S-F-H--	helix	Oomycota	Oomycota	Phytophthora
W2YZ17	cluster_5	E-F-W-E-A-A-F-S-F-H--	helix	Oomycota	Oomycota	Phytophthora
W2Z167	cluster_5	E-F-W-E-N-A-F-S-F-H--	helix	Oomycota	Oomycota	Phytophthora
W2ZXC0	cluster_5	E-F-W-E-N-S-F-S-F-H--	helix	Oomycota	Oomycota	Phytophthora
W3X0R7	cluster_3	~-F-W-E-N-N-V-A-F-H-C	coil	Fungi	Ascomycota	Pestalotiopsis
W4FJK0	cluster_5	E-L-W-M-P-A-M-S-F-H--	helix	Oomycota	Oomycota	Aphanomyces
W4G9A5	cluster_5	E-F-W-Q-N-N-F-A-F-H--	helix	Oomycota	Oomycota	Aphanomyces
W4GBE5	cluster_5	E-F-W-Q-N-N-M-A-F-H--	helix	Oomycota	Oomycota	Aphanomyces
W4GNY0	cluster_175	E-F-W-Q-N-G-F-S-F-H--	helix	Oomycota	Oomycota	Aphanomyces
W6Q1V5	cluster_1	~-F-W-T-N-N-V-T-F-H--	coil	Fungi	Ascomycota	Penicillium
W9JKK9	cluster_3	~-F-W-E-N-T-V-S-F-H-C	coil	Fungi	Ascomycota	Fusarium
