accession	structural_cluster	vector	kingdom	phylum	genus
A0A024SD58	cluster_1031	~-T-W-E-D-G-N-T-F-Y-C	Fungi	Ascomycota	Hypocrea
A0A099MZ46	cluster_15	~-F-W-E-D-G-N-T-F-Y-C	Bacteria	Pseudomonadota	Pseudomonas
A0A0A1YUC0	cluster_15	~-F-W-E-D-G-N-T-F-Y-C	Bacteria	Pseudomonadota	Pseudomonas
A0A0D2Y718	cluster_16	~-T-W-E-D-G-N-T-F-Y-C	Fungi	Ascomycota	Fusarium
A0A0J9VNP9	cluster_16	~-T-W-E-D-G-N-T-F-Y-C	Fungi	Ascomycota	Fusarium
A0A0U1MAB1	cluster_93	~-F-W-E-D-G-N-T-F-Y-C	Fungi	Ascomycota	Talaromyces
A0A127I0D0	cluster_15	~-F-W-E-D-G-N-T-F-Y-C	Bacteria	Pseudomonadota	Pseudomonas
A0A136IUL0	cluster_118	~-T-W-E-D-G-N-T-F-Y-C	Fungi	Ascomycota	Microdochium
A0A167RCQ6	cluster_197	~-F-W-E-D-G-N-T-F-Y-C	Fungi	Ascomycota	Penicillium
A0A1E3V4Z2	cluster_159	~-F-W-E-D-G-N-T-F-Y-C	Bacteria	Pseudomonadota	Sinorhizobium
A0A1G9LQ44	cluster_15	~-F-W-E-D-G-N-T-F-Y-C	Bacteria	Pseudomonadota	Modicisalibacter
A0A1L5PR01	cluster_63	~-F-W-E-D-G-N-T-F-Y-C	Bacteria	Pseudomonadota	Pseudomonas
A0A1N7U5H3	cluster_63	~-F-W-E-D-G-N-T-F-Y-C	Bacteria	Pseudomonadota	Pseudomonas
A0A1S2TDC3	cluster_63	~-F-W-E-D-G-N-T-F-Y-C	Bacteria	Pseudomonadota	Pseudomonas
A0A1V6QQ78	cluster_614	~-F-W-E-D-G-N-T-F-Y-C	Fungi	Ascomycota	Penicillium
A0A1V6T2W4	cluster_156	~-F-W-E-D-G-N-T-F-Y-C	Fungi	Ascomycota	Penicillium
A0A249PKJ6	cluster_15	~-F-W-E-D-G-N-T-F-Y-C	Bacteria	Pseudomonadota	Sinorhizobium
A0A2H3GCF0	cluster_16	~-T-W-E-D-G-N-T-F-Y-C	Fungi	Ascomycota	Fusarium
A0A2H3SVM4	cluster_16	~-T-W-E-D-G-N-T-F-Y-C	Fungi	Ascomycota	Fusarium
A0A2J0YX98	cluster_941	~-F-W-E-D-G-N-T-F-Y-C	Bacteria	Pseudomonadota	Rhizobium
A0A2S9E9Y7	cluster_79	~-F-W-E-D-G-N-T-F-Y-C	Bacteria	Pseudomonadota	Pseudomonas
A0A2T4BLM2	cluster_118	~-T-W-E-D-G-N-T-F-Y-C	Fungi	Ascomycota	Trichoderma
A0A2T4BQX4	cluster_280	~-T-W-E-D-G-N-T-F-Y-C	Fungi	Ascomycota	Trichoderma
A0A2T4FKC8	cluster_15	~-F-W-E-D-G-N-T-F-Y-C	Bacteria	Pseudomonadota	Pseudomonas
A0A2T6ZI61	cluster_15	~-F-W-E-D-G-N-T-F-Y-C	Fungi	Ascomycota	Tuber
A0A379ICC9	cluster_15	~-F-W-E-D-G-N-T-F-Y-C	Bacteria	Pseudomonadota	Pseudomonas
A0A395M9N5	cluster_16	~-T-W-E-D-G-N-T-F-Y-C	Fungi	Ascomycota	Fusarium
A0A395S4M8	cluster_16	~-T-W-E-D-G-N-T-F-Y-C	Fungi	Ascomycota	Fusarium
A0A3L6MZC5	cluster_16	~-T-W-E-D-G-N-T-F-Y-C	Fungi	Ascomycota	Fusarium
A0A3M8TNP8	cluster_79	~-F-W-E-D-G-N-T-F-Y-C	Bacteria	Pseudomonadota	Pseudomonas
A0A3N4IZV1	cluster_15	~-F-W-E-D-G-N-T-F-Y-C	Fungi	Ascomycota	Choiromyces
A0A3N4KYW5	cluster_851	~-T-W-E-D-G-N-T-F-Y-C	Fungi	Ascomycota	Morchella
A0A420NVL3	cluster_16	~-T-W-E-D-G-N-T-F-Y-C	Fungi	Ascomycota	Fusarium
A0A420R194	cluster_16	~-T-W-E-D-G-N-T-F-Y-C	Fungi	Ascomycota	Fusarium
A0A423FGB7	cluster_15	~-F-W-E-D-G-N-T-F-Y-C	Bacteria	Pseudomonadota	Pseudomonas
A0A4Q2VQ33	cluster_16	~-T-W-E-D-G-N-T-F-Y-C	Fungi	Ascomycota	Fusarium
A0A4Z0AQA6	cluster_15	~-F-W-E-D-G-N-T-F-Y-C	Bacteria	Pseudomonadota	Pseudomonas
A0A559KLZ0	cluster_16	~-T-W-E-D-G-N-T-F-Y-C	Fungi	Ascomycota	Fusarium
A0A5B2UX14	cluster_15	~-F-W-E-D-G-N-T-F-Y-C	Bacteria	Pseudomonadota	Pseudomonas
A0A5C6SHS5	cluster_16	~-T-W-E-D-G-N-T-F-Y-C	Fungi	Ascomycota	Fusarium
A0A6A7AQI4	cluster_650	~-F-W-E-D-G-N-T-F-Y-C	Fungi	Ascomycota	Plenodomus
A0A7X1AU61	cluster_869	~-F-W-E-D-G-N-T-F-Y-C	Bacteria	Pseudomonadota	Pseudomonas
A0A7Y1MNK6	cluster_15	~-F-W-E-D-G-N-T-F-Y-C	Bacteria	Pseudomonadota	Pseudomonas
A0A7Y8ELP5	cluster_15	~-F-W-E-D-G-N-T-F-Y-C	Bacteria	Pseudomonadota	Pseudomonas
A0A7Y8FG76	cluster_15	~-F-W-E-D-G-N-T-F-Y-C	Bacteria	Pseudomonadota	Pseudomonas
A0A7Y8G6M0	cluster_15	~-F-W-E-D-G-N-T-F-Y-C	Bacteria	Pseudomonadota	Pseudomonas
A0A8H3WRY4	cluster_93	~-T-W-E-D-G-N-T-F-Y-C	Fungi	Ascomycota	Colletotrichum
A0A8H4JY40	cluster_16	~-T-W-E-D-G-N-T-F-Y-C	Fungi	Ascomycota	Fusarium
A0A8H4ZL32	cluster_16	~-T-W-E-D-G-N-T-F-Y-C	Fungi	Ascomycota	Fusarium
A0A8H4ZZ08	cluster_16	~-T-W-E-D-G-N-T-F-Y-C	Fungi	Ascomycota	Fusarium
A0A8H5JC63	cluster_16	~-T-W-E-D-G-N-T-F-Y-C	Fungi	Ascomycota	Fusarium
A0A8H5LGT6	cluster_16	~-T-W-E-D-G-N-T-F-Y-C	Fungi	Ascomycota	Gibberella
A0A8H5WYS4	cluster_16	~-T-W-E-D-G-N-T-F-Y-C	Fungi	Ascomycota	Fusarium
A0A8H6LBS9	cluster_16	~-T-W-E-D-G-N-T-F-Y-C	Fungi	Ascomycota	Fusarium
A0A8H7JCU1	cluster_15	~-F-W-E-D-G-N-T-F-Y-C	Fungi	Ascomycota	Ascochyta
A0A8J2IPY8	cluster_16	~-T-W-E-D-G-N-T-F-Y-C	Fungi	Ascomycota	Fusarium
A0A8J5NKZ0	cluster_16	~-T-W-E-D-G-N-T-F-Y-C	Fungi	Ascomycota	Fusarium
A0A8J5PNS1	cluster_16	~-T-W-E-D-G-N-T-F-Y-C	Fungi	Ascomycota	Fusarium
A0A934W1F1	cluster_15	~-F-W-E-D-G-N-T-F-Y-C	Bacteria	Pseudomonadota	Paracoccus
A0A9N8WZP9	cluster_189	~-T-W-E-D-G-N-T-F-Y-C	Fungi	Ascomycota	Gibberella
A0A9P5AMW5	cluster_16	~-T-W-E-D-G-N-T-F-Y-C	Fungi	Ascomycota	Fusarium
A0A9P5XZM4	cluster_15	~-F-W-E-D-G-N-T-F-Y-C	Fungi	Basidiomycota	Collybia
A0A9P8ZYD0	cluster_242	~-T-W-E-D-G-N-T-F-Y-C	Fungi	Ascomycota	Truncatella
A0A9P9HJ81	cluster_16	~-T-W-E-D-G-N-T-F-Y-C	Fungi	Ascomycota	Fusarium
A0A9P9IXR3	cluster_354	~-T-W-E-D-G-N-T-F-Y-C	Fungi	Ascomycota	Dactylonectria
A0A9P9JVC3	cluster_16	~-T-W-E-D-G-N-T-F-Y-C	Fungi	Ascomycota	Fusarium
A0A9X4D7M1	cluster_15	~-F-W-E-D-G-N-T-F-Y-C	Bacteria	Pseudomonadota	Pseudomonas
A0A9X4I0A2	cluster_94	~-F-W-E-D-G-N-T-F-Y-C	Bacteria	Pseudomonadota	Pseudomonas
A0AAD4L0L4	cluster_156	~-F-W-E-D-G-N-T-F-Y-C	Fungi	Ascomycota	Talaromyces
A0AAD6IJM2	cluster_920	~-F-W-E-D-G-N-T-F-Y-C	Fungi	Ascomycota	Penicillium
A0AAD8U991	cluster_15	~-T-W-E-D-G-N-T-F-Y-C	Fungi	Ascomycota	Glomerella
A0AAE0LZ24	cluster_171	~-T-W-E-D-G-N-T-F-Y-C	Fungi	Ascomycota	Apodospora
A0AAJ3LKX2	cluster_15	~-F-W-E-D-G-N-T-F-Y-C	Bacteria	Pseudomonadota	Pseudomonas
A0AAJ5HX26	cluster_94	~-F-W-E-D-G-N-T-F-Y-C	Bacteria	Pseudomonadota	Pseudomonas
A0AAN5YXM8	cluster_16	~-T-W-E-D-G-N-T-F-Y-C	Fungi	Ascomycota	Fusarium
A0AAW5AIV8	cluster_15	~-F-W-E-D-G-N-T-F-Y-C	Bacteria	Pseudomonadota	Pseudomonas
A0AB72UHW7	cluster_99	~-F-W-E-D-G-N-T-F-Y-C	Bacteria	Pseudomonadota	Thalassospira
A0ABQ8QXP3	cluster_16	~-T-W-E-D-G-N-T-F-Y-C	Fungi	Ascomycota	Fusarium
A0ABR3GF19	cluster_600	~-T-W-E-D-G-N-T-F-Y-C	Fungi	Ascomycota	Discina
A0ABR4TSS6	cluster_99	~-F-W-E-D-G-N-T-F-Y-C	Bacteria	Pseudomonadota	Thalassospira
A0ABR5Y6J9	cluster_99	~-F-W-E-D-G-N-T-F-Y-C	Bacteria	Pseudomonadota	Thalassospira
A0ABR6V5Y3	cluster_15	~-F-W-E-D-G-N-T-F-Y-C	Bacteria	Pseudomonadota	Pseudomonas
A0ABS6QBR2	cluster_15	~-F-W-E-D-G-N-T-F-Y-C	Bacteria	Pseudomonadota	Pseudomonas
A0ABS9FD76	cluster_15	~-F-W-E-D-G-N-T-F-Y-C	Bacteria	Pseudomonadota	Pseudomonas
A0ABS9G7M5	cluster_15	~-F-W-E-D-G-N-T-F-Y-C	Bacteria	Pseudomonadota	Pseudomonas
A0ABT2ZPY2	cluster_15	~-F-W-E-D-G-N-T-F-Y-C	Bacteria	Pseudomonadota	Albidovulum
A0ABT5NM23	cluster_15	~-F-W-E-D-G-N-T-F-Y-C	Bacteria	Pseudomonadota	Pseudomonas
A0ABU1D0H3	cluster_15	~-F-W-E-D-G-N-T-F-Y-C	Bacteria	Pseudomonadota	Pseudomonas
A0ABU5KX76	cluster_94	~-F-W-E-D-G-N-T-F-Y-C	Bacteria	Pseudomonadota	Pseudomonas
A0ABW8R094	cluster_15	~-F-W-E-D-G-N-T-F-Y-C	Bacteria	Pseudomonadota	Pseudomonas
A0ABX2QSF3	cluster_63	~-F-W-E-D-G-N-T-F-Y-C	Bacteria	Pseudomonadota	Pseudomonas
A0ABX7K4S3	cluster_15	~-F-W-E-D-G-N-T-F-Y-C	Bacteria	Pseudomonadota	Pseudomonas
A0ABY0T4X6	cluster_79	~-F-W-E-D-G-N-T-F-Y-C	Bacteria	Pseudomonadota	Pseudomonas
A0ABY9SUW3	cluster_15	~-F-W-E-D-G-N-T-F-Y-C	Bacteria	Pseudomonadota	Pseudomonas
A0ABZ1ADG6	cluster_15	~-F-W-E-D-G-N-T-F-Y-C	Bacteria	Pseudomonadota	Pseudomonas
A0ACC6LFG7	cluster_63	~-F-W-E-D-G-N-T-F-Y-C	Bacteria	Pseudomonadota	Pseudomonas
A0ACD3YYX0	cluster_16	~-T-W-E-D-G-N-T-F-Y-C	Fungi	Ascomycota	Fusarium
A1BB10	cluster_15	~-F-W-E-D-G-N-T-F-Y-C	Bacteria	Pseudomonadota	Paracoccus
B6HTY5	cluster_93	~-F-W-E-D-G-N-T-F-Y-C	Fungi	Ascomycota	Penicillium
D5GL91	cluster_15	~-F-W-E-D-G-N-T-F-Y-C	Fungi	Ascomycota	Tuber
F9G0F0	cluster_16	~-T-W-E-D-G-N-T-F-Y-C	Fungi	Ascomycota	Fusarium
G0RFJ8	cluster_16	~-T-W-E-D-G-N-T-F-Y-C	Fungi	Ascomycota	Hypocrea
I1S6D3	cluster_16	~-T-W-E-D-G-N-T-F-Y-C	Fungi	Ascomycota	Gibberella
K3V6C2	cluster_532	~-T-W-E-D-G-N-T-F-Y-C	Fungi	Ascomycota	Fusarium
N1RTX1	cluster_171	~-T-W-E-D-G-N-T-F-Y-C	Fungi	Ascomycota	Fusarium
N4U6B2	cluster_16	~-T-W-E-D-G-N-T-F-Y-C	Fungi	Ascomycota	Fusarium
Q0FSM9	cluster_15	~-F-W-E-D-G-N-T-F-Y-C	Bacteria	Pseudomonadota	Salipiger
U1TTP3	cluster_384	~-F-W-E-D-G-N-T-F-Y-C	Bacteria	Pseudomonadota	Pseudomonas
V7D4V9	cluster_197	~-F-W-E-D-G-N-T-F-Y-C	Bacteria	Pseudomonadota	Pseudomonas
V9V1D4	cluster_15	~-F-W-E-D-G-N-T-F-Y-C	Bacteria	Pseudomonadota	Pseudomonas
W9HKZ6	cluster_16	~-T-W-E-D-G-N-T-F-Y-C	Fungi	Ascomycota	Fusarium
W9JX29	cluster_16	~-T-W-E-D-G-N-T-F-Y-C	Fungi	Ascomycota	Fusarium
W9NP81	cluster_16	~-T-W-E-D-G-N-T-F-Y-C	Fungi	Ascomycota	Fusarium
W9YYG2	cluster_16	~-T-W-E-D-G-N-T-F-Y-C	Fungi	Ascomycota	Fusarium
W9YZK1	cluster_16	~-T-W-E-D-G-N-T-F-Y-C	Fungi	Ascomycota	Fusarium
X0C1C7	cluster_16	~-T-W-E-D-G-N-T-F-Y-C	Fungi	Ascomycota	Fusarium
X0HP82	cluster_16	~-T-W-E-D-G-N-T-F-Y-C	Fungi	Ascomycota	Fusarium
X0KLF2	cluster_16	~-T-W-E-D-G-N-T-F-Y-C	Fungi	Ascomycota	Fusarium
X0LE01	cluster_16	~-T-W-E-D-G-N-T-F-Y-C	Fungi	Ascomycota	Fusarium
