sequence_id,filter_status
A0A010RYF3_taxID_1445577_model_A,unknown
A0A016T0A5_taxID_53326_model,unknown
A0A016T1G5_taxID_53326_model,unknown
A0A016WCE7_taxID_53326_model,unknown
A0A024SD58_taxID_1344414_model_A,unknown
A0A024T961_taxID_157072_model,unknown
A0A024TEL4_taxID_157072_model,unknown
A0A024UP64_taxID_157072_model,unknown
A0A066RUA7_taxID_1654360_model,unknown
A0A066Z0K1_taxID_1348663_model,unknown
A0A067BLZ4_taxID_695850_model,unknown
A0A067BRT6_taxID_695850_model,unknown
A0A067C156_taxID_695850_model_A,unknown
A0A067D5R2_taxID_695850_model_A,unknown
A0A067D814_taxID_695850_model,unknown
A0A074RXE5_taxID_1423351_model_A,unknown
A0A074ZDD7_taxID_6198_model,unknown
A0A075B1D3_taxID_988480_model,unknown
A0A077R9S7_taxID_1398559_model_A,unknown
A0A077ZGT3_taxID_36087_model,unknown
A0A084FV70_taxID_563466_model_A,unknown
A0A084G098_taxID_563466_model,unknown
A0A085M8H3_taxID_68888_model,unknown
A0A098SBM4_taxID_1524460_model,unknown
A0A0A0B9F3_taxID_1408250_model,unknown
A0A0A1UJW0_taxID_1086054_model,unknown
A0A0A2VY68_taxID_1245745_model,unknown
A0A0A7CN07_taxID_1202772_model_A,unknown
A0A0A7CP65_taxID_1202772_model,unknown
A0A0A7CPE6_taxID_1202772_model,unknown
A0A0B2VVI5_taxID_6265_model,unknown
A0A0B4FMW4_taxID_3151832_model_A,unknown
A0A0B7A0D2_taxID_1028688_model,unknown
A0A0B7BDN3_taxID_1028688_model_A,unknown
A0A0C2GMT1_taxID_51022_model,unknown
A0A0C3F7Q7_taxID_765440_model,unknown
A0A0D1CHR5_taxID_5270_model_A,unknown
A0A0D2PWI2_taxID_945553_model,unknown
A0A0D3G0L1_taxID_65489_model_A,unknown
A0A0D6LVJ5_taxID_53326_model,unknown
A0A0D6M6M4_taxID_53326_model,unknown
A0A0E0H672_taxID_4536_model,unknown
A0A0E0PEB1_taxID_4529_model,unknown
A0A0F4GBJ7_taxID_1047168_model,unknown
A0A0F4GRH8_taxID_1047168_model,unknown
A0A0F6AHE7_taxID_1129367_model,unknown
A0A0F7RVY0_taxID_49012_model_A,unknown
A0A0F8A0A1_taxID_1043627_model,unknown
A0A0F9J123_taxID_412755_model,unknown
A0A0G2GEG2_taxID_420778_model_A,unknown
A0A0G3BQ28_taxID_413882_model,unknown
A0A0G4HRH3_taxID_1169474_model,unknown
A0A0G4IUQ3_taxID_37360_model,unknown
A0A0G4J7H3_taxID_37360_model,unknown
A0A0G4N7R0_taxID_100787_model,unknown
A0A0H1BRE8_taxID_2060906_model_A,unknown
A0A0H5RCB1_taxID_70186_model_A,unknown
A0A0H5S2I7_taxID_6279_model,unknown
A0A0K6FPV3_taxID_456999_model,unknown
A0A0K6FZ23_taxID_456999_model,unknown
A0A0L0HF05_taxID_645134_model,unknown
A0A0L8ICD6_taxID_37653_model,unknown
A0A0L8IDI7_taxID_37653_model,unknown
A0A0N0DC34_taxID_179993_model,unknown
A0A0N4SWM8_taxID_6280_model,unknown
A0A0N4XV59_taxID_27835_model,unknown
A0A0P7APX3_taxID_78410_model,unknown
A0A0P7YXS6_taxID_113540_model,unknown
A0A0R0LTG5_taxID_146866_model,unknown
A0A0R3RX42_taxID_1147741_model_A,unknown
A0A0S4LNR0_taxID_1742972_model_A,unknown
A0A0U1MAB1_taxID_28573_model,unknown
A0A0V0S806_taxID_6336_model,unknown
A0A0V0TGR2_taxID_144512_model,unknown
A0A0V0YE73_taxID_6337_model,unknown
A0A0V1AAJ2_taxID_990121_model,unknown
A0A0V1ABN4_taxID_990121_model,unknown
A0A0V1BIN6_taxID_6334_model,unknown
A0A0V1DE70_taxID_45882_model,unknown
A0A0V1EIF6_taxID_6337_model,unknown
A0A0V1ESS6_taxID_6337_model,unknown
A0A0V1G4S3_taxID_6337_model,unknown
A0A0V1I3Y0_taxID_268475_model,unknown
A0A0V1JHS7_taxID_6337_model,unknown
A0A0V1KD92_taxID_6337_model,unknown
A0A0V1KR57_taxID_6335_model,unknown
A0A0V1MUW3_taxID_268474_model,unknown
A0A0W7VMU8_taxID_398673_model_A,unknown
A0A127Z996_taxID_49012_model_A,unknown
A0A135SGH4_taxID_703756_model,unknown
A0A135T4G4_taxID_703756_model,unknown
A0A137P4M5_taxID_796925_model,unknown
A0A139HFA6_taxID_321146_model_A,unknown
A0A158P622_taxID_6313_model,unknown
A0A158RAT2_taxID_103827_model,unknown
A0A160TMJ0_taxID_652676_model_A,unknown
A0A162K920_taxID_1081108_model,unknown
A0A163HZN4_taxID_5454_model_A,unknown
A0A163IS79_taxID_5454_model_A,unknown
A0A163KNP0_taxID_5454_model_A,unknown
A0A166CKA0_taxID_1314776_model,unknown
A0A166F114_taxID_79200_model,unknown
A0A167RCQ6_taxID_5076_model,unknown
A0A168BK43_taxID_1081108_model,unknown
A0A177WRB0_taxID_403673_model,unknown
A0A177WTC8_taxID_403673_model,unknown
A0A177X0C6_taxID_403673_model,unknown
A0A179HCZ8_taxID_33203_model,unknown
A0A183C147_taxID_36090_model,unknown
A0A183C149_taxID_36090_model,unknown
A0A183CK25_taxID_36090_model,unknown
A0A183I077_taxID_387005_model,unknown
A0A183TFI9_taxID_70667_model,unknown
A0A194WE27_taxID_578113_model,unknown
A0A1B2EVM5_taxID_1882682_model,unknown
A0A1E3V4Z2_taxID_1752398_model,unknown
A0A1E7N234_taxID_1894_model_A,unknown
A0A1F8A6I4_taxID_109264_model_A,unknown
A0A1G5SEQ3_taxID_51642_model_A,unknown
A0A1H1Q0J6_taxID_546871_model_A,unknown
A0A1H3CW61_taxID_1137993_model_A,unknown
A0A1H3SYD2_taxID_137265_model_A,unknown
A0A1H5XBP9_taxID_44577_model,unknown
A0A1H7K5B5_taxID_1233_model_A,unknown
A0A1H7L321_taxID_1038014_model_A,unknown
A0A1H8KQ84_taxID_387096_model,unknown
A0A1H9TR89_taxID_402600_model_A,unknown
A0A1I0B865_taxID_917_model_A,unknown
A0A1I3WXE9_taxID_52441_model_A,unknown
A0A1I4RJF6_taxID_44574_model_A,unknown
A0A1I4T9J4_taxID_44574_model_A,unknown
A0A1I4VE96_taxID_44574_model_A,unknown
A0A1I4XKW7_taxID_578942_model_A,unknown
A0A1I5DX13_taxID_35799_model_A,unknown
A0A1I6M5T1_taxID_474950_model,unknown
A0A1I7H5J0_taxID_1231_model_A,unknown
A0A1I7VBE5_taxID_7209_model,unknown
A0A1I7VEA5_taxID_7209_model,unknown
A0A1I8IJ91_taxID_282301_model,unknown
A0A1I9G629_taxID_6279_model,unknown
A0A1K0HF59_taxID_307758_model_A,unknown
A0A1L3FP25_taxID_375_model_A,unknown
A0A1L5PR01_taxID_303_model,unknown
A0A1L7XXI3_taxID_576137_model,unknown
A0A1L9Q161_taxID_1036611_model_A,unknown
A0A1L9TIM4_taxID_1036612_model,unknown
A0A1M5KSP5_taxID_288992_model_A,unknown
A0A1R3S0H8_taxID_602072_model,unknown
A0A1R4H7B9_taxID_360316_model,unknown
A0A1R4HGF1_taxID_360316_model_A,unknown
A0A1S0UA83_taxID_7209_model,unknown
A0A1S3HAX8_taxID_7574_model,unknown
A0A1S9S186_taxID_104259_model,unknown
A0A1V6PRI1_taxID_416450_model,unknown
A0A1V6QQ78_taxID_416450_model,unknown
A0A1V6T2W4_taxID_254877_model,unknown
A0A1V9YBP5_taxID_1202772_model,unknown
A0A1V9YE51_taxID_74557_model,unknown
A0A1W0A5N4_taxID_74557_model,unknown
A0A1W2TBG8_taxID_77044_model,unknown
A0A1W6SSH7_taxID_1288494_model_A,unknown
A0A1X6PIR8_taxID_2786_model,unknown
A0A1X7RRH8_taxID_1276538_model_A,unknown
A0A1Y0C4U3_taxID_482462_model_A,unknown
A0A1Y1HLN7_taxID_105231_model_A,unknown
A0A1Y1HT28_taxID_105231_model,unknown
A0A1Y1W9H1_taxID_61395_model_A,unknown
A0A1Y2B8A2_taxID_329046_model,unknown
A0A1Y2C6Z8_taxID_329046_model,unknown
A0A1Y2C7D2_taxID_329046_model,unknown
A0A1Y2C902_taxID_329046_model,unknown
A0A1Y2CS79_taxID_329046_model,unknown
A0A1Y2CTW7_taxID_329046_model,unknown
A0A1Y2CTX0_taxID_329046_model,unknown
A0A1Y2D0T3_taxID_329046_model_A,unknown
A0A1Y2D1M5_taxID_329046_model,unknown
A0A1Y2HIE7_taxID_765915_model,unknown
A0A1Y2HVF8_taxID_765915_model,unknown
A0A210QHN1_taxID_6573_model_A,unknown
A0A210R253_taxID_6573_model,unknown
A0A238C4W2_taxID_387005_model,unknown
A0A243BGP5_taxID_180881_model_A,unknown
A0A249PKJ6_taxID_716928_model,unknown
A0A250IQN3_taxID_1294270_model_A,unknown
A0A250X2B4_taxID_1157962_model,unknown
A0A285BU58_taxID_44577_model_A,unknown
A0A2A2CZR1_taxID_1940_model_A,unknown
A0A2A2L189_taxID_2018661_model,unknown
A0A2A6BT42_taxID_54126_model,unknown
A0A2B4RQ59_taxID_50429_model,unknown
A0A2B7XQF2_taxID_1447875_model,unknown
A0A2C5YKI6_taxID_2004952_model,unknown
A0A2D0NGI4_taxID_1122177_model,unknown
A0A2G5BJJ6_taxID_763665_model,unknown
A0A2G7FTM7_taxID_656916_model_A,unknown
A0A2G7FYG7_taxID_656916_model_A,unknown
A0A2G8L6J4_taxID_307972_model,unknown
A0A2G9UPF2_taxID_45464_model,unknown
A0A2H1GBQ4_taxID_1276532_model_A,unknown
A0A2J0YX98_taxID_382_model,unknown
A0A2K8T4N2_taxID_2038116_model_A,unknown
A0A2L2XEG7_taxID_1898651_model_A,unknown
A0A2N3MXV9_taxID_41688_model_A,unknown
A0A2N8UKW6_taxID_72559_model_A,unknown
A0A2P4YVC2_taxID_4796_model,unknown
A0A2P5YJV4_taxID_3634_model_A,unknown
A0A2P6TX23_taxID_3076_model,unknown
A0A2P6U1N3_taxID_3076_model_A,unknown
A0A2P7NYA8_taxID_2116706_model_A,unknown
A0A2P7QYD3_taxID_2116704_model,unknown
A0A2R5GU51_taxID_2315210_model,unknown
A0A2R6W5V4_taxID_3197_model,unknown
A0A2S5CI23_taxID_1704499_model,unknown
A0A2S5KMK1_taxID_2083153_model,unknown
A0A2S6BQA0_taxID_357750_model,unknown
A0A2S6CD10_taxID_357750_model_A,unknown
A0A2S6H7D7_taxID_173365_model,unknown
A0A2S7YA09_taxID_176275_model,unknown
A0A2T3YXJ6_taxID_1042311_model,unknown
A0A2T4BLM2_taxID_58853_model,unknown
A0A2T4BQX4_taxID_983965_model,unknown
A0A2T5IGT7_taxID_1231_model_A,unknown
A0A2T7PF37_taxID_400727_model,unknown
A0A2T7PF41_taxID_400727_model,unknown
A0A2T9YAT7_taxID_133385_model,unknown
A0A2T9YY63_taxID_133385_model,unknown
A0A2U1JAZ7_taxID_133377_model,unknown
A0A2Z6QID9_taxID_94130_model,unknown
A0A317SBD7_taxID_42249_model,unknown
A0A317XLV9_taxID_1882483_model,unknown
A0A318KMN6_taxID_1054498_model_A,unknown
A0A327RH85_taxID_440515_model_A,unknown
A0A364L5W2_taxID_1196081_model,unknown
A0A364MXI7_taxID_183478_model,unknown
A0A365MYK5_taxID_948311_model_A,unknown
A0A368FPR0_taxID_29170_model,unknown
A0A368GCB1_taxID_29170_model,unknown
A0A368GS35_taxID_29170_model,unknown
A0A380TBC3_taxID_256318_model,unknown
A0A388KHX6_taxID_69332_model,unknown
A0A388KI27_taxID_69332_model,unknown
A0A396RNU1_taxID_2305907_model,unknown
A0A396ZRZ2_taxID_112090_model,unknown
A0A396ZW50_taxID_112090_model,unknown
A0A397DBR8_taxID_112090_model,unknown
A0A397DXJ3_taxID_112090_model,unknown
A0A397EBP2_taxID_112090_model,unknown
A0A397EYS8_taxID_112090_model,unknown
A0A397GN90_taxID_41047_model,unknown
A0A397IQP5_taxID_1348612_model,unknown
A0A3B0YDV7_taxID_652676_model_A,unknown
A0A3B1A6T7_taxID_652676_model_A,unknown
A0A3D9L4M1_taxID_1122208_model_A,unknown
A0A3M0K1G4_taxID_333673_model,unknown
A0A3M6T5K9_taxID_46731_model,unknown
A0A3M6UM69_taxID_46731_model,unknown
A0A3M6UR97_taxID_46731_model_A,unknown
A0A3M8TNP8_taxID_303_model,unknown
A0A3N0CP77_taxID_661483_model,unknown
A0A3N4HYC1_taxID_1160509_model,unknown
A0A3N4KYW5_taxID_1392247_model,unknown
A0A3N4LB84_taxID_1051890_model,unknown
A0A3N4LHJ3_taxID_1051890_model,unknown
A0A3P3Y6E4_taxID_37360_model,unknown
A0A3P3YJM5_taxID_37360_model_A,unknown
A0A3P6S036_taxID_6269_model,unknown
A0A3P6S9E3_taxID_42156_model,unknown
A0A3P7DNC2_taxID_6293_model,unknown
A0A3R6VRZ5_taxID_157072_model,unknown
A0A3R6Z2B6_taxID_112090_model,unknown
A0A3R7A7P4_taxID_112090_model,unknown
A0A3R7EK41_taxID_112090_model,unknown
A0A3R7WQH8_taxID_112090_model,unknown
A0A3S0ZXU8_taxID_188477_model,unknown
A0A401PX39_taxID_75743_model,unknown
A0A409VYZ7_taxID_181874_model,unknown
A0A409WEP5_taxID_231916_model_A,unknown
A0A409WY02_taxID_93625_model,unknown
A0A409YPA9_taxID_231916_model,unknown
A0A418AHC0_taxID_157072_model_A,unknown
A0A418AND4_taxID_157072_model,unknown
A0A418AQE9_taxID_157072_model,unknown
A0A418BCD2_taxID_112090_model,unknown
A0A418C2V2_taxID_112090_model,unknown
A0A418YC39_taxID_2303987_model_A,unknown
A0A423VRG5_taxID_448051_model_A,unknown
A0A423WHC4_taxID_252740_model_A,unknown
A0A423XJ27_taxID_1230097_model,unknown
A0A437A308_taxID_97331_model_A,unknown
A0A448ZLY4_taxID_183589_model,unknown
A0A484G057_taxID_1213857_model,unknown
A0A485KGF6_taxID_120398_model,unknown
A0A485KIX8_taxID_120398_model_A,unknown
A0A485L8F1_taxID_120398_model,unknown
A0A485LKF7_taxID_120398_model,unknown
A0A494XK40_taxID_2419778_model,unknown
A0A498S2C2_taxID_6277_model_A,unknown
A0A4E9FIB1_taxID_6279_model,unknown
A0A4P9WCD3_taxID_388810_model,unknown
A0A4P9X7U9_taxID_1555241_model,unknown
A0A4P9XG75_taxID_78915_model,unknown
A0A4P9Y3Y8_taxID_1907219_model,unknown
A0A4P9YFJ7_taxID_988480_model,unknown
A0A4P9YFS3_taxID_988480_model,unknown
A0A4P9YS76_taxID_1712513_model,unknown
A0A4Q2D856_taxID_2316362_model,unknown
A0A4Q2V7C7_taxID_451672_model,unknown
A0A4Q4SXW4_taxID_155417_model,unknown
A0A4Q7Z0G8_taxID_388466_model,unknown
A0A4R8T272_taxID_1347389_model,unknown
A0A4S4M1Y3_taxID_1095465_model_A,unknown
A0A4S4MA69_taxID_1095465_model,unknown
A0A4S4MP01_taxID_2447956_model,unknown
A0A4S9AAS5_taxID_5580_model_A,unknown
A0A4U0XX60_taxID_329884_model,unknown
A0A4U7AY24_taxID_40998_model,unknown
A0A4U7KZ21_taxID_280036_model_A,unknown
A0A4U8UYX4_taxID_34508_model,unknown
A0A4V1Q2I3_taxID_2316362_model,unknown
A0A4Y8RPT3_taxID_2558362_model,unknown
A0A4Z0L9R6_taxID_2562683_model_A,unknown
A0A4Z0Z0G8_taxID_37992_model_A,unknown
A0A4Z1K5V5_taxID_87229_model,unknown
A0A507EFD5_taxID_109895_model,unknown
A0A507EJC1_taxID_246404_model,unknown
A0A507ENT8_taxID_246404_model,unknown
A0A507EXS7_taxID_246404_model,unknown
A0A507EZH3_taxID_246404_model,unknown
A0A507F3F5_taxID_246404_model,unknown
A0A507F5R3_taxID_246404_model,unknown
A0A507F691_taxID_246404_model_A,unknown
A0A507F697_taxID_246404_model,unknown
A0A507F875_taxID_246404_model,unknown
A0A507F8P2_taxID_246404_model,unknown
A0A507FBC4_taxID_246404_model,unknown
A0A507FGD0_taxID_246404_model,unknown
A0A517MIN1_taxID_1930274_model_A,unknown
A0A545VX13_taxID_43265_model_A,unknown
A0A547PT19_taxID_2489174_model,unknown
A0A553HX16_taxID_2512241_model_A,unknown
A0A560ER47_taxID_28077_model_A,unknown
A0A560KAP8_taxID_28077_model_A,unknown
A0A5B8MIF6_taxID_1764295_model,unknown
A0A5C3ELN8_taxID_86804_model_A,unknown
A0A5C3EP17_taxID_86804_model_A,unknown
A0A5C3FY00_taxID_84753_model,unknown
A0A5J5BCR2_taxID_561372_model_A,unknown
A0A5J9TU90_taxID_38414_model,unknown
A0A5M9J7X0_taxID_38448_model,unknown
A0A5N5QPL6_taxID_1582974_model,unknown
A0A5N5QPM2_taxID_1582974_model,unknown
A0A5N6JRM5_taxID_61186_model,unknown
A0A5N6U7M7_taxID_36643_model,unknown
A0A5N6V0Z8_taxID_41984_model,unknown
A0A5N7CL84_taxID_209559_model,unknown
A0A5P8W6J8_taxID_2653204_model,unknown
A0A5Q4BMU6_taxID_2078593_model,unknown
A0A5S6QIU3_taxID_70415_model,unknown
A0A5S6QUR5_taxID_70415_model,unknown
A0A6A4NQJ9_taxID_3870_model,unknown
A0A6A5SIC2_taxID_706981_model,unknown
A0A6A7AQI4_taxID_1408161_model,unknown
A0A6B2KZX3_taxID_1963864_model,unknown
A0A6B2L294_taxID_1963864_model,unknown
A0A6B2LE82_taxID_1963864_model,unknown
A0A6C0HZK6_taxID_1070528_model_A,unknown
A0A6C0KLD2_taxID_1070528_model,unknown
A0A6G0X2P4_taxID_100861_model_A,unknown
A0A6G0XI62_taxID_100861_model,unknown
A0A6G1MF13_taxID_2813651_model,unknown
A0A6H0Y3Z6_taxID_286661_model,unknown
A0A6I3KHZ9_taxID_2665159_model_A,unknown
A0A6I3M9Z3_taxID_88376_model_A,unknown
A0A6I9TDV3_taxID_4182_model,unknown
A0A6J4QLW3_taxID_349277_model_A,unknown
A0A6J4THU7_taxID_1162706_model_A,unknown
A0A6J8AZI7_taxID_42192_model,unknown
A0A6J8BNB1_taxID_42192_model_A,unknown
A0A6J8BR51_taxID_42192_model_A,unknown
A0A6J8CIJ4_taxID_42192_model,unknown
A0A6J8CIJ8_taxID_42192_model,unknown
A0A6J8CL61_taxID_42192_model_A,unknown
A0A6J8DAY9_taxID_42192_model,unknown
A0A6J8E972_taxID_42192_model,unknown
A0A6J8ECF0_taxID_42192_model,unknown
A0A6J8ENF3_taxID_42192_model_A,unknown
A0A6L9E9N5_taxID_2697053_model,unknown
A0A6P2D548_taxID_1210884_model,unknown
A0A6P8I080_taxID_6105_model,unknown
A0A6P8I583_taxID_6105_model,unknown
A0A6S7IGK9_taxID_317549_model_A,unknown
A0A6S7IY75_taxID_317549_model_A,unknown
A0A6V7V3D6_taxID_390850_model,unknown
A0A6V7VXB7_taxID_390850_model,unknown
A0A6V7X733_taxID_390850_model,unknown
A0A7C8IQU8_taxID_323545_model,unknown
A0A7C8JJK0_taxID_2813651_model,unknown
A0A7C8MQB2_taxID_323545_model,unknown
A0A7C8MWQ0_taxID_323545_model_A,unknown
A0A7C8Q0E6_taxID_2813651_model,unknown
A0A7C8TZL1_taxID_2813651_model,unknown
A0A7C8UE72_taxID_2813651_model,unknown
A0A7D5Z204_taxID_500148_model,unknown
A0A7D9J5S3_taxID_317549_model,unknown
A0A7E6EGY5_taxID_2607531_model,unknown
A0A7J5D2K3_taxID_2651189_model,unknown
A0A7J7J2C8_taxID_10212_model,unknown
A0A7R9E5Y2_taxID_170555_model,unknown
A0A7R9KZT3_taxID_1979941_model,unknown
A0A7R9L054_taxID_1979941_model,unknown
A0A7R9PVW4_taxID_1979941_model,unknown
A0A7S0FYS9_taxID_73915_model,unknown
A0A7S0LHE4_taxID_221442_model_A,unknown
A0A7S0WI35_taxID_1034604_model,unknown
A0A7S1D9Z1_taxID_216820_model,unknown
A0A7S2G2D7_taxID_3111310_model_A,unknown
A0A7S2JHL4_taxID_1333877_model,unknown
A0A7S2JHQ4_taxID_1333877_model,unknown
A0A7S2JTA5_taxID_1333877_model,unknown
A0A7S2W132_taxID_1034831_model,unknown
A0A7S3K2N9_taxID_44058_model,unknown
A0A7S3QEJ9_taxID_122233_model,unknown
A0A7S3RCE1_taxID_2903_model,unknown
A0A7S3W3R1_taxID_2903_model,unknown
A0A7S4AB65_taxID_44445_model,unknown
A0A7S4C8S2_taxID_73025_model,unknown
A0A7S4QPD7_taxID_49249_model,unknown
A0A7S7SGR7_taxID_1473598_model,unknown
A0A7V2WU63_taxID_45248_model_A,unknown
A0A7W7ZXN0_taxID_714136_model,unknown
A0A7W8KIV5_taxID_1141878_model,unknown
A0A7W9ZFQ6_taxID_189_model_A,unknown
A0A7X0J7C0_taxID_188932_model,unknown
A0A7X0RVL1_taxID_1387779_model,unknown
A0A7X1AU61_taxID_2724178_model,unknown
A0A7X5ASN3_taxID_265726_model,unknown
A0A7X5YKZ1_taxID_74314_model_A,unknown
A0A7X6DTB4_taxID_2606439_model_A,unknown
A0A811SJ34_taxID_422564_model,unknown
A0A812JR76_taxID_1628268_model,unknown
A0A812QP07_taxID_1628268_model,unknown
A0A812SAZ7_taxID_2952_model,unknown
A0A813FLF8_taxID_89957_model,unknown
A0A813HFF9_taxID_89957_model,unknown
A0A813K9V7_taxID_89957_model,unknown
A0A814MII4_taxID_1234261_model_A,unknown
A0A835YKM2_taxID_303371_model,unknown
A0A841H669_taxID_1639882_model,unknown
A0A8A4TY47_taxID_2818388_model,unknown
A0A8B6BKM4_taxID_29158_model_A,unknown
A0A8B6BMR6_taxID_29158_model_A,unknown
A0A8B6BWX0_taxID_29158_model,unknown
A0A8B6CNP6_taxID_29158_model,unknown
A0A8B6CPY6_taxID_29158_model_A,unknown
A0A8B6D949_taxID_29158_model,unknown
A0A8B6DAC3_taxID_29158_model,unknown
A0A8B6FWG6_taxID_29158_model,unknown
A0A8B6G957_taxID_29158_model_A,unknown
A0A8B6G9L0_taxID_29158_model_A,unknown
A0A8B6GSA5_taxID_29158_model,unknown
A0A8B6GSK0_taxID_29158_model,unknown
A0A8B6GY87_taxID_29158_model_A,unknown
A0A8B6GYH0_taxID_29158_model_A,unknown
A0A8B8D4J3_taxID_6565_model,unknown
A0A8B8ERQ6_taxID_6565_model_A,unknown
A0A8B8F0L9_taxID_6565_model_A,unknown
A0A8B8F0Y1_taxID_6565_model,unknown
A0A8E0V7V4_taxID_52442_model_A,unknown
A0A8H2WDY0_taxID_456999_model,unknown
A0A8H3A0M5_taxID_456999_model_A,unknown
A0A8H3A1U9_taxID_456999_model,unknown
A0A8H3AAQ4_taxID_456999_model,unknown
A0A8H3BPP3_taxID_456999_model,unknown
A0A8H3CFB7_taxID_456999_model,unknown
A0A8H3D189_taxID_456999_model,unknown
A0A8H3D1S1_taxID_456999_model,unknown
A0A8H3DZ25_taxID_456999_model_A,unknown
A0A8H3GJ96_taxID_456999_model,unknown
A0A8H3H4T7_taxID_456999_model,unknown
A0A8H3IL14_taxID_116794_model,unknown
A0A8H3S9D4_taxID_91492_model_A,unknown
A0A8H4CJG9_taxID_474922_model,unknown
A0A8H4EHU7_taxID_4874_model,unknown
A0A8H4ESM0_taxID_4874_model,unknown
A0A8H4H8E0_taxID_340414_model,unknown
A0A8H4L3K1_taxID_1237068_model,unknown
A0A8H4QR39_taxID_354080_model_A,unknown
A0A8H4RXW4_taxID_354080_model_A,unknown
A0A8H4VJ57_taxID_84607_model,unknown
A0A8H4YZH8_taxID_48485_model,unknown
A0A8H5L9I1_taxID_48495_model_A,unknown
A0A8H5LGT6_taxID_42677_model,unknown
A0A8H5U0D3_taxID_48490_model_A,unknown
A0A8H5UJH2_taxID_48507_model_A,unknown
A0A8H5Z2U4_taxID_1567541_model,unknown
A0A8H6A0W2_taxID_209559_model,unknown
A0A8H6GM20_taxID_100902_model,unknown
A0A8H6KGA4_taxID_2175873_model,unknown
A0A8H6MRC0_taxID_2175907_model,unknown
A0A8H6Q3V1_taxID_1287682_model,unknown
A0A8H6R1E0_taxID_1287682_model,unknown
A0A8H6XYA6_taxID_2733690_model,unknown
A0A8H6ZUP2_taxID_5322_model_A,unknown
A0A8H7B393_taxID_1187904_model_A,unknown
A0A8H7E8W0_taxID_1187904_model,unknown
A0A8H7EE27_taxID_1187904_model,unknown
A0A8H7EGD0_taxID_1187904_model,unknown
A0A8H7H787_taxID_456999_model,unknown
A0A8H7INQ5_taxID_456999_model,unknown
A0A8H7LLC6_taxID_456999_model_A,unknown
A0A8H7LVB4_taxID_456999_model,unknown
A0A8H7WI46_taxID_108018_model_A,unknown
A0A8H8P6Z0_taxID_456999_model,unknown
A0A8H8P906_taxID_456999_model,unknown
A0A8H8PB78_taxID_456999_model,unknown
A0A8J1T8Q4_taxID_6347_model,unknown
A0A8J1TDZ8_taxID_6347_model,unknown
A0A8J1UW52_taxID_6347_model,unknown
A0A8J1XGG3_taxID_6347_model,unknown
A0A8J2SFI9_taxID_35677_model,unknown
A0A8J2X377_taxID_35677_model,unknown
A0A8J3MXC0_taxID_2778364_model,unknown
A0A8J4BKA8_taxID_51714_model,unknown
A0A8K0IA90_taxID_13894_model,unknown
A0A8K0KU96_taxID_123851_model,unknown
A0A8K0RUZ8_taxID_61284_model_A,unknown
A0A8K0WPV5_taxID_80388_model_A,unknown
A0A8R1TKI8_taxID_6282_model,unknown
A0A8R1Y3G8_taxID_6282_model,unknown
A0A8S2MFL9_taxID_1234261_model,unknown
A0A8S3PQP2_taxID_6550_model,unknown
A0A8S3PWU5_taxID_6550_model,unknown
A0A8S3R6L7_taxID_6550_model_A,unknown
A0A8S3RHI5_taxID_6550_model_A,unknown
A0A8S3S028_taxID_6550_model,unknown
A0A8S3SG45_taxID_6550_model,unknown
A0A8S3SWK0_taxID_6550_model,unknown
A0A8S3UR58_taxID_6550_model,unknown
A0A8S3V8L1_taxID_6550_model,unknown
A0A8S3ZS36_taxID_100452_model,unknown
A0A8S3ZX52_taxID_100452_model,unknown
A0A8S4Q2L6_taxID_6347_model,unknown
A0A8S4Q9N2_taxID_6347_model_A,unknown
A0A8S4QC54_taxID_6347_model,unknown
A0A8S9ZP28_taxID_189291_model,unknown
A0A8T0LKJ4_taxID_325452_model,unknown
A0A8W8J4S3_taxID_29159_model,unknown
A0A8W8NF03_taxID_29159_model_A,unknown
A0A8X6KWP2_taxID_2740835_model,unknown
A0A8X8WIX2_taxID_180675_model,unknown
A0A913WWA6_taxID_2652724_model,unknown
A0A913XUF7_taxID_2652724_model_A,unknown
A0A913YCG3_taxID_2652724_model,unknown
A0A914C4K9_taxID_290746_model,unknown
A0A914CIK4_taxID_290746_model,unknown
A0A914D235_taxID_290746_model,unknown
A0A914E230_taxID_290746_model,unknown
A0A914E549_taxID_290746_model,unknown
A0A914E9Y6_taxID_290746_model,unknown
A0A914EDP1_taxID_290746_model,unknown
A0A914GX34_taxID_31243_model_A,unknown
A0A914L211_taxID_6306_model,unknown
A0A914L827_taxID_6306_model,unknown
A0A914MBW5_taxID_6306_model,unknown
A0A914MEB5_taxID_6306_model,unknown
A0A914S644_taxID_6256_model,unknown
A0A914V2B7_taxID_2011161_model,unknown
A0A914V8X7_taxID_2011161_model,unknown
A0A914W9Q0_taxID_2011161_model,unknown
A0A915DFA9_taxID_166011_model,unknown
A0A915EFF9_taxID_166011_model,unknown
A0A915I8K9_taxID_13658_model,unknown
A0A915JY09_taxID_13658_model,unknown
A0A915K057_taxID_13658_model,unknown
A0A915KH89_taxID_13658_model,unknown
A0A915KKL6_taxID_13658_model,unknown
A0A915LHF2_taxID_6303_model,unknown
A0A915MQ42_taxID_6303_model,unknown
A0A915N8X1_taxID_6303_model,unknown
A0A915PAR4_taxID_298350_model_A,unknown
A0A917F9X2_taxID_1195761_model_A,unknown
A0A918K8V8_taxID_418750_model_A,unknown
A0A918SV45_taxID_543356_model,unknown
A0A918UUM2_taxID_346377_model_A,unknown
A0A919MPV4_taxID_1050105_model_A,unknown
A0A926ZFT3_taxID_2949571_model_A,unknown
A0A934KPH0_taxID_291193_model_A,unknown
A0A934SYR6_taxID_2801341_model_A,unknown
A0A937KDI5_taxID_2494733_model_A,unknown
A0A941BIX2_taxID_2824118_model,unknown
A0A952FIG1_taxID_171674_model,unknown
A0A964TAH5_taxID_2696472_model_A,unknown
A0A974NRK7_taxID_1407_model,unknown
A0A975J169_taxID_2824561_model_A,unknown
A0A977TE70_taxID_36659_model,unknown
A0A9D2WSC4_taxID_182264_model_A,unknown
A0A9D4ICM2_taxID_45954_model,unknown
A0A9D4J8T5_taxID_45954_model,unknown
A0A9D4J9N2_taxID_45954_model,unknown
A0A9D4LIH2_taxID_45954_model,unknown
A0A9D4MZZ2_taxID_45954_model,unknown
A0A9D4RA75_taxID_45954_model,unknown
A0A9E7GPQ8_taxID_320322_model_A,unknown
A0A9I9CEY5_taxID_3656_model,unknown
A0A9J2Q8W3_taxID_6252_model,unknown
A0A9K3KBA8_taxID_303405_model_A,unknown
A0A9K3PD30_taxID_303405_model,unknown
A0A9N7UE72_taxID_8262_model,unknown
A0A9N8DI97_taxID_568900_model,unknown
A0A9N8DN83_taxID_568900_model,unknown
A0A9N8ELP9_taxID_568900_model,unknown
A0A9N8JDS5_taxID_2773715_model_A,unknown
A0A9N8WL50_taxID_1348616_model,unknown
A0A9N8WZP9_taxID_5518_model,unknown
A0A9P0EDX1_taxID_160281_model,unknown
A0A9P1C3Z2_taxID_2562237_model,unknown
A0A9P3CF74_taxID_84275_model,unknown
A0A9P3PKR9_taxID_47721_model,unknown
A0A9P4N5L3_taxID_147567_model_A,unknown
A0A9P4TEG7_taxID_90978_model_A,unknown
A0A9P4U804_taxID_1392251_model,unknown
A0A9P4WSQ5_taxID_1769908_model,unknown
A0A9P5AJD2_taxID_44412_model_A,unknown
A0A9P6GFF6_taxID_565426_model_A,unknown
A0A9P6HVN3_taxID_1095194_model,unknown
A0A9P6IHM1_taxID_1095194_model,unknown
A0A9P6LG07_taxID_1095194_model_A,unknown
A0A9P6LK99_taxID_1095194_model,unknown
A0A9P7H0N9_taxID_40199_model,unknown
A0A9P7HHT8_taxID_40199_model,unknown
A0A9P7UD37_taxID_1209932_model,unknown
A0A9P8LAU2_taxID_265104_model,unknown
A0A9P8RMY0_taxID_152316_model_A,unknown
A0A9P8ZYD0_taxID_152316_model,unknown
A0A9P9IXR3_taxID_1079267_model,unknown
A0A9P9JQC5_taxID_48865_model_A,unknown
A0A9P9WMZ2_taxID_1658444_model_A,unknown
A0A9P9XQR7_taxID_1671311_model,unknown
A0A9Q6S7U7_taxID_75105_model,unknown
A0A9Q9ASR5_taxID_215465_model,unknown
A0A9W3GC27_taxID_9837_model,unknown
A0A9W4KMZ8_taxID_1303716_model,unknown
A0A9W6BT77_taxID_330485_model_A,unknown
A0A9W6C0G6_taxID_330485_model,unknown
A0A9W7G1T1_taxID_2557542_model,unknown
A0A9W7XK53_taxID_1052880_model,unknown
A0A9W7ZRQ5_taxID_78921_model,unknown
A0A9W8B9V6_taxID_2761393_model_A,unknown
A0A9W8CUF5_taxID_147472_model,unknown
A0A9W8DSU2_taxID_417184_model,unknown
A0A9W8GLG1_taxID_417178_model,unknown
A0A9W8GX65_taxID_1052879_model,unknown
A0A9W8HFK5_taxID_2761396_model,unknown
A0A9W8HM54_taxID_1126814_model,unknown
A0A9W8IT97_taxID_417176_model,unknown
A0A9W8LUA5_taxID_2761395_model,unknown
A0A9W8M3B5_taxID_2650707_model,unknown
A0A9W8MAQ6_taxID_2828524_model_A,unknown
A0A9W8TQN1_taxID_114810_model,unknown
A0A9W8VAU3_taxID_1237075_model,unknown
A0A9W8XCZ5_taxID_1932322_model,unknown
A0A9W9CD07_taxID_1932322_model,unknown
A0A9W9NGR8_taxID_63820_model,unknown
A0A9W9ZU34_taxID_174260_model,unknown
A0A9X0BDN5_taxID_1131564_model_A,unknown
A0A9X1U998_taxID_2911009_model,unknown
A0A9X2E6U5_taxID_2951408_model,unknown
A0A9X4BM46_taxID_2983605_model_A,unknown
A0A9X8DRP4_taxID_112090_model,unknown
A0A9X8H7L7_taxID_112090_model,unknown
A0A9X8HDI2_taxID_112090_model,unknown
A0AA35SFX9_taxID_519541_model,unknown
A0AA35V075_taxID_414_model,unknown
A0AA35WWP0_taxID_519541_model,unknown
A0AA36CWW9_taxID_96644_model,unknown
A0AA36DH95_taxID_96644_model_A,unknown
A0AA36I6U4_taxID_2562239_model,unknown
A0AA36JK50_taxID_2562239_model,unknown
A0AA37GSS8_taxID_708192_model,unknown
A0AA37L8J5_taxID_700344_model_A,unknown
A0AA39H3A8_taxID_289476_model,unknown
A0AA39HID6_taxID_289476_model,unknown
A0AA39UQR7_taxID_153913_model_A,unknown
A0AA40AMQ6_taxID_314023_model,unknown
A0AA40F7U2_taxID_314040_model,unknown
A0AA42B8L4_taxID_1215918_model,unknown
A0AA48LWU8_taxID_556182_model_A,unknown
A0AA88AFA7_taxID_3494_model_A,unknown
A0AA88XKK9_taxID_66713_model,unknown
A0AA88XLC0_taxID_66713_model,unknown
A0AA88YDI9_taxID_66713_model,unknown
A0AA89BXI1_taxID_66713_model,unknown
A0AA95F4Q0_taxID_3121368_model,unknown
A0AAD2E0S8_taxID_56036_model,unknown
A0AAD3DIW9_taxID_47775_model,unknown
A0AAD4EYT8_taxID_669026_model_A,unknown
A0AAD4FBU9_taxID_669026_model_A,unknown
A0AAD5BVV2_taxID_4212_model_A,unknown
A0AAD5DEJ1_taxID_2649997_model,unknown
A0AAD5N8G8_taxID_148309_model,unknown
A0AAD5SAV4_taxID_64517_model,unknown
A0AAD5SCX3_taxID_64517_model,unknown
A0AAD5SIR0_taxID_64517_model,unknown
A0AAD5T3C3_taxID_109957_model,unknown
A0AAD5T9G3_taxID_109957_model,unknown
A0AAD5TY19_taxID_447962_model,unknown
A0AAD5U057_taxID_447962_model,unknown
A0AAD5U6Y0_taxID_447962_model,unknown
A0AAD5UAC9_taxID_447962_model,unknown
A0AAD5UFP1_taxID_261099_model,unknown
A0AAD5UGL0_taxID_261099_model,unknown
A0AAD5X3H5_taxID_64517_model,unknown
A0AAD5XEV4_taxID_109957_model,unknown
A0AAD5Y3X9_taxID_261099_model,unknown
A0AAD6IJM2_taxID_5083_model,unknown
A0AAD6NB37_taxID_5083_model_A,unknown
A0AAD6NK04_taxID_74499_model,unknown
A0AAD7UG45_taxID_2483200_model,unknown
A0AAD7UHF1_taxID_2483200_model,unknown
A0AAD7UIM9_taxID_2483200_model_A,unknown
A0AAD7ULC6_taxID_2483200_model,unknown
A0AAD7UNL2_taxID_2483200_model,unknown
A0AAD7UPE3_taxID_2483200_model,unknown
A0AAD7UPK6_taxID_2483200_model,unknown
A0AAD7UQ54_taxID_2483200_model,unknown
A0AAD7XMM2_taxID_2483200_model,unknown
A0AAD8AV10_taxID_112525_model,unknown
A0AAD8WMF1_taxID_4521_model_A,unknown
A0AAD9AGU9_taxID_1836956_model,unknown
A0AAD9KZ40_taxID_27915_model,unknown
A0AAD9L024_taxID_27915_model,unknown
A0AAD9QB69_taxID_6130_model,unknown
A0AAE0H7V4_taxID_1854472_model_A,unknown
A0AAE0HNE5_taxID_1854472_model_A,unknown
A0AAE0JIY1_taxID_94610_model,unknown
A0AAE0LYH8_taxID_516989_model_A,unknown
A0AAE0NMD8_taxID_92902_model_A,unknown
A0AAE0NPZ1_taxID_330526_model,unknown
A0AAE0T8E3_taxID_2493646_model,unknown
A0AAE0W1K7_taxID_2493646_model,unknown
A0AAE0W2I3_taxID_2493646_model,unknown
A0AAE3VW27_taxID_137267_model_A,unknown
A0AAE3ZZF7_taxID_587534_model_A,unknown
A0AAE4A194_taxID_587534_model_A,unknown
A0AAE4C8H8_taxID_137266_model_A,unknown
A0AAE8STA2_taxID_2041049_model,unknown
A0AAE8SXX8_taxID_2041049_model_A,unknown
A0AAF3EKL4_taxID_2138241_model,unknown
A0AAF3EKM6_taxID_2138241_model,unknown
A0AAF3FHG4_taxID_2138241_model_A,unknown
A0AAF3FNB6_taxID_2138241_model,unknown
A0AAF5PZK9_taxID_6293_model,unknown
A0AAF6AWZ7_taxID_1480154_model,unknown
A0AAI9YQA0_taxID_1209916_model,unknown
A0AAJ0MJ41_taxID_260671_model_A,unknown
A0AAJ4XRR1_taxID_63383_model_A,unknown
A0AAJ6N653_taxID_2736_model_A,unknown
A0AAJ8BCI9_taxID_8187_model,unknown
A0AAN4PFQ7_taxID_293939_model,unknown
A0AAN4PPE5_taxID_293939_model,unknown
A0AAN4ZCE4_taxID_1317129_model,unknown
A0AAN5CH76_taxID_1317129_model,unknown
A0AAN5XIX5_taxID_1396_model_A,unknown
A0AAN5YGU4_taxID_293939_model,unknown
A0AAN5YXZ8_taxID_282268_model,unknown
A0AAN6E594_taxID_2486360_model_A,unknown
A0AAN6JPW5_taxID_155126_model_A,unknown
A0AAN6PSA1_taxID_113614_model_A,unknown
A0AAN7UR73_taxID_326684_model_A,unknown
A0AAN7UYZ7_taxID_326684_model,unknown
A0AAN8JKH5_taxID_87958_model,unknown
A0AAN8MVU2_taxID_47235_model_A,unknown
A0AAN8RWQ7_taxID_74498_model_A,unknown
A0AAP5IG72_taxID_2712845_model_A,unknown
A0AAQ3LZX8_taxID_150365_model,unknown
A0AAQ3PCB6_taxID_3915_model,unknown
A0AAU7B3G6_taxID_2997339_model,unknown
A0AAU9WDB8_taxID_46732_model_A,unknown
A0AAU9WFJ4_taxID_46732_model,unknown
A0AAU9WI44_taxID_46732_model,unknown
A0AAU9XFP2_taxID_46732_model,unknown
A0AAV2QDB1_taxID_48144_model,unknown
A0AAV2VYF3_taxID_1238450_model,unknown
A0AAV3X2D7_taxID_2530354_model,unknown
A0AAV4B738_taxID_259542_model,unknown
A0AAV4IQ38_taxID_1093978_model,unknown
A0AAV7G5I4_taxID_161865_model,unknown
A0AAV9ILT6_taxID_3028027_model,unknown
A0AAV9U3Q6_taxID_1796055_model,unknown
A0AAV9V0T6_taxID_1796055_model,unknown
A0AAV9W2Y7_taxID_47236_model,unknown
A0AAV9W5A3_taxID_47236_model_A,unknown
A0AAV9XCL7_taxID_2528407_model,unknown
A0AAW0QQB4_taxID_1337665_model,unknown
A0AAW0RA81_taxID_1337665_model,unknown
A0AAW1PVV6_taxID_41462_model,unknown
A0AAW2PFE9_taxID_2727405_model,unknown
A0AAW2WPR6_taxID_2727402_model,unknown
A0AAX6MJK2_taxID_292717_model,unknown
A0AB34FH03_taxID_1247861_model,unknown
A0ABD0JMJ5_taxID_370345_model,unknown
A0ABD0K492_taxID_370345_model,unknown
A0ABD1H5D5_taxID_28513_model,unknown
A0ABD1H6K2_taxID_28513_model,unknown
A0ABD1S779_taxID_205694_model,unknown
A0ABD1S787_taxID_205694_model,unknown
A0ABD2I4S2_taxID_97005_model,unknown
A0ABD2IJ80_taxID_157864_model,unknown
A0ABD2KLI7_taxID_97005_model,unknown
A0ABD2L179_taxID_157864_model,unknown
A0ABD2LAM1_taxID_157864_model,unknown
A0ABD2LG15_taxID_157864_model,unknown
A0ABD2M5Y3_taxID_157864_model,unknown
A0ABD3VE72_taxID_1069815_model,unknown
A0ABD3VGG0_taxID_1069815_model,unknown
A0ABD3VH26_taxID_1069815_model,unknown
A0ABD6EFA7_taxID_75299_model,unknown
A0ABM1B806_taxID_6850_model,unknown
A0ABM1VVY2_taxID_6500_model,unknown
A0ABN1IGD7_taxID_584605_model_A,unknown
A0ABN3I3E9_taxID_66879_model_A,unknown
A0ABN6PW21_taxID_449208_model,unknown
A0ABN7UWA3_taxID_4874_model,unknown
A0ABN8CQB0_taxID_622444_model,unknown
A0ABN8LLM9_taxID_104178_model_A,unknown
A0ABN8LP07_taxID_104178_model,unknown
A0ABN8M8J6_taxID_104178_model,unknown
A0ABN8N3E0_taxID_104178_model,unknown
A0ABN8N4G6_taxID_104759_model_A,unknown
A0ABN8RHG1_taxID_104759_model,unknown
A0ABN8SN36_taxID_104178_model,unknown
A0ABP0KF76_taxID_1381693_model_A,unknown
A0ABP0NLQ2_taxID_1381693_model,unknown
A0ABP2BNE3_taxID_1183428_model,unknown
A0ABP5WHK2_taxID_66879_model,unknown
A0ABP6PWQ7_taxID_111803_model,unknown
A0ABP8Y9F1_taxID_490570_model_A,unknown
A0ABQ0CQG4_taxID_79588_model_A,unknown
A0ABQ0M0Y9_taxID_658473_model_A,unknown
A0ABQ3RF10_taxID_285531_model_A,unknown
A0ABQ5SP08_taxID_51714_model,unknown
A0ABQ6B7I7_taxID_441950_model,unknown
A0ABQ6FQ12_taxID_3026934_model_A,unknown
A0ABQ8EZ86_taxID_1357716_model,unknown
A0ABQ8FNS3_taxID_1357716_model_A,unknown
A0ABQ8FNS5_taxID_1357716_model,unknown
A0ABQ8FRP3_taxID_1357716_model_A,unknown
A0ABQ8PFV0_taxID_1424467_model,unknown
A0ABQ8PGU0_taxID_1424467_model,unknown
A0ABQ8R7Z7_taxID_61235_model,unknown
A0ABQ9DKS8_taxID_1566151_model,unknown
A0ABQ9EAR7_taxID_220873_model,unknown
A0ABR0E5Z9_taxID_395010_model,unknown
A0ABR0JJU7_taxID_1016849_model_A,unknown
A0ABR1FHI7_taxID_44056_model,unknown
A0ABR1FIC3_taxID_44056_model,unknown
A0ABR1FQU3_taxID_44056_model,unknown
A0ABR1FXH8_taxID_44056_model,unknown
A0ABR1FXP3_taxID_44056_model,unknown
A0ABR1G0V9_taxID_44056_model_A,unknown
A0ABR1G9T2_taxID_44056_model,unknown
A0ABR1GFH3_taxID_44056_model,unknown
A0ABR1UUG8_taxID_1337664_model_A,unknown
A0ABR1UYT2_taxID_335842_model,unknown
A0ABR1WCT8_taxID_335842_model,unknown
A0ABR2J691_taxID_335852_model,unknown
A0ABR2W902_taxID_34480_model,unknown
A0ABR2XFG3_taxID_138064_model_A,unknown
A0ABR2XQ66_taxID_138064_model_A,unknown
A0ABR3GF19_taxID_1032678_model,unknown
A0ABR3RK21_taxID_300254_model_A,unknown
A0ABR3UFL0_taxID_48095_model,unknown
A0ABR3V8J2_taxID_85995_model,unknown
A0ABR4BR18_taxID_86028_model,unknown
A0ABR4CSW7_taxID_86028_model,unknown
A0ABR4H9X8_taxID_176169_model_A,unknown
A0ABR4K145_taxID_176178_model,unknown
A0ABR4KUJ7_taxID_1810923_model,unknown
A0ABR4MVH6_taxID_2732419_model_A,unknown
A0ABR4N804_taxID_2732419_model,unknown
A0ABR4NFM0_taxID_2732419_model,unknown
A0ABR4NFV2_taxID_2732419_model_A,unknown
A0ABR4TSS6_taxID_1353532_model,unknown
A0ABR6YEY6_taxID_2762297_model_A,unknown
A0ABR7J057_taxID_2813823_model_A,unknown
A0ABR9BSA8_taxID_2774143_model,unknown
A0ABS1MHS4_taxID_2802282_model_A,unknown
A0ABS8MPT4_taxID_2893755_model,unknown
A0ABT4KNP9_taxID_520838_model_A,unknown
A0ABT8V9H2_taxID_79264_model,unknown
A0ABT9MUW6_taxID_587533_model_A,unknown
A0ABU0IU28_taxID_400775_model,unknown
A0ABU2WI91_taxID_3075609_model,unknown
A0ABU3LA82_taxID_3076079_model_A,unknown
A0ABU3VGX6_taxID_1631240_model,unknown
A0ABU4HHA2_taxID_1940611_model,unknown
A0ABU4XE34_taxID_3072316_model,unknown
A0ABU5KX76_taxID_2219225_model,unknown
A0ABU8FF18_taxID_3127667_model,unknown
A0ABU9X948_taxID_3143436_model,unknown
A0ABU9X9V4_taxID_3143436_model,unknown
A0ABV1Z0I5_taxID_483206_model_A,unknown
A0ABV2I0A5_taxID_1209948_model,unknown
A0ABV2RXN8_taxID_375_model,unknown
A0ABV4X3A9_taxID_3153654_model,unknown
A0ABV6JDE8_taxID_206163_model,unknown
A0ABV6PMV7_taxID_511108_model_A,unknown
A0ABV8U584_taxID_1607685_model,unknown
A0ABV9FV84_taxID_1460226_model,unknown
A0ABW2YH98_taxID_262323_model,unknown
A0ABW4XFF4_taxID_2259033_model,unknown
A0ABW5MSE8_taxID_1775166_model,unknown
A0ABW6M374_taxID_1306990_model_A,unknown
A0ABW7AQ69_taxID_3351344_model,unknown
A0ABX0IR11_taxID_1544455_model_A,unknown
A0ABX2C6M7_taxID_2675748_model,unknown
A0ABY0TKI0_taxID_1231_model_A,unknown
A0ABY2RQH2_taxID_2571143_model,unknown
A0ABY3QAS2_taxID_2992140_model_A,unknown
A0ABY7ESX1_taxID_6604_model,unknown
A0ABY7ET59_taxID_6604_model,unknown
A0ABY7EU89_taxID_6604_model,unknown
A0ABY7EVT9_taxID_6604_model,unknown
A0ABY7EW52_taxID_6604_model,unknown
A0ABY7EX19_taxID_6604_model,unknown
A0ABY8UC38_taxID_3088_model,unknown
A0ABY8UIY3_taxID_3088_model,unknown
A0ABY9ITB8_taxID_2798799_model,unknown
A0AC34QHI6_taxID_591449_model,unknown
A0ACB1AS38_taxID_390850_model,unknown
A0ACB1AT13_taxID_390850_model,unknown
A0ACB5RUU5_taxID_310453_model,unknown
A0ACB7PGA3_taxID_1854479_model_A,unknown
A0ACB8ZDC5_taxID_185202_model,unknown
A0ACC0V4A4_taxID_47278_model,unknown
A0ACC0WCW2_taxID_230839_model,unknown
A0ACC1HXC0_taxID_68401_model_A,unknown
A0ACC1IX00_taxID_61397_model,unknown
A0ACC1K1L7_taxID_2789366_model,unknown
A0ACC1L5T1_taxID_1286919_model,unknown
A0ACC1LSD8_taxID_417177_model,unknown
A0ACC1M8E0_taxID_417176_model,unknown
A0ACC1NLV5_taxID_42375_model,unknown
A0ACC1PD21_taxID_42375_model,unknown
A0ACC1PKT5_taxID_42375_model,unknown
A0ACC1PQ96_taxID_42375_model,unknown
A0ACC2HA47_taxID_75939_model,unknown
A0ACC2IGC0_taxID_749465_model_A,unknown
A0ACC2IIZ4_taxID_749465_model,unknown
A0ACC2IQ67_taxID_749465_model_A,unknown
A0ACC2IRA4_taxID_749465_model,unknown
A0ACC2J646_taxID_110536_model_A,unknown
A0ACC2JI51_taxID_1108764_model,unknown
A0ACC2JUV3_taxID_1108764_model,unknown
A0ACC2RRJ6_taxID_34485_model,unknown
A0ACC2S0A8_taxID_34485_model,unknown
A0ACC2S7C6_taxID_34485_model,unknown
A0ACC2T2P1_taxID_34485_model,unknown
A0ACC2T3L9_taxID_34485_model,unknown
A0ACC2T6Y9_taxID_34485_model,unknown
A0ACC2T704_taxID_34485_model,unknown
A0ACC2TJ92_taxID_34485_model,unknown
A0ACC2TJW4_taxID_34485_model,unknown
A0ACC2TVV6_taxID_34485_model,unknown
A0ACC2TZL3_taxID_34485_model,unknown
A0ACC2U405_taxID_34485_model,unknown
A0ACC3C5E3_taxID_2788_model,unknown
A0ACC3CB14_taxID_2788_model,unknown
A0ACC3CDQ3_taxID_2788_model,unknown
A0ACC3CEB8_taxID_2788_model,unknown
A7SSF6_taxID_45351_model,unknown
A8N4B1_taxID_240176_model,unknown
A8ZLP7_taxID_329726_model_A,unknown
A9G933_taxID_448385_model_A,unknown
B2VY53_taxID_426418_model,unknown
B5RHQ6_taxID_515353_model,unknown
B5RHQ8_taxID_515354_model,unknown
B5RHR0_taxID_515355_model_A,unknown
B7GA89_taxID_556484_model,unknown
B8J766_taxID_455488_model,unknown
B9XQZ3_taxID_320771_model,unknown
C0NHD4_taxID_447093_model,unknown
C6H6I9_taxID_544712_model,unknown
C9SDX6_taxID_526221_model,unknown
D3BV93_taxID_670386_model_A,unknown
D5GIK5_taxID_656061_model,unknown
D5UDJ1_taxID_446466_model,unknown
D7F7N6_taxID_541230_model_A,unknown
D7F7N8_taxID_541221_model_A,unknown
D8PI13_taxID_330214_model,unknown
D8UD00_taxID_3068_model,unknown
E3REK7_taxID_861557_model,unknown
E6ZRP4_taxID_999809_model_A,unknown
E7CLR6_taxID_34541_model,unknown
E7CLR7_taxID_34541_model,unknown
E8T7H2_taxID_765698_model_A,unknown
F0WYB1_taxID_890382_model,unknown
F0X9X8_taxID_655863_model,unknown
F0XF66_taxID_655863_model,unknown
F0Y382_taxID_44056_model,unknown
F0Y635_taxID_44056_model,unknown
F0Y9F1_taxID_44056_model,unknown
F0YBG0_taxID_44056_model,unknown
F0YI20_taxID_44056_model,unknown
F0YJP7_taxID_44056_model,unknown
F2UDJ6_taxID_946362_model,unknown
F4NVT9_taxID_684364_model,unknown
F4PHR2_taxID_261658_model,unknown
F6WL94_taxID_7719_model,unknown
F6YHC5_taxID_13616_model,unknown
F9F9P2_taxID_660025_model,unknown
F9FW19_taxID_660025_model_A,unknown
F9G554_taxID_660025_model,unknown
G1X3U2_taxID_756982_model_A,unknown
G2XK79_taxID_106299_model,unknown
G4Z7X0_taxID_1094619_model_A,unknown
H1W0D6_taxID_759273_model,unknown
I2FTP4_taxID_120017_model_A,unknown
J0WRI2_taxID_717982_model,unknown
J5JNM7_taxID_655819_model,unknown
K0B2W2_taxID_1229908_model_A,unknown
K1Q1M0_taxID_29159_model_A,unknown
K1Q6D2_taxID_29159_model,unknown
K1QAP4_taxID_29159_model,unknown
K1X411_taxID_1072389_model,unknown
K3V6C2_taxID_1028729_model,unknown
K3X5C6_taxID_431595_model,unknown
L7JPW8_taxID_1143193_model,unknown
M5CEE4_taxID_1108050_model,unknown
M5FY28_taxID_1858805_model,unknown
M9M4Y3_taxID_1151754_model,unknown
N1QEG0_taxID_692275_model_A,unknown
N1RTX1_taxID_2502994_model,unknown
N4XMY1_taxID_665024_model,unknown
P12031_taxID_6536_model,unknown
P56826_taxID_6610_model,unknown
Q01WC9_taxID_234267_model,unknown
Q21NZ9_taxID_203122_model_A,unknown
Q2H2F5_taxID_306901_model_A,unknown
Q2HCB5_taxID_306901_model_A,unknown
Q2Y722_taxID_323848_model_A,unknown
Q54QT0_taxID_44689_model_A,unknown
Q54QT1_taxID_44689_model,unknown
Q5AZ38_taxID_227321_model,unknown
Q82V60_taxID_228410_model_A,unknown
Q8FPM1_taxID_196164_model,unknown
Q92LD3_taxID_266834_model,unknown
R0ISP9_taxID_671987_model,unknown
R1CU85_taxID_2903_model,unknown
R1CV39_taxID_2903_model,unknown
R1D043_taxID_2903_model,unknown
R1DG64_taxID_2903_model,unknown
R1E1C7_taxID_2903_model,unknown
R1E2E0_taxID_2903_model,unknown
R9PI15_taxID_1305764_model_A,unknown
S0EJD0_taxID_1279085_model,unknown
S3CMF3_taxID_1116229_model,unknown
S8A5L9_taxID_1284197_model,unknown
S8ARG7_taxID_1284197_model,unknown
T0PNV2_taxID_1156394_model,unknown
T0PU14_taxID_1156394_model,unknown
U1TTP3_taxID_321846_model,unknown
U3AIJ7_taxID_1337093_model,unknown
W2TLA4_taxID_51031_model,unknown
W3VU69_taxID_84754_model,unknown
W4FLQ6_taxID_112090_model,unknown
W4GNY0_taxID_112090_model,unknown
W4H175_taxID_112090_model,unknown
W4H234_taxID_112090_model,unknown
W6NCB7_taxID_6289_model,unknown
W6Y2N7_taxID_930089_model,unknown
W6ZHH7_taxID_930090_model,unknown
W7F0B3_taxID_930091_model,unknown
W7HSW3_taxID_1043628_model,unknown
W7TM70_taxID_72520_model,unknown
