accession,new_pool,old_pool,canonical,n_his,core_ok_new,best_ref,best_qtm,n_helix_ok,old_reason,a1_dist,a1_plddt,a1_helical,a1_sat,a2_dist,a2_plddt,a2_helical,a2_sat,a3_dist,a3_plddt,a3_helical,a3_sat,a4_dist,a4_plddt,a4_helical,a4_sat
B9VU65,discarded,noncanonical,False,5,False,ref_5CE9_Jregia,0.826,3,core+cealign+floor_ok,4.19,55.3,1,0,0.33,96.1,1,1,0.54,98.8,1,1,0.31,98.5,1,1
A0A8H6KE22,discarded,noncanonical,False,5,False,ref_2Y9W_Abisporus,0.777,3,core+cealign+floor_ok,3.79,52.7,1,0,0.45,88.3,1,1,0.23,96.8,1,1,0.34,96.1,1,1
A0AA39Q9J3,discarded,noncanonical,False,5,False,ref_PmTYR,0.672,3,core+cealign+floor_ok,1.91,66.5,1,0,0.32,96.0,1,1,0.56,96.4,1,1,0.35,98.0,1,1
A0A2H3SXS3,discarded,noncanonical,False,5,False,ref_PmTYR,0.662,3,core+cealign+floor_ok,0.51,93.7,1,1,0.39,94.9,1,1,0.23,92.1,1,1,3.16,70.1,0,0
A0AA39J8P7,discarded,noncanonical,False,4,False,ref_PmTYR,0.654,3,core+cealign+floor_ok,0.66,84.3,1,1,1.15,68.3,1,0,0.68,93.4,1,1,0.44,88.8,1,1
A0AA39NTJ8,discarded,noncanonical,False,4,False,ref_PmTYR,0.648,3,core+cealign+floor_ok,1.85,56.4,1,0,0.44,92.8,1,1,0.68,96.2,1,1,0.24,97.0,1,1
A0A365MY87,discarded,noncanonical,False,4,False,ref_PmTYR,0.64,3,core+cealign+floor_ok,0.26,81.2,1,1,3.77,51.7,1,0,0.66,96.1,1,1,0.18,94.1,1,1
A0A8H8SYG4,discarded,noncanonical,False,3,False,ref_PmTYR,0.639,2,core+cealign+floor_ok,3.33,58.3,1,0,1.88,37.4,1,0,0.46,98.0,1,1,0.77,95.7,1,1
A0A9P8S6I3,discarded,noncanonical,False,3,False,ref_PmTYR,0.629,3,core+cealign+floor_ok,1.73,86.9,1,1,1.74,83.2,1,1,0.93,88.6,1,1,1.61,67.1,1,0
A0A8H6CZQ6,discarded,noncanonical,False,3,False,ref_PmTYR,0.624,3,core+cealign+floor_ok,0.19,80.5,1,1,3.73,57.4,1,0,0.55,97.1,1,1,0.29,93.4,1,1
A0A9W6AV28,discarded,noncanonical,False,4,False,ref_PmTYR,0.622,3,core+cealign+floor_ok,0.51,85.7,1,1,3.22,56.0,1,0,0.59,93.7,1,1,0.49,90.5,1,1
A0A2G9H9E5,discarded,noncanonical,False,4,False,ref_1BT3_Ibatatas,0.615,3,core+cealign+floor_ok,1.89,82.6,1,1,3.11,43.0,1,0,0.23,96.8,1,1,0.27,92.5,1,1
A0A9P4NM41,discarded,noncanonical,False,4,False,ref_PmTYR,0.614,3,core+cealign+floor_ok,0.65,95.0,1,1,1.43,54.5,1,0,0.24,90.8,1,1,0.66,89.4,1,1
A0A830B0I8,discarded,noncanonical,False,4,False,ref_5CE9_Jregia,0.608,3,core+cealign+floor_ok,0.17,89.6,1,1,0.09,94.5,1,1,0.41,64.4,1,0,0.29,94.7,1,1
A0A4Y7SLE9,discarded,noncanonical,False,2,False,ref_PmTYR,0.598,3,core+cealign+floor_ok,0.57,66.5,1,0,0.41,89.1,1,1,0.65,93.6,1,1,0.47,95.0,1,1
S0EA40,discarded,noncanonical,False,5,False,ref_2Y9W_Abisporus,0.595,3,core+cealign+floor_ok,0.4,91.4,1,1,0.6,93.6,1,1,0.25,89.8,1,1,1.12,65.8,1,0
A0A8J5YYR4,discarded,noncanonical,False,3,False,ref_1BT3_Ibatatas,0.593,3,core+cealign+floor_ok,1.58,74.1,1,1,2.07,67.8,1,0,0.17,83.5,1,1,0.43,93.8,1,1
A0ABQ8FQ07,discarded,noncanonical,False,4,False,ref_PmTYR,0.592,3,core+cealign+floor_ok,0.4,72.7,1,1,5.45,58.5,0,0,0.39,93.7,1,1,0.42,92.2,1,1
A0ABR1RNS4,discarded,noncanonical,False,5,False,ref_PmTYR,0.592,3,core+cealign+floor_ok,1.32,61.0,0,0,0.28,94.4,1,1,0.48,95.4,1,1,0.26,97.5,1,1
A0AAE1CE31,discarded,noncanonical,False,5,False,ref_2Y9W_Abisporus,0.59,3,core+cealign+floor_ok,0.49,84.2,0,0,0.22,93.4,1,1,0.18,70.7,1,1,0.17,91.9,1,1
H1V8W0,discarded,noncanonical,False,4,False,ref_PmTYR,0.589,3,core+cealign+floor_ok,0.37,86.7,1,1,2.87,59.3,0,0,0.38,95.6,1,1,0.59,94.0,1,1
A0AAD5CAK5,discarded,noncanonical,False,5,False,ref_5CE9_Jregia,0.588,2,core+cealign+floor_ok,0.71,68.6,1,0,0.79,61.0,1,0,0.18,93.9,1,1,0.4,93.4,1,1
A0A8H6VAE7,discarded,noncanonical,False,5,False,ref_PmTYR,0.586,3,core+cealign+floor_ok,0.6,96.5,1,1,0.6,94.7,1,1,0.53,94.7,1,1,2.69,57.8,0,0
A0A0G4NU02,discarded,noncanonical,False,5,False,ref_PmTYR,0.583,3,core+cealign+floor_ok,0.57,93.3,1,1,0.51,95.4,1,1,0.32,93.5,1,1,1.61,52.4,1,0
W3XGL4,discarded,noncanonical,False,3,False,ref_PmTYR,0.581,2,core+cealign+floor_ok,1.26,76.8,1,1,0.29,86.5,1,1,1.11,68.5,1,0,3.2,49.1,1,0
A0A5C6SLG5,discarded,noncanonical,False,3,False,ref_PmTYR,0.578,2,core+cealign+floor_ok,2.1,67.4,1,0,1.2,61.9,1,0,0.42,97.9,1,1,0.42,94.4,1,1
A0A135TNR4,discarded,noncanonical,False,4,False,ref_PmTYR,0.576,3,core+cealign+floor_ok,0.94,94.9,1,1,1.94,65.4,1,0,0.78,97.5,1,1,0.17,94.6,1,1
A0A9P7H959,discarded,noncanonical,False,5,False,ref_PmTYR,0.575,3,core+cealign+floor_ok,2.64,68.5,1,0,0.52,96.2,1,1,0.69,98.8,1,1,0.65,96.5,1,1
H3CJD0,discarded,noncanonical,False,5,False,ref_PmTYR,0.575,3,core+cealign+floor_ok,0.49,85.0,1,1,0.38,86.1,1,1,0.33,79.6,1,1,0.51,68.8,1,0
A0A8H4VJZ4,discarded,noncanonical,False,5,False,ref_PmTYR,0.572,3,core+cealign+floor_ok,0.73,64.9,1,0,0.52,81.7,1,1,0.54,92.9,1,1,0.32,92.4,1,1
A0AA35MIP6,discarded,noncanonical,False,4,False,ref_2Y9W_Abisporus,0.568,2,core+cealign+floor_ok,0.28,68.4,1,0,0.98,41.1,0,0,0.3,90.0,1,1,0.58,92.5,1,1
A0A0E0C8Q1,discarded,noncanonical,False,4,False,ref_1BT3_Ibatatas,0.567,3,core+cealign+floor_ok,1.04,83.2,1,1,2.28,69.0,1,0,0.24,90.3,1,1,0.51,92.2,1,1
A0A0C4EEL6,discarded,noncanonical,False,4,False,ref_PmTYR,0.566,3,core+cealign+floor_ok,0.2,96.0,1,1,0.37,96.8,1,1,2.86,49.5,1,0,0.36,94.3,1,1
H3CJD3,discarded,noncanonical,False,5,False,ref_PmTYR,0.566,3,core+cealign+floor_ok,0.39,93.3,1,1,0.34,92.8,1,1,0.29,87.9,1,1,3.55,58.4,1,0
A0AAN5Z3W8,discarded,noncanonical,False,3,False,ref_2Y9W_Abisporus,0.563,2,core+cealign+floor_ok,0.86,71.0,0,0,1.87,56.1,1,0,0.32,91.0,1,1,0.43,91.8,1,1
A0A4U9EHQ3,discarded,noncanonical,False,3,False,ref_2Y9W_Abisporus,0.562,2,core+cealign+floor_ok,0.85,71.5,0,0,1.87,56.8,1,0,0.32,91.1,1,1,0.44,91.9,1,1
A0A4R8TI16,discarded,noncanonical,False,4,False,ref_PmTYR,0.554,3,core+cealign+floor_ok,0.36,81.5,1,1,2.52,62.8,1,0,2.6,97.7,1,1,2.4,94.6,1,1
A0A9N9LHE3,discarded,noncanonical,False,5,False,ref_2Y9W_Abisporus,0.554,3,core+cealign+floor_ok,0.54,95.8,0,0,0.44,98.5,1,1,0.38,97.7,1,1,0.62,98.8,1,1
A0ABQ9EDE6,discarded,noncanonical,False,4,False,ref_PmTYR,0.554,3,core+cealign+floor_ok,2.69,66.7,1,0,1.37,85.0,1,1,0.38,93.0,1,1,0.39,95.8,1,1
K3Y687,discarded,noncanonical,False,4,False,ref_5CE9_Jregia,0.554,3,core+cealign+floor_ok,0.85,71.9,1,1,0.11,61.8,1,0,0.21,95.5,1,1,0.5,94.2,1,1
A0A0K9PZE6,discarded,noncanonical,False,5,False,ref_5CE9_Jregia,0.553,3,core+cealign+floor_ok,1.57,68.3,1,0,0.2,96.7,1,1,0.14,98.2,1,1,0.19,98.5,1,1
A0A2U3E4P9,discarded,noncanonical,False,5,False,ref_2Y9W_Abisporus,0.551,3,core+cealign+floor_ok,1.46,45.9,1,0,0.24,95.5,1,1,0.27,97.6,1,1,0.54,97.7,1,1
A0A9N9YKH8,discarded,noncanonical,False,3,False,ref_PmTYR,0.549,2,core+cealign+floor_ok,3.45,69.0,1,0,2.14,42.1,1,0,0.81,97.6,1,1,0.5,94.2,1,1
A0A9W9LNB7,discarded,noncanonical,False,4,False,ref_PmTYR,0.547,3,core+cealign+floor_ok,1.78,56.2,1,0,0.27,79.7,1,1,0.45,90.8,1,1,0.6,91.4,1,1
A0A066Y1V3,discarded,noncanonical,False,3,False,ref_2Y9W_Abisporus,0.541,2,core+cealign+floor_ok,0.44,81.0,0,0,0.85,62.1,1,0,0.18,92.6,1,1,0.72,93.9,1,1
A0AAE0HTN1,discarded,noncanonical,False,5,False,ref_2Y9W_Abisporus,0.541,3,core+cealign+floor_ok,0.62,95.2,0,0,0.36,96.9,1,1,0.44,96.4,1,1,0.66,97.7,1,1
A0ABR1X726,discarded,noncanonical,False,4,False,ref_PmTYR,0.541,3,core+cealign+floor_ok,1.48,86.5,1,1,1.92,66.9,1,0,1.16,97.4,1,1,1.43,94.4,1,1
A0AAV6LBV0,discarded,noncanonical,False,5,False,ref_5CE9_Jregia,0.54,3,core+cealign+floor_ok,0.5,75.8,1,1,3.31,52.0,0,0,0.16,94.7,1,1,0.45,93.6,1,1
A0A9Q1JNS3,discarded,noncanonical,False,5,False,ref_5CE9_Jregia,0.534,3,core+cealign+floor_ok,1.04,89.8,1,1,0.39,93.8,1,1,0.76,83.0,1,1,0.31,67.5,1,0
L7J0V9,discarded,noncanonical,False,5,False,ref_PmTYR,0.534,3,core+cealign+floor_ok,2.1,56.5,1,0,0.3,96.3,1,1,0.99,96.6,1,1,0.3,97.8,1,1
A0A151TBD1,discarded,noncanonical,False,5,False,ref_5CE9_Jregia,0.533,3,core+cealign+floor_ok,0.45,66.9,1,0,0.21,93.3,1,1,0.35,93.3,1,1,0.17,96.5,1,1
A0AA97NUK3,discarded,noncanonical,False,5,False,ref_PmTYR,0.533,3,core+cealign+floor_ok,2.62,54.0,1,0,0.32,96.3,1,1,0.9,96.5,1,1,0.31,97.8,1,1
A0A5J5NCV8,discarded,noncanonical,False,4,False,ref_5CE9_Jregia,0.532,2,core+cealign+floor_ok,0.67,69.1,1,0,0.95,67.1,1,0,0.28,93.7,1,1,0.49,90.8,1,1
A0A177E0Q1,discarded,noncanonical,False,4,False,ref_PmTYR,0.531,3,core+cealign+floor_ok,1.09,89.6,1,1,2.57,52.4,0,0,0.66,96.3,1,1,0.36,94.9,1,1
A0A167KGF5,discarded,noncanonical,False,4,False,ref_2Y9W_Abisporus,0.528,2,core+cealign+floor_ok,0.9,55.9,1,0,2.11,38.3,0,0,0.39,93.7,1,1,0.46,92.2,1,1
A0A5N5DLD5,discarded,noncanonical,False,5,False,ref_PmTYR,0.525,2,core+cealign+floor_ok,1.64,65.6,1,0,1.01,52.5,0,0,0.92,96.5,1,1,0.68,93.4,1,1
A0ABR2VB08,discarded,noncanonical,False,3,False,ref_PmTYR,0.525,3,core+cealign+floor_ok,1.58,71.5,1,1,2.63,55.0,0,0,0.86,97.1,1,1,0.51,92.5,1,1
A0A5D2CAK1,discarded,noncanonical,False,5,False,ref_5CE9_Jregia,0.524,2,core+cealign+floor_ok,0.86,69.1,1,0,1.25,66.3,1,0,0.3,94.2,1,1,0.48,91.5,1,1
A0A8H7LY65,discarded,noncanonical,False,3,False,ref_PmTYR,0.522,3,core+cealign+floor_ok,2.81,72.1,1,1,1.12,64.5,1,0,0.31,98.0,1,1,0.64,96.0,1,1
A0AAD6ZH33,discarded,noncanonical,False,3,False,ref_PmTYR,0.522,1,core+cealign+floor_ok,2.72,33.0,1,0,4.77,59.7,1,0,1.49,79.0,1,1,1.72,41.9,1,0
A0A167GD15,discarded,noncanonical,False,4,False,ref_2Y9W_Abisporus,0.52,3,core+cealign+floor_ok,0.52,70.9,1,1,4.96,33.9,0,0,0.34,90.5,1,1,0.81,89.2,1,1
A0A0C4F9W5,discarded,noncanonical,False,5,False,ref_PmTYR,0.518,3,core+cealign+floor_ok,0.54,91.1,1,1,0.56,92.9,1,1,0.28,88.8,1,1,2.21,45.3,1,0
A0ACC0XMJ2,discarded,noncanonical,False,4,False,ref_5CE9_Jregia,0.518,3,core+cealign+floor_ok,0.59,75.3,1,1,2.59,60.2,1,0,0.4,91.8,1,1,0.47,91.2,1,1
W9CSJ2,discarded,noncanonical,False,5,False,ref_2Y9W_Abisporus,0.517,3,core+cealign+floor_ok,0.28,84.9,1,1,1.49,56.5,1,0,0.47,91.0,1,1,0.42,88.5,1,1
A0A0A2VDR5,discarded,noncanonical,False,4,False,ref_2Y9W_Abisporus,0.516,2,core+cealign+floor_ok,0.71,69.8,1,0,1.26,40.1,0,0,0.29,94.8,1,1,0.87,92.0,1,1
A0A179I3R8,discarded,noncanonical,False,4,False,ref_2Y9W_Abisporus,0.512,2,core+cealign+floor_ok,0.72,52.2,1,0,5.72,33.2,0,0,0.38,91.8,1,1,0.7,90.3,1,1
A0A1Y2DTS3,discarded,noncanonical,False,5,False,ref_2Y9W_Abisporus,0.512,3,core+cealign+floor_ok,0.25,74.1,1,1,1.97,45.2,0,0,0.22,92.4,1,1,0.59,91.1,1,1
A0A8A3PKD0,discarded,noncanonical,False,5,False,ref_2Y9W_Abisporus,0.512,3,core+cealign+floor_ok,0.5,87.3,0,0,0.43,94.7,1,1,0.37,97.0,1,1,0.52,97.9,1,1
A0A2J6R1Z2,discarded,noncanonical,False,5,False,ref_2Y9W_Abisporus,0.51,3,core+cealign+floor_ok,1.53,63.3,1,0,0.42,95.5,1,1,0.28,98.0,1,1,0.33,97.9,1,1
A0A8H6K3D9,discarded,noncanonical,False,5,False,ref_2Y9W_Abisporus,0.507,3,core+cealign+floor_ok,4.53,65.7,1,0,0.37,95.4,1,1,0.15,96.3,1,1,0.34,97.8,1,1
A0A6A6JN94,discarded,noncanonical,False,5,False,ref_2Y9W_Abisporus,0.506,3,core+cealign+floor_ok,5.27,89.4,0,0,0.47,98.1,1,1,0.88,95.4,1,1,0.45,98.5,1,1
A0A0D2UIJ1,discarded,noncanonical,False,4,False,ref_1BT3_Ibatatas,0.505,2,core+cealign+floor_ok,0.78,65.8,1,0,2.74,51.5,0,0,0.37,90.5,1,1,0.74,90.8,1,1
G2YS45,discarded,noncanonical,False,3,False,ref_PmTYR,0.502,3,core+cealign+floor_ok,0.88,90.5,1,1,0.61,94.4,1,1,1.03,82.4,1,1,1.24,64.1,1,0
A0AAE0LXM5,discarded,noncanonical,False,5,False,ref_2Y9W_Abisporus,0.501,3,core+cealign+floor_ok,1.0,65.3,1,0,0.27,96.1,1,1,0.28,95.1,1,1,0.56,97.9,1,1
A0A178D5B3,discarded,noncanonical,False,5,False,ref_2Y9W_Abisporus,0.5,3,core+cealign+floor_ok,1.26,58.9,1,0,0.15,94.3,1,1,0.15,97.7,1,1,0.29,97.7,1,1
A0A9W9AER9,discarded,noncanonical,False,5,False,ref_PmTYR,0.5,3,core+cealign+floor_ok,0.28,89.5,1,1,0.48,91.6,1,1,0.67,89.7,1,1,2.19,58.2,1,0
A0A161WK35,discarded,noncanonical,False,5,False,ref_2Y9W_Abisporus,0.499,2,core+cealign+floor_ok,1.1,66.2,1,0,3.03,42.7,1,0,0.26,95.5,1,1,0.8,93.0,1,1
A0A177F584,discarded,noncanonical,False,5,False,ref_2Y9W_Abisporus,0.499,3,core+cealign+floor_ok,0.81,61.7,1,0,0.14,95.4,1,1,0.11,98.0,1,1,0.28,98.2,1,1
A0A507BI78,discarded,noncanonical,False,5,False,ref_2Y9W_Abisporus,0.499,3,core+cealign+floor_ok,0.39,92.6,0,0,0.41,97.5,1,1,0.13,97.2,1,1,0.45,98.1,1,1
X0BGB2,discarded,noncanonical,False,5,False,ref_PmTYR,0.499,3,core+cealign+floor_ok,0.26,97.2,1,1,0.21,93.7,1,1,0.89,94.7,1,1,1.5,53.2,1,0
A0ABR2MME6,discarded,noncanonical,False,5,False,ref_5CE9_Jregia,0.498,3,core+cealign+floor_ok,4.24,51.0,1,0,0.44,94.6,1,1,0.58,84.6,1,1,0.17,96.6,1,1
A0A6A6YIL2,discarded,noncanonical,False,4,False,ref_2Y9W_Abisporus,0.497,2,core+cealign+floor_ok,2.87,49.7,1,0,1.63,55.0,1,0,0.44,96.1,1,1,0.56,93.7,1,1
A0A9D5CUK6,discarded,noncanonical,False,4,False,ref_5CE9_Jregia,0.497,3,core+cealign+floor_ok,1.3,72.7,1,1,1.31,62.0,1,0,0.2,95.4,1,1,0.29,92.5,1,1
A0A135TX30,discarded,noncanonical,False,5,False,ref_2Y9W_Abisporus,0.495,2,core+cealign+floor_ok,0.34,61.7,1,0,1.59,37.9,0,0,0.32,94.2,1,1,0.71,90.7,1,1
A0A7J6JPL9,discarded,noncanonical,False,5,False,ref_2Y9W_Abisporus,0.495,3,core+cealign+floor_ok,2.09,56.5,0,0,0.27,94.4,1,1,0.63,89.8,1,1,0.53,95.8,1,1
A0ABY2H0D1,discarded,noncanonical,False,3,False,ref_2Y9W_Abisporus,0.492,2,core+cealign+floor_ok,1.54,54.8,1,0,1.12,48.5,1,0,0.42,90.6,1,1,0.43,89.8,1,1
A0AA39WNN7,discarded,noncanonical,False,3,False,ref_2Y9W_Abisporus,0.491,3,core+cealign+floor_ok,0.37,72.2,1,1,2.62,30.6,0,0,0.46,93.5,1,1,0.34,90.3,1,1
A0A2T6ZWP4,discarded,noncanonical,False,3,False,ref_2Y9W_Abisporus,0.49,3,core+cealign+floor_ok,0.49,95.0,0,0,0.33,97.6,1,1,0.33,97.9,1,1,0.45,98.6,1,1
A0AA37LBJ4,discarded,noncanonical,False,3,False,ref_PmTYR,0.489,2,core+cealign+floor_ok,5.2,51.3,1,0,2.8,37.3,1,0,0.53,94.0,1,1,1.9,91.2,1,1
A0AAV9FIQ9,discarded,noncanonical,False,4,False,ref_5CE9_Jregia,0.488,3,core+cealign+floor_ok,1.49,78.5,1,1,2.52,63.7,1,0,0.3,95.9,1,1,0.5,92.4,1,1
A0A2N3N7R4,discarded,noncanonical,False,4,False,ref_PmTYR,0.487,2,core+cealign+floor_ok,2.68,32.9,1,0,1.7,61.4,1,0,0.92,94.2,1,1,0.64,92.4,1,1
A0A7J9CIK1,discarded,noncanonical,False,3,False,ref_1BT3_Ibatatas,0.487,3,core+cealign+floor_ok,1.37,72.3,1,1,3.51,42.7,0,0,0.27,91.3,1,1,0.43,92.2,1,1
A0A4U7BEM6,discarded,noncanonical,False,5,False,ref_1JS8_squid,0.484,3,core+cealign+floor_ok,1.17,68.8,0,0,0.72,97.0,1,1,0.83,98.1,1,1,0.49,98.4,1,1
A0A8J5UAU7,discarded,noncanonical,False,5,False,ref_PmTYR,0.484,3,core+cealign+floor_ok,0.24,97.3,1,1,0.35,93.8,1,1,0.83,94.9,1,1,1.74,53.5,1,0
A0A168H3F0,discarded,noncanonical,False,3,False,ref_2Y9W_Abisporus,0.483,2,core+cealign+floor_ok,0.26,66.3,1,0,1.96,57.2,1,0,0.2,93.4,1,1,0.35,90.3,1,1
A0AA97P016,discarded,noncanonical,False,5,False,ref_2Y9W_Abisporus,0.483,3,core+cealign+floor_ok,2.89,59.0,1,0,0.4,93.2,1,1,0.32,94.7,1,1,0.38,96.5,1,1
L7IUI4,discarded,noncanonical,False,5,False,ref_2Y9W_Abisporus,0.483,3,core+cealign+floor_ok,2.89,59.0,1,0,0.41,93.3,1,1,0.31,95.9,1,1,0.38,96.5,1,1
A0A667G1E1,discarded,noncanonical,False,5,False,ref_PmTYR,0.48,3,core+cealign+floor_ok,0.47,92.3,1,1,0.21,88.9,1,1,0.37,79.8,1,1,1.87,48.7,1,0
A0A2L2SRY2,discarded,noncanonical,False,5,False,ref_2Y9W_Abisporus,0.478,3,core+cealign+floor_ok,1.37,55.4,1,0,0.54,95.9,1,1,0.56,97.0,1,1,0.68,98.0,1,1
Q0UNZ8,discarded,noncanonical,False,5,False,ref_2Y9W_Abisporus,0.478,3,core+cealign+floor_ok,1.98,48.5,0,0,0.38,97.2,1,1,0.21,98.4,1,1,0.64,98.6,1,1
A0ACB6RB87,discarded,noncanonical,False,4,False,ref_PmTYR,0.475,3,core+cealign+floor_ok,0.8,93.2,1,1,1.72,49.3,0,0,1.18,96.9,1,1,0.61,94.5,1,1
E3L5F5,discarded,noncanonical,False,5,False,ref_PmTYR,0.475,3,core+cealign+floor_ok,0.49,87.5,1,1,0.18,93.2,1,1,0.22,85.2,1,1,0.33,66.3,1,0
A0A6A6IDS4,discarded,noncanonical,False,5,False,ref_2Y9W_Abisporus,0.474,3,core+cealign+floor_ok,0.64,67.0,1,0,0.52,90.1,1,1,0.3,95.3,1,1,0.51,96.1,1,1
A0ACB5RUX0,discarded,noncanonical,False,3,False,ref_2Y9W_Abisporus,0.474,3,core+cealign+floor_ok,0.68,67.8,1,0,0.79,82.9,1,1,0.22,96.8,1,1,0.45,96.5,1,1
L2G8K6,discarded,noncanonical,False,3,False,ref_2Y9W_Abisporus,0.474,2,core+cealign+floor_ok,1.02,52.9,1,0,2.06,45.4,0,0,0.52,84.7,1,1,0.58,88.1,1,1
A0A2S4L8N0,discarded,noncanonical,False,4,False,ref_2Y9W_Abisporus,0.472,3,core+cealign+floor_ok,1.49,71.5,1,1,2.15,67.1,1,0,0.44,93.2,1,1,0.68,92.8,1,1
A0A437ABU9,discarded,noncanonical,False,5,False,ref_2Y9W_Abisporus,0.472,3,core+cealign+floor_ok,0.52,98.4,0,0,0.52,98.8,1,1,0.34,98.3,1,1,0.41,99.0,1,1
A0A4W4FKH2,discarded,noncanonical,False,5,False,ref_PmTYR,0.471,3,core+cealign+floor_ok,0.4,96.1,1,1,0.52,92.7,1,1,0.26,92.7,1,1,2.14,49.3,0,0
L8WW92,discarded,noncanonical,False,3,False,ref_PmTYR,0.471,3,core+cealign+floor_ok,1.16,83.6,1,1,2.43,61.7,0,0,1.36,94.5,1,1,1.89,88.8,1,1
A0ABR0HD85,discarded,noncanonical,False,4,False,ref_2Y9W_Abisporus,0.469,2,core+cealign+floor_ok,0.54,54.0,1,0,3.08,34.9,0,0,0.15,90.1,1,1,0.7,90.7,1,1
A0ABR0IA35,discarded,noncanonical,False,4,False,ref_2Y9W_Abisporus,0.469,2,core+cealign+floor_ok,0.54,54.0,1,0,3.08,34.9,0,0,0.15,90.1,1,1,0.7,90.7,1,1
R1GBN1,discarded,noncanonical,False,4,False,ref_2Y9W_Abisporus,0.468,3,core+cealign+floor_ok,0.45,66.7,1,0,0.59,82.0,1,1,0.19,96.8,1,1,0.58,96.6,1,1
A0A0C2HF86,discarded,noncanonical,False,3,False,ref_PmTYR,0.467,1,core+cealign+floor_ok,1.58,67.3,1,0,0.8,80.3,1,1,2.5,44.6,1,0,1.3,50.7,1,0
A0A9P5EZI0,discarded,noncanonical,False,5,False,ref_2Y9W_Abisporus,0.467,2,core+cealign+floor_ok,0.78,58.3,1,0,2.32,47.1,1,0,0.54,83.3,1,1,0.44,83.7,1,1
A0A3P8WJV9,discarded,noncanonical,False,4,False,ref_PmTYR,0.466,3,core+cealign+floor_ok,1.0,87.7,1,1,1.53,57.1,1,0,0.4,93.6,1,1,0.32,92.0,1,1
A0A8H3I9E9,discarded,noncanonical,False,4,False,ref_2Y9W_Abisporus,0.466,2,core+cealign+floor_ok,1.16,61.6,1,0,1.59,46.8,0,0,0.33,92.2,1,1,0.51,89.0,1,1
W9KFT0,discarded,noncanonical,False,5,False,ref_2Y9W_Abisporus,0.464,3,core+cealign+floor_ok,0.38,68.3,0,0,0.57,85.1,1,1,0.4,84.9,1,1,0.42,92.7,1,1
A0A3P8WPJ5,discarded,noncanonical,False,3,False,ref_PmTYR,0.463,3,core+cealign+floor_ok,0.82,88.7,1,1,1.03,58.7,1,0,0.34,93.4,1,1,0.35,91.9,1,1
A0A4W4FK82,discarded,noncanonical,False,5,False,ref_PmTYR,0.459,3,core+cealign+floor_ok,0.33,97.2,1,1,0.39,93.7,1,1,0.29,93.4,1,1,2.48,57.6,0,0
A0A8K0E3G2,discarded,noncanonical,False,5,False,ref_PmTYR,0.457,3,core+cealign+floor_ok,1.09,60.4,1,0,0.34,96.4,1,1,0.2,96.6,1,1,0.23,98.2,1,1
A0A3P8WHA0,discarded,noncanonical,False,4,False,ref_PmTYR,0.455,3,core+cealign+floor_ok,0.68,87.8,1,1,2.23,50.1,0,0,0.43,96.2,1,1,0.49,92.7,1,1
A0A7U2F198,discarded,noncanonical,False,3,False,ref_PmTYR,0.453,2,core+cealign+floor_ok,2.38,46.4,1,0,1.37,47.8,1,0,0.71,84.8,1,1,0.17,79.3,1,1
A0A166TRG0,discarded,noncanonical,False,5,False,ref_2Y9W_Abisporus,0.45,3,core+cealign+floor_ok,1.77,57.8,1,0,0.43,94.6,1,1,0.16,92.7,1,1,0.6,96.9,1,1
A0A5D2Q415,discarded,noncanonical,False,4,False,ref_5CE9_Jregia,0.45,3,core+cealign+floor_ok,0.67,71.2,1,1,1.16,59.7,1,0,0.28,94.8,1,1,0.3,91.4,1,1
A0ACC3ZAS3,discarded,noncanonical,False,5,False,ref_2Y9W_Abisporus,0.45,3,core+cealign+floor_ok,1.97,50.7,1,0,0.4,93.8,1,1,0.12,93.3,1,1,0.51,96.2,1,1
A0A8H6NYW2,discarded,noncanonical,False,5,False,ref_2Y9W_Abisporus,0.448,3,core+cealign+floor_ok,1.01,68.6,0,0,0.4,95.6,1,1,0.25,94.8,1,1,0.51,97.6,1,1
A0A2T2N6M0,discarded,noncanonical,False,5,False,ref_2Y9W_Abisporus,0.446,3,core+cealign+floor_ok,3.17,63.3,1,0,0.51,89.8,1,1,0.35,93.7,1,1,0.56,96.1,1,1
A0A8H6N0D2,discarded,noncanonical,False,5,False,ref_2Y9W_Abisporus,0.446,3,core+cealign+floor_ok,1.13,67.8,1,0,0.41,94.8,1,1,0.27,93.6,1,1,0.52,97.1,1,1
A0A8H6YHY9,discarded,noncanonical,False,5,False,ref_2Y9W_Abisporus,0.446,3,core+cealign+floor_ok,0.46,92.1,0,0,0.38,95.2,1,1,0.44,93.2,1,1,0.44,96.8,1,1
A0A8H6JY07,discarded,noncanonical,False,5,False,ref_2Y9W_Abisporus,0.445,3,core+cealign+floor_ok,1.08,66.4,0,0,0.45,95.1,1,1,0.28,93.6,1,1,0.54,97.2,1,1
A0ABR3SXQ6,discarded,noncanonical,False,4,False,ref_2Y9W_Abisporus,0.445,2,core+cealign+floor_ok,2.54,60.6,1,0,3.64,41.4,0,0,0.14,95.2,1,1,0.5,92.6,1,1
A0A7C8M1Q1,discarded,noncanonical,False,5,False,ref_2Y9W_Abisporus,0.443,3,core+cealign+floor_ok,2.56,58.0,1,0,0.23,92.9,1,1,0.23,94.3,1,1,0.39,98.0,1,1
A0A135V6V7,discarded,noncanonical,False,3,False,ref_2Y9W_Abisporus,0.441,2,core+cealign+floor_ok,1.42,60.4,1,0,0.64,67.5,1,0,0.62,79.2,1,1,0.49,87.7,1,1
A0AAJ0A9B9,discarded,noncanonical,False,5,False,ref_2Y9W_Abisporus,0.44,3,core+cealign+floor_ok,0.77,53.8,1,0,0.42,94.3,1,1,0.15,92.7,1,1,0.56,96.9,1,1
A0ABQ9PMC0,discarded,noncanonical,False,5,False,ref_2Y9W_Abisporus,0.44,3,core+cealign+floor_ok,0.58,55.8,0,0,0.5,94.7,1,1,0.22,94.3,1,1,0.6,97.3,1,1
A0A2I1CEB6,discarded,noncanonical,False,3,False,ref_2Y9W_Abisporus,0.439,3,core+cealign+floor_ok,1.52,73.2,1,1,2.42,50.5,0,0,0.62,94.3,1,1,0.34,92.7,1,1
A0A0D2EZH2,discarded,noncanonical,False,3,False,ref_2Y9W_Abisporus,0.435,3,core+cealign+floor_ok,1.55,57.4,1,0,0.44,96.5,1,1,0.34,94.6,1,1,0.52,97.7,1,1
A0A010S1R5,discarded,noncanonical,False,5,False,ref_2Y9W_Abisporus,0.434,3,core+cealign+floor_ok,0.52,55.6,1,0,0.36,92.1,1,1,0.17,90.5,1,1,0.51,95.7,1,1
A0ABP0CGC6,discarded,noncanonical,False,4,False,ref_2Y9W_Abisporus,0.432,2,core+cealign+floor_ok,0.5,63.9,1,0,1.91,37.1,0,0,0.4,92.9,1,1,0.53,89.4,1,1
A0ACC1QU05,discarded,noncanonical,False,4,False,ref_2Y9W_Abisporus,0.431,2,core+cealign+floor_ok,0.96,68.4,1,0,2.02,35.3,1,0,0.19,90.7,1,1,0.66,86.8,1,1
A0A9P9X1G2,discarded,noncanonical,False,5,False,ref_2Y9W_Abisporus,0.429,3,core+cealign+floor_ok,0.33,56.3,1,0,0.43,94.2,1,1,0.23,94.1,1,1,0.62,97.2,1,1
A0AAW0R484,discarded,noncanonical,False,5,False,ref_PmTYR,0.427,3,core+cealign+floor_ok,0.33,91.6,1,1,0.76,94.7,1,1,1.62,78.7,1,1,3.55,63.4,1,0
A0A177CZG6,discarded,noncanonical,False,4,False,ref_2Y9W_Abisporus,0.426,3,core+cealign+floor_ok,4.12,61.0,1,0,0.36,95.3,1,1,0.61,96.8,1,1,0.6,97.6,1,1
A0AAV9VIS4,discarded,noncanonical,False,5,False,ref_2Y9W_Abisporus,0.426,3,core+cealign+floor_ok,0.45,96.5,0,0,0.37,98.7,1,1,0.6,98.4,1,1,0.67,98.9,1,1
A0A9P7ECI6,discarded,noncanonical,False,4,False,ref_2Y9W_Abisporus,0.423,3,core+cealign+floor_ok,0.98,72.7,1,1,0.52,90.5,1,1,0.24,70.7,1,1,1.12,56.4,1,0
A0A0R3PF75,discarded,noncanonical,False,4,False,ref_PmTYR,0.422,3,core+cealign+floor_ok,1.93,85.1,1,1,1.57,62.3,1,0,2.01,94.0,1,1,1.59,91.9,1,1
A0A6A5VK30,discarded,noncanonical,False,4,False,ref_2Y9W_Abisporus,0.419,3,core+cealign+floor_ok,3.89,66.2,1,0,0.39,96.7,1,1,0.48,98.0,1,1,0.63,98.2,1,1
A0A6A5TIJ7,discarded,noncanonical,False,5,False,ref_2Y9W_Abisporus,0.417,3,core+cealign+floor_ok,4.57,91.1,1,0,0.35,98.0,1,1,0.33,98.5,1,1,0.51,98.7,1,1
A0A232LQ58,discarded,noncanonical,False,5,False,ref_2Y9W_Abisporus,0.414,3,core+cealign+floor_ok,0.67,54.7,1,0,0.66,92.4,1,1,0.35,94.4,1,1,0.57,95.9,1,1
A0ACC3NIQ5,discarded,noncanonical,False,4,False,ref_2Y9W_Abisporus,0.412,3,core+cealign+floor_ok,0.51,63.6,1,0,0.68,80.7,1,1,0.21,92.0,1,1,0.54,94.3,1,1
A0A8H5TQU7,discarded,noncanonical,False,5,False,ref_2Y9W_Abisporus,0.411,3,core+cealign+floor_ok,0.48,95.6,0,0,0.39,97.3,1,1,0.29,96.4,1,1,0.46,98.2,1,1
A0AAI9UWB9,discarded,noncanonical,False,3,False,ref_2Y9W_Abisporus,0.411,2,core+cealign+floor_ok,2.34,62.9,1,0,1.69,53.8,1,0,0.27,93.4,1,1,0.32,91.9,1,1
A0A8H4ZIX0,discarded,noncanonical,False,5,False,ref_2Y9W_Abisporus,0.41,3,core+cealign+floor_ok,0.46,95.9,0,0,0.39,97.5,1,1,0.32,96.8,1,1,0.33,98.3,1,1
A0A8J5UIE6,discarded,noncanonical,False,3,False,ref_2Y9W_Abisporus,0.407,3,core+cealign+floor_ok,2.82,48.4,1,0,0.34,81.5,1,1,0.1,90.1,1,1,0.29,87.6,1,1
A0A9Q0B5F6,discarded,noncanonical,False,3,False,ref_2Y9W_Abisporus,0.405,2,core+cealign+floor_ok,1.9,59.9,1,0,2.84,46.2,0,0,0.2,90.3,1,1,0.65,90.7,1,1
N1S2R4,discarded,noncanonical,False,5,False,ref_2Y9W_Abisporus,0.404,3,core+cealign+floor_ok,3.21,56.5,1,0,0.29,88.7,1,1,0.26,92.8,1,1,0.46,92.4,1,1
A0AAE0CWK9,discarded,noncanonical,False,4,False,ref_2Y9W_Abisporus,0.399,3,core+cealign+floor_ok,0.53,61.1,1,0,0.16,93.9,1,1,0.52,94.8,1,1,0.56,96.1,1,1
A0AAE0MYQ7,discarded,noncanonical,False,4,False,ref_2Y9W_Abisporus,0.399,3,core+cealign+floor_ok,1.3,48.9,1,0,0.43,93.1,1,1,0.48,96.7,1,1,0.43,97.4,1,1
A0A232M3P4,discarded,noncanonical,False,5,False,ref_2Y9W_Abisporus,0.397,3,core+cealign+floor_ok,0.5,89.7,0,0,0.52,94.9,1,1,0.32,93.3,1,1,2.96,88.0,1,1
A0A0L8G8M2,discarded,noncanonical,False,5,False,ref_PmTYR,0.396,3,core+cealign+floor_ok,4.63,85.3,1,0,0.48,96.5,1,1,0.32,95.9,1,1,0.48,97.5,1,1
A0A8H3A459,discarded,noncanonical,False,4,False,ref_2Y9W_Abisporus,0.395,2,core+cealign+floor_ok,2.11,40.5,0,0,0.87,67.0,1,0,0.45,95.5,1,1,0.95,89.7,1,1
A0AAE0U1Q5,discarded,noncanonical,False,4,False,ref_2Y9W_Abisporus,0.393,3,core+cealign+floor_ok,0.65,89.5,0,0,0.47,94.8,1,1,0.61,90.1,1,1,2.21,77.3,1,1
A0A1E1JSY2,discarded,noncanonical,False,4,False,ref_2Y9W_Abisporus,0.391,3,core+cealign+floor_ok,4.86,55.0,0,0,0.44,93.8,1,1,0.24,93.5,1,1,0.52,97.2,1,1
A0A9W9WQE3,discarded,noncanonical,False,5,False,ref_2Y9W_Abisporus,0.389,3,core+cealign+floor_ok,0.34,90.7,0,0,0.24,96.9,1,1,0.41,97.2,1,1,0.56,98.2,1,1
A0AA39CFY0,discarded,noncanonical,False,4,False,ref_2Y9W_Abisporus,0.389,2,core+cealign+floor_ok,1.28,68.5,1,0,0.34,51.6,1,0,0.38,88.1,1,1,0.54,93.0,1,1
A0A5B0S431,discarded,noncanonical,False,5,False,ref_PmTYR,0.387,3,core+cealign+floor_ok,0.58,93.9,1,1,0.27,96.3,1,1,0.34,89.8,1,1,0.85,62.3,1,0
A0A5B0PE42,discarded,noncanonical,False,5,False,ref_PmTYR,0.383,3,core+cealign+floor_ok,2.08,92.7,1,1,1.36,95.6,1,1,0.89,86.9,1,1,1.48,60.7,1,0
A0A9W6XBY7,discarded,noncanonical,False,1,False,ref_PmTYR,0.377,2,core+cealign+floor_ok,1.17,83.2,1,1,0.85,81.8,1,1,1.18,58.2,1,0,2.29,66.8,0,0
A0A8H3FVH9,discarded,noncanonical,False,3,False,ref_2Y9W_Abisporus,0.376,2,core+cealign+floor_ok,3.28,36.7,0,0,2.46,50.6,1,0,0.27,85.4,1,1,0.44,86.9,1,1
A0A2T9Y3X3,discarded,noncanonical,False,5,False,ref_PmTYR,0.373,3,core+cealign+floor_ok,0.27,83.0,1,1,0.41,84.1,1,1,0.46,63.7,1,0,0.38,89.8,1,1
A0A915Q146,discarded,noncanonical,False,4,False,ref_PmTYR,0.37,2,core+cealign+floor_ok,1.67,55.8,1,0,1.59,44.0,1,0,0.42,93.4,1,1,0.37,88.5,1,1
A0A0N4VKH8,discarded,noncanonical,False,4,False,ref_PmTYR,0.364,3,core+cealign+floor_ok,1.27,70.3,1,1,3.24,37.2,1,0,0.18,92.6,1,1,0.14,91.0,1,1
A0A395S427,discarded,noncanonical,False,4,False,ref_2Y9W_Abisporus,0.363,3,core+cealign+floor_ok,0.59,68.1,1,0,0.92,87.7,1,1,0.35,86.0,1,1,0.32,92.9,1,1
A0A0L0W3Q3,discarded,noncanonical,False,5,False,ref_PmTYR,0.355,3,core+cealign+floor_ok,3.39,91.7,1,1,1.73,92.5,1,1,2.17,77.8,1,1,2.2,66.7,1,0
D0ND81,discarded,noncanonical,False,4,False,ref_1BT3_Ibatatas,0.354,3,core+cealign+floor_ok,1.03,86.5,1,1,0.76,90.3,1,1,0.65,88.2,1,1,1.12,55.3,1,0
A0ABQ8R1M6,discarded,noncanonical,False,5,False,ref_2Y9W_Abisporus,0.35,3,core+cealign+floor_ok,0.33,91.7,0,0,0.44,96.4,1,1,0.26,94.6,1,1,0.42,97.8,1,1
A0A485KQE4,discarded,noncanonical,False,3,False,ref_1JS8_squid,0.343,3,core+cealign+floor_ok,2.33,93.6,0,0,1.04,98.8,1,1,0.61,98.4,1,1,0.47,98.9,1,1
A0A0U5GNJ7,discarded,noncanonical,False,5,False,ref_2Y9W_Abisporus,0.336,2,core+cealign+floor_ok,0.28,86.9,0,0,0.46,90.8,1,1,0.61,79.3,1,1,1.14,56.8,1,0
A0A3N4IPE1,discarded,noncanonical,False,5,False,ref_2Y9W_Abisporus,0.335,3,core+cealign+floor_ok,0.59,91.8,0,0,0.37,97.5,1,1,0.26,97.5,1,1,0.65,98.6,1,1
A0A2N6NRW3,discarded,noncanonical,False,3,False,ref_2Y9W_Abisporus,0.325,2,core+cealign+floor_ok,1.73,68.4,1,0,2.61,41.2,1,0,0.35,94.6,1,1,0.53,92.1,1,1
A0A2B7Y1Z4,discarded,noncanonical,False,4,False,ref_2Y9W_Abisporus,0.324,3,core+cealign+floor_ok,2.14,65.8,1,0,0.67,84.9,1,1,0.89,71.0,1,1,0.56,85.2,1,1
K1P4E2,discarded,noncanonical,False,4,False,ref_PmTYR,0.323,2,core+cealign+floor_ok,2.26,67.7,1,0,1.62,53.4,1,0,0.29,96.2,1,1,0.48,92.5,1,1
A0A0N4Y6D6,discarded,noncanonical,False,4,False,ref_PmTYR,0.315,2,core+cealign+floor_ok,1.25,60.1,1,0,0.61,53.4,1,0,0.4,90.7,1,1,0.51,89.8,1,1
K1RLR4,discarded,noncanonical,False,5,False,ref_PmTYR,0.261,3,core+cealign+floor_ok,5.48,83.8,1,0,0.31,98.1,1,1,0.09,98.7,1,1,0.06,98.7,1,1
A0A8W8K432,discarded,noncanonical,False,5,False,ref_PmTYR,0.258,3,core+cealign+floor_ok,5.66,81.0,1,0,0.17,98.2,1,1,0.12,98.6,1,1,0.05,98.8,1,1
F0YI85,discarded,noncanonical,False,5,False,ref_PmTYR,0.158,3,core+cealign+floor_ok,1.89,80.1,1,1,2.73,74.1,1,1,2.28,78.0,1,1,2.04,56.1,1,0
